{
  "qid": "0008-2",
  "video_id": "sj81PWrerDk",
  "video_path": "videos\\0008_sj81PWrerDk.mp4",
  "main_question": "Did the last person open the bottle without using a knife?",
  "sub_questions": "To better understand the video and answer the main question \"Did the last person open the bottle without using a knife?\", consider the following sub-questions:\n\n1. **What method did the last person use to open the bottle?**\n   - This sub-question aims to identify the specific technique or tool used by the last person to open the bottle.\n\n2. **Was there any visible use of a knife or similar sharp object in the process?**\n   - This sub-question helps to confirm whether a knife or any sharp object was used, which is crucial for answering the main question.\n\n3. **Did the last person encounter any difficulties while opening the bottle?**\n   - This sub-question can provide context about the ease or difficulty of the process, which might indicate the use of alternative methods or tools.",
  "annotations": {
    "frame_annotations": [
      {
        "timestamp": 0.0,
        "annotation": "A man is sitting at a table with a bottle of beer in front of him. He is looking at the bottle."
      },
      {
        "timestamp": 0.97,
        "annotation": "The man is holding a knife in his right hand, preparing to open the bottle."
      },
      {
        "timestamp": 1.94,
        "annotation": "The man is using the knife to open the bottle. The bottle cap is partially off."
      },
      {
        "timestamp": 2.91,
        "annotation": "The bottle is now open, and the man is removing the cap with his fingers."
      },
      {
        "timestamp": 3.88,
        "annotation": "The man has set the knife down and is holding the open bottle."
      },
      {
        "timestamp": 4.85,
        "annotation": "A woman is now in the frame, holding a bottle of beer. She is looking at the bottle."
      },
      {
        "timestamp": 5.82,
        "annotation": "The woman is twisting the cap off the bottle with her hands."
      },
      {
        "timestamp": 6.79,
        "annotation": "The woman has successfully opened the bottle without using a knife. She is holding the open bottle."
      },
      {
        "timestamp": 7.76,
        "annotation": "A man is sitting at a table with a bottle of Coca-Cola in front of him. He is holding a knife in his right hand, preparing to open the bottle."
      },
      {
        "timestamp": 8.72,
        "annotation": "The man is mimicking the action of opening the bottle with the knife, but he is not actually using it. He is smiling and appears to be joking around."
      }
    ],
    "whole_video_annotation": "The video depicts two separate scenes where individuals attempt to open bottles of beverages. In the first scene, a man uses a knife to open a bottle of beer, while in the second scene, a woman successfully opens a bottle of beer with her hands without using a knife. In the third scene, a man pretends to open a bottle of Coca-Cola with a knife but is clearly joking around and does not actually use the knife.\n\nThe last person in the video, the man with the Coca-Cola bottle, did not open the bottle with a knife; he was merely mimicking the action in a playful manner.",
    "annotations_summary": "The video consists of three scenes involving individuals and bottles of beverages:\n\n1. **First Scene (0.0s - 3.9s):** A man sits at a table with a bottle of beer. He uses a knife to open the bottle, successfully removing the cap with his fingers afterward.\n\n2. **Second Scene (4.8s - 6.8s):** A woman enters the frame with a bottle of beer. She opens the bottle by twisting the cap off with her hands, without using a knife.\n\n3. **Third Scene (7.8s - 8.7s):** Another man sits at a table with a bottle of Coca-Cola and a knife. He mimics the action of opening the bottle with the knife but is clearly joking around and does not actually use the knife to open it."
  }
}