{
  "qid": "0036-2",
  "video_id": "1SiTuYb506o",
  "video_path": "videos\\0036_1SiTuYb506o.mp4",
  "main_question": "Is the reason the machine cuts the zucchini so thinly because the blades are spinning at a high speed, creating a stroboscopic effect?",
  "sub_questions": "To better understand the video and address the main question, consider the following sub-questions:\n\n1. **What is the speed of the blades in the machine?**\n   - Understanding the blade speed will help determine if it is high enough to create a stroboscopic effect.\n\n2. **How does the machine's mechanism control the thickness of the zucchini slices?**\n   - This question can help identify if the thin slicing is due to the blade speed or other mechanical factors.\n\n3. **Is there any visual evidence of a stroboscopic effect in the video?**\n   - Observing the video for any blurring or rapid succession of images can indicate if a stroboscopic effect is present.\n\nThese sub-questions should help clarify whether the thin slicing of the zucchini is indeed due to a stroboscopic effect caused by high-speed blades.",
  "annotations": {
    "frame_annotations": [
      {
        "timestamp": 0.0,
        "annotation": "The image shows a machine with a green handle and a metal tray placed on the floor in front of it. The machine appears to be a type of food processor or slicer. There is a person partially visible on the left side of the image."
      },
      {
        "timestamp": 0.97,
        "annotation": "The person's hand is now visible, holding the green handle of the machine. The machine seems to be in operation, but no significant change is observed in the tray or the machine itself."
      },
      {
        "timestamp": 1.94,
        "annotation": "The person's hand is still holding the green handle, and the machine appears to be in the same state as the previous frame. No visible changes in the tray or the machine."
      },
      {
        "timestamp": 2.9,
        "annotation": "The person's hand is still in the same position, holding the green handle. The machine and the tray remain unchanged."
      },
      {
        "timestamp": 3.87,
        "annotation": "The person's hand is no longer visible in this frame. The machine and the tray appear to be in the same state as the previous frames."
      },
      {
        "timestamp": 4.84,
        "annotation": "The machine and the tray remain unchanged. No visible activity or changes are observed in this frame."
      },
      {
        "timestamp": 5.81,
        "annotation": "The machine and the tray are still in the same state. No noticeable changes or activity are observed."
      },
      {
        "timestamp": 6.77,
        "annotation": "The machine and the tray remain unchanged. No visible activity or changes are observed in this frame."
      },
      {
        "timestamp": 7.74,
        "annotation": "The machine and the tray are still in the same state. No noticeable changes or activity are observed."
      },
      {
        "timestamp": 8.71,
        "annotation": "The machine and the tray remain unchanged. No visible activity or changes are observed in this frame."
      },
      {
        "timestamp": 9.68,
        "annotation": "The machine is stationary with its front cover open. A tray is placed on the floor in front of the machine. No visible activity or changes are observed in this frame."
      },
      {
        "timestamp": 10.64,
        "annotation": "The machine remains stationary. No visible activity or changes are observed in this frame."
      },
      {
        "timestamp": 11.61,
        "annotation": "The machine starts to slice a zucchini. A single slice of zucchini is visible exiting the machine."
      },
      {
        "timestamp": 12.58,
        "annotation": "Multiple slices of zucchini are now visible exiting the machine and falling onto the tray."
      },
      {
        "timestamp": 13.55,
        "annotation": "More slices of zucchini continue to be produced and fall onto the tray. The tray is beginning to fill up with zucchini slices."
      },
      {
        "timestamp": 14.51,
        "annotation": "The slicing process continues with a steady stream of zucchini slices falling onto the tray."
      },
      {
        "timestamp": 15.48,
        "annotation": "The tray is now more filled with zucchini slices. The slicing process is ongoing."
      },
      {
        "timestamp": 16.45,
        "annotation": "The tray is nearly full of zucchini slices. The slicing process is still in progress."
      },
      {
        "timestamp": 17.42,
        "annotation": "The tray is almost completely filled with zucchini slices. The slicing process appears to be nearing completion."
      }
    ],
    "whole_video_annotation": "The video depicts a person operating a food processor or slicer machine. Initially, the machine is stationary with its front cover open, and a tray is placed on the floor in front of it. The person is seen holding a green handle on the machine, but no significant activity occurs during the first few seconds. Starting from around the 11.61-second mark, the machine begins slicing a zucchini, producing thin slices that fall onto the tray. The slicing process continues steadily, filling the tray with zucchini slices until it is nearly full by the end of the video.\n\nRegarding the user's question about the thinness of the zucchini slices, the video does not provide clear visual evidence of the blades or their speed. Therefore, it is not possible to confirm whether the thin slices are due to high-speed spinning blades creating a stroboscopic effect based solely on the provided frames. Additional information or a different perspective of the machine's operation would be needed to address this specific query.",
    "annotations_summary": "The video shows a person operating a food processor or slicer machine. Initially, the machine is stationary with its front cover open, and a tray is placed on the floor in front of it. The person holds a green handle on the machine, but no significant activity occurs for the first 11.6 seconds. Starting from the 11.6-second mark, the machine begins slicing a zucchini, producing thin slices that fall onto the tray. The slicing process continues steadily, filling the tray with zucchini slices until it is nearly full by the end of the video. The video does not provide clear visual evidence of the blades or their speed, so it is not possible to confirm whether the thin slices are due to high-speed spinning blades creating a stroboscopic effect."
  }
}