{
  "qid": "0070-2",
  "video_id": "MSkL7A2yyOY",
  "video_path": "videos\\0070_MSkL7A2yyOY.mp4",
  "main_question": "Did the person in the video pour the water twice?",
  "sub_questions": "To better understand the video and answer the main question \"Did the person in the video pour the water twice?\", consider the following sub-questions:\n\n1. **How many distinct pouring actions are visible in the video?**\n   - This will help determine if there were multiple instances of pouring water.\n\n2. **Are there any pauses or interruptions between the pouring actions?**\n   - This can indicate whether the pouring was done in separate instances or continuously.\n\n3. **Does the video show the person returning to the source of the water more than once?**\n   - This can provide context on whether the pouring actions were repeated.",
  "annotations": {
    "frame_annotations": [
      {
        "timestamp": 0.0,
        "annotation": "A person is holding a green M&M mug in their right hand and a black mug in their left hand. The person is wearing a blue t-shirt with a cartoon character on it. The background includes some decorative elements and a shelf with various items."
      },
      {
        "timestamp": 1.0,
        "annotation": "The person tilts the green M&M mug slightly, beginning to pour its contents into the black mug. No significant change in the background or other elements."
      },
      {
        "timestamp": 2.0,
        "annotation": "The pouring action continues. The person's expression and posture remain consistent with the previous frame."
      },
      {
        "timestamp": 3.0,
        "annotation": "The pouring action is still in progress. The black mug starts to fill with the contents from the green M&M mug."
      },
      {
        "timestamp": 4.0,
        "annotation": "The pouring action is nearing completion. The black mug is almost full. The person's focus is on the pouring action."
      },
      {
        "timestamp": 5.0,
        "annotation": "The person stops pouring and lifts the green M&M mug up, finishing the pouring action. The black mug is now full. The person's expression changes slightly, possibly indicating satisfaction or completion."
      },
      {
        "timestamp": 6.0,
        "annotation": "The person tilts the green M&M mug again, starting to pour its contents into the black mug for a second time. The black mug is already full from the previous pour."
      },
      {
        "timestamp": 7.0,
        "annotation": "The pouring action continues. The person's expression and posture remain consistent with the previous frame."
      },
      {
        "timestamp": 8.0,
        "annotation": "The pouring action is still in progress. The black mug starts to overflow with the contents from the green M&M mug."
      },
      {
        "timestamp": 9.0,
        "annotation": "The person stops pouring and lifts the green M&M mug up, finishing the second pouring action. The black mug is overflowing. The person's expression changes slightly, possibly indicating surprise or amusement."
      },
      {
        "timestamp": 10.0,
        "annotation": "The person is holding a green M&M mug and has just finished pouring water into a black mug, which is overflowing. The person's expression shows surprise or amusement."
      },
      {
        "timestamp": 11.0,
        "annotation": "The person is still holding the green M&M mug above the black mug. The black mug is still overflowing with water. The person's expression remains the same, showing surprise or amusement."
      },
      {
        "timestamp": 12.0,
        "annotation": "The person is lifting the green M&M mug up higher, away from the black mug. The black mug continues to overflow with water. The person's expression of surprise or amusement persists."
      }
    ],
    "whole_video_annotation": "In the video, a person is seen pouring the contents of a green M&M mug into a black mug. Initially, the black mug fills up completely. The person then attempts to pour more from the green M&M mug into the already full black mug, causing it to overflow. The person's expressions change from focus during the pouring to surprise or amusement as the black mug overflows.",
    "annotations_summary": "The video shows a person pouring the contents of a green M&M mug into a black mug. The person is wearing a blue t-shirt with a cartoon character. Initially, the black mug fills up completely. The person then continues to pour from the green M&M mug into the already full black mug, causing it to overflow. Throughout the video, the person's expressions change from focused during the pouring to surprise or amusement as the black mug overflows. The background remains consistent, featuring some decorative elements and a shelf with various items."
  }
}