{
  "qid": "0083-2",
  "video_id": "Z-x3kXiyOFc",
  "video_path": "videos\\0083_Z-x3kXiyOFc.mp4",
  "main_question": "Is the daughter trying to uncover her mother's true feelings about the pet dog by entering the room multiple times?",
  "sub_questions": "To better understand the video and address the main question, consider the following sub-questions:\n\n1. **What is the daughter's behavior like each time she enters the room?**\n   - Does she approach her mother directly, or does she observe from a distance?\n   - Does her behavior change with each entry?\n\n2. **How does the mother react when the daughter enters the room?**\n   - Does the mother acknowledge the daughter's presence, and if so, how?\n   - Are there any noticeable changes in the mother's demeanor or interactions with the pet dog when the daughter is present?\n\n3. **Are there any specific interactions between the daughter, the mother, and the pet dog that stand out?**\n   - Does the daughter attempt to engage with the pet dog in the mother's presence?\n   - Are there any verbal or non-verbal cues from the mother that might indicate her true feelings about the pet dog?",
  "annotations": {
    "frame_annotations": [
      {
        "timestamp": 0.0,
        "annotation": "A young woman is standing in a hallway. She is wearing a white sweatshirt with colorful stripes and gray pants. The text on the image reads 'ASIAN MUMS WHEN YOU GET A PET' and 'MUM!!!'."
      },
      {
        "timestamp": 1.0,
        "annotation": "The young woman is now seen walking towards the camera with a playful expression. The text on the image reads 'GUESS WHAT?!'."
      },
      {
        "timestamp": 2.0,
        "annotation": "The young woman is holding a white dog in her arms. She is smiling and looking at the dog. The text on the image reads 'I GOT A DOG!!!'."
      },
      {
        "timestamp": 3.0,
        "annotation": "An older woman is sitting in a chair in a well-lit room with wooden furniture. She is wearing a red outfit and appears to be reacting with surprise or disapproval. The text on the image reads 'WHY YOU BRING ANIMAL'."
      },
      {
        "timestamp": 4.0,
        "annotation": "The older woman continues to express her surprise or disapproval, with her hand covering her mouth. The text on the image reads 'INTO MY HOUSE?!'."
      },
      {
        "timestamp": 5.0,
        "annotation": "The older woman is seen sneezing, possibly indicating an allergic reaction. The text on the image reads 'ACHOO!!!'."
      },
      {
        "timestamp": 6.0,
        "annotation": "The young woman is kneeling down, petting the dog, and looking at the camera with a pleading expression. The text on the image reads 'BUT MUM!!!'."
      },
      {
        "timestamp": 7.0,
        "annotation": "The young woman is smiling and interacting with the dog, saying 'She's so cute!!!'."
      },
      {
        "timestamp": 8.0,
        "annotation": "The young woman continues to interact with the dog, repeating 'She's so cute!!!'."
      },
      {
        "timestamp": 9.0,
        "annotation": "The older woman is seen again, this time with a more stern expression, pointing away and saying 'GO TO YOUR ROOM!!!'."
      },
      {
        "timestamp": 10.0,
        "annotation": "The older woman is still pointing away sternly, maintaining the same expression and posture. She continues to say 'GO TO YOUR ROOM!!!'."
      },
      {
        "timestamp": 11.0,
        "annotation": "The older woman's expression and posture remain unchanged. She is still pointing away and saying 'GO TO YOUR ROOM!!!'."
      },
      {
        "timestamp": 12.0,
        "annotation": "The older woman continues to point away with a stern expression, repeating 'GO TO YOUR ROOM!!!'."
      },
      {
        "timestamp": 13.0,
        "annotation": "The older woman's stern expression and pointing gesture persist. She is still saying 'GO TO YOUR ROOM!!!'."
      },
      {
        "timestamp": 14.0,
        "annotation": "The older woman maintains her stern expression and pointing gesture, continuing to say 'GO TO YOUR ROOM!!!'."
      },
      {
        "timestamp": 15.0,
        "annotation": "The older woman's expression and posture remain the same. She is still pointing away and saying 'GO TO YOUR ROOM!!!'."
      },
      {
        "timestamp": 16.0,
        "annotation": "The older woman continues to point away with a stern expression, repeating 'GO TO YOUR ROOM!!!'."
      },
      {
        "timestamp": 17.0,
        "annotation": "The older woman's stern expression and pointing gesture persist. She is still saying 'GO TO YOUR ROOM!!!'."
      },
      {
        "timestamp": 18.0,
        "annotation": "The older woman maintains her stern expression and pointing gesture, continuing to say 'GO TO YOUR ROOM!!!'."
      },
      {
        "timestamp": 19.0,
        "annotation": "The older woman's expression and posture remain the same. She is still pointing away and saying 'GO TO YOUR ROOM!!!'."
      },
      {
        "timestamp": 20.0,
        "annotation": "The older woman is sitting on a chair, holding a broom and pointing it at a small white dog. She appears to be scolding the dog with a stern expression and the text 'SHOO' is displayed."
      },
      {
        "timestamp": 21.0,
        "annotation": "The older woman's expression remains stern as she continues to point the broom at the dog. The text 'Don't you dare' is now displayed, indicating she is warning the dog."
      },
      {
        "timestamp": 22.0,
        "annotation": "The older woman's posture and expression are unchanged. She is still pointing the broom at the dog with a serious look. The text 'I WILL COOK YOU!!' is displayed, suggesting a playful threat."
      },
      {
        "timestamp": 23.0,
        "annotation": "The older woman is now kneeling on the floor, petting the small white dog. The text 'When you grow up' is displayed, indicating she is talking to the dog affectionately."
      },
      {
        "timestamp": 24.0,
        "annotation": "The older woman continues to pet the dog while looking at it with a soft expression. The text 'you must become a' is displayed, suggesting she is giving the dog instructions or wishes."
      },
      {
        "timestamp": 25.0,
        "annotation": "The older woman is still petting the dog, and the text 'okay?' is displayed, as if seeking confirmation or agreement from the dog."
      },
      {
        "timestamp": 26.0,
        "annotation": "A younger woman is seen entering a room through a doorway. She has a surprised or playful expression on her face, and the text 'Daheck?!!' is displayed."
      },
      {
        "timestamp": 27.0,
        "annotation": "The younger woman is now fully in the room, looking towards the older woman and the dog. She has an amused or shocked expression, and the text 'AHA!!!' is displayed."
      },
      {
        "timestamp": 28.0,
        "annotation": "The younger woman's expression and posture remain the same as she continues to look at the older woman and the dog. There is no new text displayed."
      },
      {
        "timestamp": 29.0,
        "annotation": "The younger woman's expression and posture remain the same. She is still looking at the older woman and the dog with a surprised or playful look. There is no new text displayed."
      },
      {
        "timestamp": 30.0,
        "annotation": "The younger woman is still looking at the older woman and the dog with a surprised or playful look. The older woman is holding the dog and appears to be interacting with it. The text 'Don't be stupid like AH GIRL' is displayed."
      },
      {
        "timestamp": 31.0,
        "annotation": "The younger woman's expression and posture remain the same. The older woman continues to hold the dog, and the text 'Don't be stupid like AH GIRL' is still displayed."
      },
      {
        "timestamp": 32.0,
        "annotation": "The younger woman's expression and posture remain the same. The older woman continues to hold the dog, and the text 'Don't be stupid like AH GIRL' is still displayed."
      },
      {
        "timestamp": 33.0,
        "annotation": "The younger woman's expression and posture remain the same. The older woman continues to hold the dog, and the text 'Don't be stupid like AH GIRL' is still displayed."
      },
      {
        "timestamp": 34.0,
        "annotation": "The younger woman's expression and posture remain the same. The older woman continues to hold the dog, and the text 'Don't be stupid like AH GIRL' is still displayed."
      },
      {
        "timestamp": 35.0,
        "annotation": "The younger woman's expression and posture remain the same. The older woman continues to hold the dog, and the text 'Don't be stupid like AH GIRL' is still displayed."
      },
      {
        "timestamp": 36.0,
        "annotation": "The younger woman's expression and posture remain the same. The older woman continues to hold the dog, and the text 'Don't be stupid like AH GIRL' is still displayed."
      },
      {
        "timestamp": 37.0,
        "annotation": "The younger woman's expression and posture remain the same. The older woman continues to hold the dog, and the text 'Don't be stupid like AH GIRL' is still displayed."
      },
      {
        "timestamp": 38.0,
        "annotation": "The younger woman's expression and posture remain the same. The older woman continues to hold the dog, and the text 'Don't be stupid like AH GIRL' is still displayed."
      },
      {
        "timestamp": 39.0,
        "annotation": "The younger woman's expression and posture remain the same. The older woman continues to hold the dog, and the text 'Don't be stupid like AH GIRL' is still displayed."
      },
      {
        "timestamp": 40.0,
        "annotation": "The younger woman is entering a room, looking surprised or playful. The older woman is not visible in this frame."
      },
      {
        "timestamp": 41.0,
        "annotation": "The younger woman is now fully in the room, pointing at something or someone off-frame. The text 'CAUGHT YOU!!' is displayed, indicating she is playfully catching someone off guard. No visible change in the older woman's position or expression."
      },
      {
        "timestamp": 42.0,
        "annotation": "The scene changes to an older woman holding a dog dressed in a medical outfit. The text 'favourite child' is displayed, suggesting a humorous comparison between the dog and a human child. This is a significant change from the previous frames, shifting the setting and characters."
      },
      {
        "timestamp": 43.0,
        "annotation": "The same scene continues with the older woman and the dog. The text remains the same, emphasizing the humorous comparison. No noticeable change from the previous frame."
      }
    ],
    "whole_video_annotation": "The video appears to be a humorous skit involving a young woman, her mother, and a small white dog. Here's a general description of what is happening:\n\nThe young woman excitedly introduces her new pet dog to her mother, who initially reacts with surprise, disapproval, and even a hint of allergy (sneezing). The mother repeatedly tells the daughter to \"Go to your room,\" but eventually, she softens and starts interacting affectionately with the dog. Later, the daughter enters the room multiple times, seemingly trying to catch her mother in a moment of affection or to uncover her true feelings about the dog. The video ends with a humorous scene where the mother is seen holding the dog dressed in a medical outfit, with the text \"favourite child\" displayed, suggesting a playful comparison between the dog and a human child.\n\nThe daughter's repeated entries into the room could indeed be interpreted as an attempt to uncover her mother's true feelings about the pet dog, adding a layer of humor and tension to the skit.",
    "annotations_summary": "The video is a humorous skit featuring a young woman, her mother, and a small white dog. The young woman excitedly brings home a new pet dog, initially surprising and displeasing her mother, who reacts with surprise, disapproval, and even sneezes, suggesting an allergic reaction. The mother repeatedly tells her daughter to \"Go to your room,\" but eventually warms up to the dog, petting it affectionately. The daughter repeatedly enters the room, seemingly trying to catch her mother in a tender moment with the dog. The video concludes with a humorous scene where the mother holds the dog dressed in a medical outfit, with the text \"favourite child\" displayed, playfully comparing the dog to a human child."
  }
}