{
  "qid": "0083-3",
  "video_id": "Z-x3kXiyOFc",
  "video_path": "videos\\0083_Z-x3kXiyOFc.mp4",
  "main_question": "Does the video show the daughter repeatedly entering the room to announce the pet dog, highlighting cultural differences?",
  "sub_questions": "To better understand the video in relation to the main question, consider the following sub-questions:\n\n1. **What is the cultural context of the video?**\n   - Understanding the cultural background can help identify any cultural differences that might be highlighted in the video.\n\n2. **How many times does the daughter enter the room to announce the pet dog?**\n   - This sub-question helps to confirm if the action is indeed repeated, as mentioned in the main question.\n\n3. **What is the reaction of the other people in the room each time the daughter announces the pet dog?**\n   - The reactions of others can provide insights into whether cultural differences are being highlighted or not.\n\nThese sub-questions should help clarify the details of the video and provide a better understanding of the main question.",
  "annotations": {
    "frame_annotations": [
      {
        "timestamp": 0.0,
        "annotation": "A young woman is standing in a hallway. The text on the image reads 'ASIAN MUMS WHEN YOU GET A PET' and 'MUM!!!'."
      },
      {
        "timestamp": 1.0,
        "annotation": "The young woman is now leaning forward slightly with a playful expression. The text on the image reads 'ASIAN MUMS WHEN YOU GET A PET' and 'GUESS WHAT?!'."
      },
      {
        "timestamp": 2.0,
        "annotation": "The young woman is holding a white dog. The text on the image reads 'I GOT A DOG!!!'."
      },
      {
        "timestamp": 3.0,
        "annotation": "An older woman is sitting in a chair in a brightly lit room. The text on the image reads 'WHY YOU BRING ANIMAL'."
      },
      {
        "timestamp": 4.0,
        "annotation": "The older woman is gesturing with her hands, appearing surprised or dismayed. The text on the image reads 'INTO MY HOUSE?!'."
      },
      {
        "timestamp": 5.0,
        "annotation": "The older woman is pretending to sneeze, with her arm raised. The text on the image reads 'ACHOO!!!'."
      },
      {
        "timestamp": 6.0,
        "annotation": "The young woman is kneeling down, petting the white dog. The text on the image reads 'BUT MUM!!!'."
      },
      {
        "timestamp": 7.0,
        "annotation": "The young woman is smiling and looking at the dog, with the text 'She's so cute!!!' displayed."
      },
      {
        "timestamp": 8.0,
        "annotation": "The young woman continues to pet the dog, with the same text 'She's so cute!!!' displayed."
      },
      {
        "timestamp": 9.0,
        "annotation": "The older woman is sitting in a chair, gesturing with her hands. The text on the image reads 'GO TO YOUR ROOM!!!'."
      },
      {
        "timestamp": 10.0,
        "annotation": "The older woman is sitting in a chair, gesturing with her hands. The text on the image reads 'YOU WASTE SPACE AND MONEY!!!'. No noticeable change from the previous frame."
      },
      {
        "timestamp": 11.0,
        "annotation": "The older woman is still sitting in a chair, gesturing with her hands. The text on the image remains 'YOU WASTE SPACE AND MONEY!!!'. No noticeable change from the previous frame."
      },
      {
        "timestamp": 12.0,
        "annotation": "The older woman continues to sit in the chair, gesturing with her hands. The text on the image is still 'YOU WASTE SPACE AND MONEY!!!'. No noticeable change from the previous frame."
      },
      {
        "timestamp": 13.0,
        "annotation": "The older woman remains seated, gesturing with her hands. The text on the image is unchanged, reading 'YOU WASTE SPACE AND MONEY!!!'. No noticeable change from the previous frame."
      },
      {
        "timestamp": 14.0,
        "annotation": "The older woman is still in the chair, gesturing with her hands. The text on the image continues to read 'YOU WASTE SPACE AND MONEY!!!'. No noticeable change from the previous frame."
      },
      {
        "timestamp": 15.0,
        "annotation": "The older woman is seated, gesturing with her hands. The text on the image is still 'YOU WASTE SPACE AND MONEY!!!'. No noticeable change from the previous frame."
      },
      {
        "timestamp": 16.0,
        "annotation": "The older woman is sitting in a chair, gesturing with her hands. The text on the image remains 'YOU WASTE SPACE AND MONEY!!!'. No noticeable change from the previous frame."
      },
      {
        "timestamp": 17.0,
        "annotation": "The older woman is still seated, gesturing with her hands. The text on the image is unchanged, reading 'YOU WASTE SPACE AND MONEY!!!'. No noticeable change from the previous frame."
      },
      {
        "timestamp": 18.0,
        "annotation": "The older woman continues to sit in the chair, gesturing with her hands. The text on the image is still 'YOU WASTE SPACE AND MONEY!!!'. No noticeable change from the previous frame."
      },
      {
        "timestamp": 19.0,
        "annotation": "The older woman is seated, gesturing with her hands. The text on the image remains 'YOU WASTE SPACE AND MONEY!!!'. No noticeable change from the previous frame."
      },
      {
        "timestamp": 20.0,
        "annotation": "The older woman is seated, gesturing with her hands. The text on the image remains 'YOU WASTE SPACE AND MONEY!!!'. No noticeable change from the previous frame."
      },
      {
        "timestamp": 21.0,
        "annotation": "The older woman is seated, gesturing with her hands. The text on the image remains 'YOU WASTE SPACE AND MONEY!!!'. No noticeable change from the previous frame."
      },
      {
        "timestamp": 22.0,
        "annotation": "The older woman is seated, gesturing with her hands. The text on the image remains 'YOU WASTE SPACE AND MONEY!!!'. No noticeable change from the previous frame."
      },
      {
        "timestamp": 23.0,
        "annotation": "The older woman is seated, gesturing with her hands. The text on the image remains 'YOU WASTE SPACE AND MONEY!!!'. No noticeable change from the previous frame."
      },
      {
        "timestamp": 24.0,
        "annotation": "The older woman is seated, gesturing with her hands. The text on the image remains 'YOU WASTE SPACE AND MONEY!!!'. No noticeable change from the previous frame."
      },
      {
        "timestamp": 25.0,
        "annotation": "The older woman is seated, gesturing with her hands. The text on the image remains 'YOU WASTE SPACE AND MONEY!!!'. No noticeable change from the previous frame."
      },
      {
        "timestamp": 26.0,
        "annotation": "The older woman is seated, gesturing with her hands. The text on the image remains 'YOU WASTE SPACE AND MONEY!!!'. No noticeable change from the previous frame."
      },
      {
        "timestamp": 27.0,
        "annotation": "A young woman enters the room through a doorway. She is wearing a colorful striped sweater and gray pants. The text on the image reads 'AHA!!!'."
      },
      {
        "timestamp": 28.0,
        "annotation": "The young woman is still in the doorway, looking surprised or excited. The text on the image reads 'Daheck?!'."
      },
      {
        "timestamp": 29.0,
        "annotation": "The young woman is now in the room, standing near a seated older woman who is holding a broom. The older woman is wearing a red outfit. The text on the image reads 'I WILL COOK YOU!!!'."
      },
      {
        "timestamp": 30.0,
        "annotation": "The young woman is now in the room, standing near a seated older woman who is holding a broom. The older woman is wearing a red outfit. The text on the image reads 'Don't be stupid like AH GIRL'."
      },
      {
        "timestamp": 31.0,
        "annotation": "The young woman is now in the room, standing near a seated older woman who is holding a broom. The older woman is wearing a red outfit. The text on the image reads 'Don't be stupid like AH GIRL'."
      },
      {
        "timestamp": 32.0,
        "annotation": "The young woman is now in the room, standing near a seated older woman who is holding a broom. The older woman is wearing a red outfit. The text on the image reads 'Don't be stupid like AH GIRL'."
      },
      {
        "timestamp": 33.0,
        "annotation": "The young woman is now in the room, standing near a seated older woman who is holding a broom. The older woman is wearing a red outfit. The text on the image reads 'Heard what?!'."
      },
      {
        "timestamp": 34.0,
        "annotation": "The young woman is now in the room, standing near a seated older woman who is holding a broom. The older woman is wearing a red outfit. The text on the image reads 'Y-you stay away ah!!'."
      },
      {
        "timestamp": 35.0,
        "annotation": "The young woman is now in the room, standing near a seated older woman who is holding a broom. The older woman is wearing a red outfit. The text on the image reads '*Am I hearing things?*'."
      },
      {
        "timestamp": 36.0,
        "annotation": "The young woman is standing in a doorway, holding a lightbulb above her head. She is wearing a colorful striped sweater and gray pants. The text on the image reads 'I'm going!!!'."
      },
      {
        "timestamp": 37.0,
        "annotation": "The young woman is standing in a doorway, holding a lightbulb above her head. She is wearing a colorful striped sweater and gray pants. The text on the image reads '*pretends to close door*'"
      },
      {
        "timestamp": 38.0,
        "annotation": "The young woman is standing in a doorway, holding a lightbulb above her head. She is wearing a colorful striped sweater and gray pants. The text on the image reads '*pretends to close door*'"
      },
      {
        "timestamp": 39.0,
        "annotation": "The young woman is standing in a doorway, holding a lightbulb above her head. She is wearing a colorful striped sweater and gray pants."
      },
      {
        "timestamp": 40.0,
        "annotation": "The young woman is standing in a doorway, holding a lightbulb above her head. She is wearing a colorful striped sweater and gray pants. She appears to be looking directly at the camera with a playful expression."
      },
      {
        "timestamp": 41.0,
        "annotation": "The young woman is still standing in the doorway, holding the lightbulb above her head. She is now making a surprised or exaggerated expression, possibly saying something. The text 'CAUGHT YOU!!' appears on the screen."
      },
      {
        "timestamp": 42.0,
        "annotation": "The scene has changed to an outdoor setting with a woman in a red outfit and glasses standing next to a dog in a medical costume. The background features a building with banners. The woman is giving a thumbs-up sign."
      },
      {
        "timestamp": 43.0,
        "annotation": "The same outdoor scene continues with the woman and the dog. The text 'favourite child' appears on the screen, and the woman is smiling broadly."
      }
    ],
    "whole_video_annotation": "The video appears to be a humorous skit that plays on cultural stereotypes, specifically focusing on the reactions of an Asian mother to her daughter bringing home a pet dog. Here's a brief description of what happens:\n\n1. **Introduction**: The daughter excitedly announces to her mother that she has gotten a pet dog.\n2. **Mother's Reaction**: The mother expresses surprise and dismay, questioning why the daughter brought an animal into the house and complaining about the space and money the dog will waste.\n3. **Daughter's Persistence**: The daughter tries to convince her mother that the dog is cute and lovable.\n4. **Mother's Threats**: The mother becomes more animated, threatening to \"cook\" the daughter and warning her not to be stupid like \"AH GIRL.\"\n5. **Daughter's Departure**: The daughter pretends to leave the room but then playfully \"catches\" her mother in a humorous moment.\n6. **Conclusion**: The scene shifts to an outdoor setting where a woman (presumably the daughter) is with the dog, giving a thumbs-up and smiling, with the text \"favourite child\" appearing on the screen.\n\nThe video uses exaggerated expressions and text overlays to emphasize the cultural differences and the mother's strong reactions to the daughter's actions.",
    "annotations_summary": "The video is a humorous skit that plays on cultural stereotypes, particularly focusing on the reactions of an Asian mother when her daughter brings home a pet dog. Here's a brief summary:\n\n1. **Introduction (0.0s - 2.0s)**:\n   - The daughter excitedly announces to her mother that she has gotten a pet dog, holding the dog and showing it to her mother.\n\n2. **Mother's Reaction (3.0s - 26.0s)**:\n   - The mother expresses surprise and dismay, questioning why the daughter brought an animal into the house and complaining about the space and money the dog will waste. She gestures animatedly and pretends to sneeze.\n\n3. **Daughter's Persistence (6.0s - 8.0s)**:\n   - The daughter tries to convince her mother that the dog is cute and lovable, smiling and petting the dog.\n\n4. **Mother's Threats (27.0s - 35.0s)**:\n   - The mother becomes more animated, threatening to \"cook\" the daughter and warning her not to be stupid. She holds a broom and continues to gesture aggressively.\n\n5. **Daughter's Departure (36.0s - 41.0s)**:\n   - The daughter pretends to leave the room but then playfully \"catches\" her mother in a humorous moment, holding a lightbulb above her head and making exaggerated expressions.\n\n6. **Conclusion (42.0s - 43.0s)**:\n   - The scene shifts to an outdoor setting where the daughter is with the dog, giving a thumbs-up and smiling. The text \"favourite child\" appears on the screen, emphasizing the humorous resolution.\n\nThe video uses exaggerated expressions and text overlays to emphasize the cultural differences and the mother's strong reactions to the daughter's actions."
  }
}