{
  "qid": "0083-7",
  "video_id": "Z-x3kXiyOFc",
  "video_path": "videos\\0083_Z-x3kXiyOFc.mp4",
  "main_question": "Why does the daughter enter the room several times?\nA. To announce the pet dog.\nB. To show excitement about the pet.\nC. To emphasize cultural differences.\nD. To check if her mother is two-faced about the dog.",
  "sub_questions": "To better understand why the daughter enters the room several times, consider the following sub-questions:\n\n1. **What is the daughter's demeanor and body language each time she enters the room?**\n   - Does she appear excited, nervous, or indifferent?\n   - Does her body language suggest she is trying to convey a specific message or emotion?\n\n2. **What are the interactions like between the daughter and her mother each time she enters the room?**\n   - Does the mother react differently each time?\n   - Are there any specific conversations or exchanges that hint at the daughter's motivations?\n\n3. **Are there any visual or auditory cues that indicate the presence or absence of the pet dog?**\n   - Does the daughter mention the dog or make gestures that suggest she is thinking about the dog?\n   - Are there any sounds or visuals that confirm the dog's presence or absence in the room?",
  "annotations": {
    "frame_annotations": [
      {
        "timestamp": 0.0,
        "annotation": "A young woman is standing in a hallway. She is wearing a colorful striped sweater and gray pants. The text on the image reads 'ASIAN MUMS WHEN YOU GET A PET' and 'MUM!!!'."
      },
      {
        "timestamp": 1.0,
        "annotation": "The young woman is now in a slightly different pose, with her mouth open as if she is about to speak. The text on the image reads 'ASIAN MUMS WHEN YOU GET A PET' and 'GUESS WHAT?!'."
      },
      {
        "timestamp": 2.0,
        "annotation": "The young woman is holding a white dog. She is smiling and looking at the dog. The text on the image reads 'I GOT A DOG!!!'."
      },
      {
        "timestamp": 3.0,
        "annotation": "An older woman is sitting in a chair in a brightly lit room. She is wearing a red outfit and appears to be reacting with surprise or disapproval. The text on the image reads 'WHY YOU BRING ANIMAL'."
      },
      {
        "timestamp": 4.0,
        "annotation": "The older woman is still sitting in the chair, but her expression has changed slightly. The text on the image reads 'INTO MY HOUSE?!'."
      },
      {
        "timestamp": 5.0,
        "annotation": "The older woman is covering her mouth with her hand, appearing to sneeze. The text on the image reads 'ACHOO!!!'."
      },
      {
        "timestamp": 6.0,
        "annotation": "The young woman is kneeling down, petting the white dog. She is looking at the dog with a smile. The text on the image reads 'BUT MUM!!!'."
      },
      {
        "timestamp": 7.0,
        "annotation": "The young woman is still kneeling down, petting the dog. The text on the image reads 'She's so cute!!!'."
      },
      {
        "timestamp": 8.0,
        "annotation": "The young woman is still in the same position, petting the dog. The text on the image reads 'She's so cute!!!'."
      },
      {
        "timestamp": 9.0,
        "annotation": "The older woman is sitting in the chair, gesturing with her hand. The text on the image reads 'GO TO YOUR ROOM!!!'."
      },
      {
        "timestamp": 10.0,
        "annotation": "The older woman is sitting in the chair, gesturing with her hand. The text on the image reads 'YOU WASTE SPACE AND MONEY!!!'."
      },
      {
        "timestamp": 11.0,
        "annotation": "The younger woman enters the room, looking upset. The text on the image reads 'URGH!!!'."
      },
      {
        "timestamp": 12.0,
        "annotation": "The younger woman is standing in the room, looking slightly more composed. The text on the image reads 'FINE...'."
      },
      {
        "timestamp": 13.0,
        "annotation": "The younger woman is standing in the room, looking at the camera with a neutral expression."
      },
      {
        "timestamp": 14.0,
        "annotation": "The younger woman is standing in the room, looking at the camera with a puzzled expression. The text on the image reads '??'."
      },
      {
        "timestamp": 15.0,
        "annotation": "The younger woman is whispering into the ear of a framed picture on the wall. The text on the image reads '??!'."
      },
      {
        "timestamp": 16.0,
        "annotation": "The younger woman is whispering into the ear of a framed picture on the wall. The text on the image reads '??!'."
      },
      {
        "timestamp": 17.0,
        "annotation": "The younger woman is whispering into the ear of a framed picture on the wall. The text on the image reads '??!'."
      },
      {
        "timestamp": 18.0,
        "annotation": "The younger woman is sitting on the floor, feeding a small white dog. The text on the image reads 'Come must eat more okay!!!'."
      },
      {
        "timestamp": 19.0,
        "annotation": "The younger woman is sitting on the floor, feeding a small white dog. The text on the image reads 'Eat nice nice!!!'."
      },
      {
        "timestamp": 20.0,
        "annotation": "The younger woman is sitting on the floor, feeding a small white dog. The text on the image reads 'Eat nice nice!!!'."
      },
      {
        "timestamp": 21.0,
        "annotation": "The younger woman continues to feed the small white dog. The scene is the same as the previous frame."
      },
      {
        "timestamp": 22.0,
        "annotation": "The younger woman is still feeding the small white dog. No noticeable change from the previous frame."
      },
      {
        "timestamp": 23.0,
        "annotation": "The younger woman is still feeding the small white dog. No noticeable change from the previous frame."
      },
      {
        "timestamp": 24.0,
        "annotation": "The younger woman is still feeding the small white dog. No noticeable change from the previous frame."
      },
      {
        "timestamp": 25.0,
        "annotation": "The younger woman is still feeding the small white dog. No noticeable change from the previous frame."
      },
      {
        "timestamp": 26.0,
        "annotation": "The younger woman is still feeding the small white dog. No noticeable change from the previous frame."
      },
      {
        "timestamp": 27.0,
        "annotation": "The younger woman is still feeding the small white dog. No noticeable change from the previous frame."
      },
      {
        "timestamp": 28.0,
        "annotation": "The younger woman is still feeding the small white dog. No noticeable change from the previous frame."
      },
      {
        "timestamp": 29.0,
        "annotation": "The younger woman is still feeding the small white dog. No noticeable change from the previous frame."
      },
      {
        "timestamp": 30.0,
        "annotation": "The younger woman is still feeding the small white dog. No noticeable change from the previous frame."
      },
      {
        "timestamp": 31.0,
        "annotation": "The younger woman is still feeding the small white dog. No noticeable change from the previous frame."
      },
      {
        "timestamp": 32.0,
        "annotation": "The younger woman is still feeding the small white dog. No noticeable change from the previous frame."
      },
      {
        "timestamp": 33.0,
        "annotation": "The younger woman is still feeding the small white dog. No noticeable change from the previous frame."
      },
      {
        "timestamp": 34.0,
        "annotation": "The younger woman is still feeding the small white dog. No noticeable change from the previous frame."
      },
      {
        "timestamp": 35.0,
        "annotation": "The younger woman is still feeding the small white dog. No noticeable change from the previous frame."
      },
      {
        "timestamp": 36.0,
        "annotation": "The younger woman is still feeding the small white dog. No noticeable change from the previous frame."
      },
      {
        "timestamp": 37.0,
        "annotation": "The younger woman is still feeding the small white dog. No noticeable change from the previous frame."
      },
      {
        "timestamp": 38.0,
        "annotation": "The younger woman is still feeding the small white dog. No noticeable change from the previous frame."
      },
      {
        "timestamp": 39.0,
        "annotation": "The younger woman is still feeding the small white dog. No noticeable change from the previous frame."
      },
      {
        "timestamp": 40.0,
        "annotation": "The younger woman is still feeding the small white dog. No noticeable change from the previous frame."
      },
      {
        "timestamp": 41.0,
        "annotation": "The younger woman is still feeding the small white dog. No noticeable change from the previous frame."
      },
      {
        "timestamp": 42.0,
        "annotation": "The younger woman is still feeding the small white dog. No noticeable change from the previous frame."
      },
      {
        "timestamp": 43.0,
        "annotation": "The younger woman is still feeding the small white dog. No noticeable change from the previous frame."
      }
    ],
    "whole_video_annotation": "The video appears to be a humorous skit depicting a conversation between a young woman and her mother after the young woman gets a pet dog. The young woman is excited about her new pet and tries to share her enthusiasm with her mother, who seems disapproving and concerned about the pet being in the house. The daughter repeatedly tries to engage her mother and express her joy, while the mother expresses her displeasure and skepticism.\n\n### Short General Description:\nThe video shows a young woman who has just gotten a pet dog and is excited to share the news with her mother. The mother, however, is initially surprised and disapproving, leading to a series of reactions from both the daughter and the mother. The daughter tries to convince her mother of the dog's cuteness and worth, while the mother expresses her reservations and eventually tells the daughter to go to her room. The daughter then whispers to a framed picture on the wall and continues to feed the dog, seemingly undeterred by her mother's reaction.",
    "annotations_summary": "The video is a humorous skit that captures a conversation between a young woman and her mother after the young woman acquires a pet dog. Here\u2019s a brief summary:\n\n- **Initial Excitement**: The young woman, dressed in a colorful striped sweater and gray pants, excitedly shares the news of getting a pet dog with her mother. She holds the white dog and expresses her joy.\n\n- **Mother's Reaction**: The mother, seated in a brightly lit room, reacts with surprise and disapproval. She questions why the dog was brought into the house and expresses her reservations.\n\n- **Daughter's Persistence**: The daughter tries to engage her mother, emphasizing the dog's cuteness and attempting to win her over. Despite the mother's skepticism and eventual directive to go to her room, the daughter remains undeterred.\n\n- **Final Scenes**: The daughter whispers to a framed picture on the wall and continues to feed the dog, showing her unwavering enthusiasm and attachment to her new pet despite her mother's displeasure.\n\nThe skit humorously portrays the generational differences in attitudes towards pets and the daughter's relentless efforts to share her joy with her mother."
  }
}