{
  "qid": "0099-7",
  "video_id": "aUDYWYqtAR4",
  "video_path": "videos\\0099_aUDYWYqtAR4.mp4",
  "main_question": "How many zoomed-in close-ups are there in the video?\nA. 2\nB. 4\nC. 3\nD. 1",
  "sub_questions": "To better understand the video and determine the number of zoomed-in close-ups, consider the following sub-questions:\n\n1. **Can you describe the key scenes or segments in the video?**\n   - Understanding the structure of the video can help identify where close-ups might occur.\n\n2. **Are there any noticeable changes in camera angle or focus throughout the video?**\n   - This can help pinpoint moments where the camera zooms in for a close-up.\n\n3. **Can you provide a timeline of significant visual elements or actions in the video?**\n   - A timeline can help in counting the specific instances of zoomed-in close-ups.",
  "annotations": {
    "frame_annotations": [
      {
        "timestamp": 0.0,
        "annotation": "The image shows a title 'Visualization of Pi being Irrational' and a simple geometric figure consisting of three points connected by two line segments, forming a V-shape. The equation z(\u03b8) = e^(\u03b8i) + e^(\u03c0\u03b8i) is displayed at the bottom."
      },
      {
        "timestamp": 1.0,
        "annotation": "The V-shaped figure from the previous frame has been transformed into a circular arc connecting the three points. The title and equation remain the same."
      },
      {
        "timestamp": 2.0,
        "annotation": "The circular arc has extended further, creating a larger loop that intersects itself. The title and equation remain unchanged."
      },
      {
        "timestamp": 3.0,
        "annotation": "The loop has grown larger, and additional smaller loops are beginning to form within the main loop. The title and equation are still present."
      },
      {
        "timestamp": 4.0,
        "annotation": "The complexity of the loops increases with more intersections and smaller loops forming. The title and equation remain visible."
      },
      {
        "timestamp": 5.0,
        "annotation": "The pattern becomes more intricate with additional loops and intersections. The title and equation are still displayed."
      },
      {
        "timestamp": 6.0,
        "annotation": "The loops continue to grow and intersect, creating a denser and more complex pattern. The title and equation are present."
      },
      {
        "timestamp": 7.0,
        "annotation": "The pattern becomes even more dense with numerous intersecting loops. The title and equation remain the same."
      },
      {
        "timestamp": 8.0,
        "annotation": "The complexity of the pattern increases further with more loops and intersections filling the space. The title and equation are still visible."
      },
      {
        "timestamp": 9.0,
        "annotation": "The pattern is now very dense and complex, with numerous intersecting loops filling most of the space. The title and equation are displayed at the bottom."
      },
      {
        "timestamp": 10.0,
        "annotation": "The image shows a close-up of a spherical pattern with intersecting loops. The pattern is dense and complex, with numerous lines converging towards a central point."
      },
      {
        "timestamp": 11.0,
        "annotation": "The image zooms out slightly from the previous frame, revealing more of the spherical pattern. The intersecting loops are still prominent, but the view is less close-up."
      },
      {
        "timestamp": 12.0,
        "annotation": "The image continues to zoom out, showing an even broader view of the spherical pattern. The density of the loops decreases as the view expands."
      },
      {
        "timestamp": 13.0,
        "annotation": "The image zooms in slightly, focusing on a section of the spherical pattern. The intersecting loops become more prominent again."
      },
      {
        "timestamp": 14.0,
        "annotation": "The image zooms out further, providing a wider perspective of the spherical pattern. The loops are less dense in this view."
      },
      {
        "timestamp": 15.0,
        "annotation": "The image zooms in on a different section of the spherical pattern, showing a close-up of the intersecting loops. The view is similar to the first frame but from a different angle."
      },
      {
        "timestamp": 16.0,
        "annotation": "The image zooms out again, revealing more of the spherical pattern. The loops are less dense, and the overall view is broader."
      },
      {
        "timestamp": 17.0,
        "annotation": "The image zooms in on another section of the spherical pattern, focusing on the intersecting loops. The view is close-up, similar to the previous zoom-ins."
      },
      {
        "timestamp": 18.0,
        "annotation": "The image zooms out, showing a wider perspective of the spherical pattern. The loops are less dense, and the view is broader."
      },
      {
        "timestamp": 19.0,
        "annotation": "The image zooms in on the spherical pattern, focusing on the intersecting loops. The view is close-up, similar to the earlier zoom-ins."
      },
      {
        "timestamp": 20.0,
        "annotation": "The image shows a spherical pattern with intersecting loops. The view is a close-up, focusing on the intricate details of the pattern."
      },
      {
        "timestamp": 21.0,
        "annotation": "The image continues to show the spherical pattern with intersecting loops. There is no noticeable change from the previous frame."
      },
      {
        "timestamp": 22.0,
        "annotation": "The image still shows the spherical pattern with intersecting loops. The view remains consistent with the previous frames."
      },
      {
        "timestamp": 23.0,
        "annotation": "The image persists in showing the spherical pattern with intersecting loops. No changes are observed from the previous frame."
      },
      {
        "timestamp": 24.0,
        "annotation": "The image continues to display the spherical pattern with intersecting loops. The view is unchanged from the previous frame."
      },
      {
        "timestamp": 25.0,
        "annotation": "The image shows the spherical pattern with intersecting loops. The view remains the same as in the previous frames."
      },
      {
        "timestamp": 26.0,
        "annotation": "The image still shows the spherical pattern with intersecting loops. There are no noticeable changes from the previous frame."
      },
      {
        "timestamp": 27.0,
        "annotation": "The image continues to display the spherical pattern with intersecting loops. The view is consistent with the previous frames."
      },
      {
        "timestamp": 28.0,
        "annotation": "The image shows the spherical pattern with intersecting loops. No changes are observed from the previous frame."
      },
      {
        "timestamp": 29.0,
        "annotation": "The image persists in showing the spherical pattern with intersecting loops. The view remains the same as in the previous frames."
      },
      {
        "timestamp": 30.0,
        "annotation": "The image shows a spherical pattern with intersecting loops. The view remains the same as in the previous frames."
      },
      {
        "timestamp": 31.0,
        "annotation": "The image shows a spherical pattern with intersecting loops. The view remains the same as in the previous frame."
      },
      {
        "timestamp": 32.0,
        "annotation": "The image shows a spherical pattern with intersecting loops. The view remains the same as in the previous frame."
      },
      {
        "timestamp": 33.0,
        "annotation": "The image shows a spherical pattern with intersecting loops. The view remains the same as in the previous frame."
      },
      {
        "timestamp": 34.0,
        "annotation": "The image shows a spherical pattern with intersecting loops. The view remains the same as in the previous frame."
      },
      {
        "timestamp": 35.0,
        "annotation": "The image shows a spherical pattern with intersecting loops. The view remains the same as in the previous frame."
      },
      {
        "timestamp": 36.0,
        "annotation": "The image shows a spherical pattern with intersecting loops. The view remains the same as in the previous frame."
      },
      {
        "timestamp": 37.0,
        "annotation": "The image shows a spherical pattern with intersecting loops. The view remains the same as in the previous frame."
      },
      {
        "timestamp": 38.0,
        "annotation": "The image shows a spherical pattern with intersecting loops. The view remains the same as in the previous frame."
      },
      {
        "timestamp": 39.0,
        "annotation": "The image shows a spherical pattern with intersecting loops. The view remains the same as in the previous frame."
      },
      {
        "timestamp": 40.0,
        "annotation": "The image shows a spherical pattern with intersecting loops. The view remains the same as in the previous frame."
      },
      {
        "timestamp": 41.0,
        "annotation": "The image shows a spherical pattern with intersecting loops. The view remains the same as in the previous frame."
      },
      {
        "timestamp": 42.0,
        "annotation": "The image shows a spherical pattern with intersecting loops. The view remains the same as in the previous frame."
      },
      {
        "timestamp": 43.0,
        "annotation": "The image shows a spherical pattern with intersecting loops. The view remains the same as in the previous frame."
      },
      {
        "timestamp": 44.0,
        "annotation": "The image shows a spherical pattern with intersecting loops. The view remains the same as in the previous frame."
      },
      {
        "timestamp": 45.0,
        "annotation": "The image shows a spherical pattern with intersecting loops. The view remains the same as in the previous frame."
      },
      {
        "timestamp": 46.0,
        "annotation": "The image shows a spherical pattern with intersecting loops. The view remains the same as in the previous frame."
      },
      {
        "timestamp": 47.0,
        "annotation": "The image shows a spherical pattern with intersecting loops. The view remains the same as in the previous frame."
      },
      {
        "timestamp": 48.0,
        "annotation": "The image shows a spherical pattern with intersecting loops. The view remains the same as in the previous frame."
      },
      {
        "timestamp": 49.0,
        "annotation": "The image shows a spherical pattern with intersecting loops. The view remains the same as in the previous frame."
      },
      {
        "timestamp": 50.0,
        "annotation": "The image shows a spherical pattern with intersecting loops. The view remains the same as in the previous frame."
      },
      {
        "timestamp": 51.0,
        "annotation": "The image shows a spherical pattern with intersecting loops. The view remains the same as in the previous frame."
      },
      {
        "timestamp": 52.0,
        "annotation": "The image shows a spherical pattern with intersecting loops. The view remains the same as in the previous frame."
      },
      {
        "timestamp": 53.0,
        "annotation": "The image shows a spherical pattern with intersecting loops. The view remains the same as in the previous frame."
      },
      {
        "timestamp": 54.0,
        "annotation": "The image shows a spherical pattern with intersecting loops. The view remains the same as in the previous frame."
      },
      {
        "timestamp": 55.0,
        "annotation": "The image shows a spherical pattern with intersecting loops. The view remains the same as in the previous frame."
      },
      {
        "timestamp": 56.0,
        "annotation": "The image shows a spherical pattern with intersecting loops. The view remains the same as in the previous frame."
      },
      {
        "timestamp": 57.0,
        "annotation": "The image shows a spherical pattern with intersecting loops. The view remains the same as in the previous frame."
      },
      {
        "timestamp": 58.0,
        "annotation": "The image zooms out from the spherical pattern, revealing intersecting lines on a black background. The view changes significantly from the previous frame."
      },
      {
        "timestamp": 59.0,
        "annotation": "The image continues to show intersecting lines on a black background. The view remains the same as in the previous frame."
      }
    ],
    "whole_video_annotation": "The video titled \"Visualization of Pi being Irrational\" illustrates the concept of the irrationality of Pi through a dynamic geometric visualization. It starts with a simple V-shaped figure and progressively transforms it into increasingly complex patterns of intersecting loops. The visualization appears to be based on the equation \\( z(\\theta) = e^{(\\theta i)} + e^{(\\pi \\theta i)} \\).\n\nThe video can be broken down into several phases:\n1. **Initial Transformation (Frames 0-9):** The V-shaped figure evolves into a circular arc, which then grows and forms intricate loops and intersections.\n2. **Spherical Pattern Exploration (Frames 10-57):** The video zooms in and out of a spherical pattern composed of intersecting loops, focusing on different sections to highlight the complexity and density of the loops.\n3. **Final Zoom-Out (Frames 58-59):** The video zooms out from the spherical pattern, revealing intersecting lines on a black background.\n\nRegarding the number of zoomed-in close-ups in the video, we can identify the following frames that show close-up views of the spherical pattern:\n- Frame 10: Close-up of a spherical pattern.\n- Frame 13: Zooms in slightly on a section of the spherical pattern.\n- Frame 15: Zooms in on a different section of the spherical pattern.\n- Frame 17: Zooms in on another section of the spherical pattern.\n- Frame 19: Zooms in on the spherical pattern.\n\nThus, there are 5 zoomed-in close-ups in the video.\n\nThe correct answer is:\n**None of the above**",
    "annotations_summary": "The video titled \"Visualization of Pi being Irrational\" visually demonstrates the irrationality of Pi through a dynamic geometric transformation. Here's a brief summary of the descriptions:\n\n1. **Initial Transformation (0-9 seconds):**\n   - The video begins with a simple V-shaped figure.\n   - This figure gradually transforms into a circular arc, which then grows and forms increasingly complex loops and intersections.\n   - The equation \\( z(\\theta) = e^{(\\theta i)} + e^{(\\pi \\theta i)} \\) is displayed throughout this phase.\n\n2. **Spherical Pattern Exploration (10-57 seconds):**\n   - The video focuses on a spherical pattern composed of intersecting loops.\n   - It repeatedly zooms in and out, highlighting different sections of the pattern to showcase its complexity and density.\n   - There are five distinct close-up views of the spherical pattern during this phase.\n\n3. **Final Zoom-Out (58-59 seconds):**\n   - The video zooms out from the spherical pattern, revealing intersecting lines on a black background.\n\nThe video effectively uses these visual transformations to illustrate the concept of Pi's irrationality through geometric patterns."
  }
}