{
  "qid": "0127-3",
  "video_id": "NmqIqJsdIuk",
  "video_path": "videos\\0127_NmqIqJsdIuk.mp4",
  "main_question": "Are there five watches shown in the video?",
  "sub_questions": "To better understand the video and answer the main question \"Are there five watches shown in the video?\", consider the following sub-questions:\n\n1. **How many distinct timepieces are visible in the video?**\n   - This helps to clarify if all the items shown are indeed watches.\n\n2. **Are there any close-up shots or detailed views of the watches?**\n   - This can confirm the presence of multiple watches by showing different angles or features.\n\n3. **Does the video provide a clear count or mention the number of watches?**\n   - Sometimes, the video itself might explicitly state the number of watches shown.",
  "annotations": {
    "frame_annotations": [
      {
        "timestamp": 0.0,
        "annotation": "The video starts with a close-up of a car's steering wheel and dashboard. A hand is visible, touching the steering wheel. The text overlay reads: 'Bro I'm not obsessed with cars, I swear...'"
      },
      {
        "timestamp": 1.0,
        "annotation": "The hand is now holding a phone case, which appears to have a car-themed design. The text overlay remains the same."
      },
      {
        "timestamp": 2.0,
        "annotation": "The hand is seen placing the phone case back onto the steering wheel. The text overlay remains the same."
      },
      {
        "timestamp": 3.0,
        "annotation": "The video transitions to a close-up of a wristwatch. The watch face reflects an image of a car wheel, suggesting a car-themed design. The text overlay reads: 'Bro's watch collection'."
      },
      {
        "timestamp": 4.0,
        "annotation": "Another close-up of a different wristwatch is shown. This watch also has a car-themed design with a red and black color scheme. The text overlay remains the same."
      },
      {
        "timestamp": 5.0,
        "annotation": "A close-up of yet another wristwatch is displayed. This watch features a gold and red car wheel design on its face. The text overlay remains the same."
      },
      {
        "timestamp": 6.0,
        "annotation": "The video shows a close-up of a wristwatch with a red car wheel reflection on its face. The text overlay remains the same."
      },
      {
        "timestamp": 7.0,
        "annotation": "Another close-up of a wristwatch is shown, featuring a red car wheel design. The text overlay remains the same."
      },
      {
        "timestamp": 8.0,
        "annotation": "The video displays a close-up of a wristwatch with a red car wheel reflection. The text overlay remains the same."
      },
      {
        "timestamp": 9.0,
        "annotation": "The final frame shows a close-up of a wristwatch with a red car wheel design on its face. The text overlay remains the same."
      },
      {
        "timestamp": 10.0,
        "annotation": "The image shows a close-up of a wristwatch with a green car wheel design on its face. The text overlay reads 'Bro's watch collection'."
      },
      {
        "timestamp": 11.0,
        "annotation": "The image continues to show a close-up of the same wristwatch with a green car wheel design. There is no noticeable change from the previous frame."
      }
    ],
    "whole_video_annotation": "The video appears to be a humorous montage showcasing a collection of wristwatches, all of which have car-themed designs. The video begins with a close-up of a car's steering wheel and dashboard, accompanied by a text overlay that humorously denies an obsession with cars. Following this, the video transitions to a series of close-ups of different wristwatches, each featuring car-themed elements such as car wheels reflected on the watch faces or car wheel designs. The text overlay throughout most of the video reads \"Bro's watch collection,\" emphasizing the theme of the watches.\n\nRegarding the user's question: Yes, there are five distinct wristwatches shown in the video. The watches are identified by their unique designs and reflections on their faces.",
    "annotations_summary": "The video is a humorous montage that starts with a close-up of a car's steering wheel and dashboard, accompanied by the text overlay \"Bro I'm not obsessed with cars, I swear...\". The video then transitions to showcasing a collection of wristwatches, all featuring car-themed designs. The text overlay changes to \"Bro's watch collection\" as the video displays seven close-ups of different wristwatches. Among these, there are five distinct wristwatches identified by their unique designs and reflections on their faces:\n\n1. A wristwatch with a car wheel reflection on its face.\n2. A wristwatch with a red and black car-themed design.\n3. A wristwatch with a gold and red car wheel design.\n4. A wristwatch with a red car wheel reflection.\n5. A wristwatch with a green car wheel design."
  }
}