{
  "qid": "0127-2",
  "video_id": "NmqIqJsdIuk",
  "video_path": "videos\\0127_NmqIqJsdIuk.mp4",
  "main_question": "Are there four watches shown in the video?",
  "sub_questions": "To better understand the video and answer the main question \"Are there four watches shown in the video?\", consider the following sub-questions:\n\n1. **How many distinct timepieces are visible in the video?**\n   - This helps to clarify if there are indeed four watches or if the count includes other types of timepieces.\n\n2. **Are all the watches shown simultaneously, or are they introduced at different times in the video?**\n   - This can provide context on how the watches are presented and whether they might be missed if not all are shown at once.\n\n3. **Are there any close-up shots or specific scenes that focus on individual watches?**\n   - This can help determine if each watch is clearly identifiable and if there are any visual cues that confirm the presence of four watches.",
  "annotations": {
    "frame_annotations": [
      {
        "timestamp": 0.0,
        "annotation": "A person is inside a car, holding the steering wheel. The car's interior is visible, including the dashboard and controls. The person is speaking, and a text overlay reads: 'Bro I'm not obsessed with cars, I swear...'"
      },
      {
        "timestamp": 1.0,
        "annotation": "The person is still holding the steering wheel. The camera angle slightly changes, focusing more on the person's hand and the steering wheel. The text overlay remains the same."
      },
      {
        "timestamp": 2.0,
        "annotation": "The person's hand is seen adjusting something on the steering wheel. The text overlay is still present."
      },
      {
        "timestamp": 3.0,
        "annotation": "The person is now holding a phone or a similar device in their hand. The text overlay is still visible."
      },
      {
        "timestamp": 4.0,
        "annotation": "The camera shifts to a close-up of a watch face. The watch has a unique design with a car wheel reflected on its surface. The text overlay reads: 'Bro's watch collection'."
      },
      {
        "timestamp": 5.0,
        "annotation": "The close-up of the watch continues, showing the same car wheel reflection. The text overlay remains the same."
      },
      {
        "timestamp": 6.0,
        "annotation": "Another watch is shown, this time with a different design but still reflecting a car wheel. The text overlay is consistent."
      },
      {
        "timestamp": 7.0,
        "annotation": "The camera focuses on yet another watch, again with a car wheel reflection. The text overlay is the same."
      },
      {
        "timestamp": 8.0,
        "annotation": "A close-up of another watch is displayed, continuing the theme of car wheel reflections. The text overlay reads: 'Bro's watch collection'."
      },
      {
        "timestamp": 9.0,
        "annotation": "The final watch in the series is shown, maintaining the car wheel reflection design. The text overlay is consistent throughout."
      },
      {
        "timestamp": 10.0,
        "annotation": "The final watch in the series is shown, maintaining the car wheel reflection design. The text overlay 'Bro's watch collection' is consistent throughout. No other watches are visible in this frame."
      },
      {
        "timestamp": 11.0,
        "annotation": "The same watch is shown with a slight rotation, emphasizing the car wheel reflection design. The text overlay remains the same. No other watches are visible in this frame."
      }
    ],
    "whole_video_annotation": "In the video, a person is inside a car, initially holding the steering wheel and speaking, with a text overlay that reads, 'Bro I'm not obsessed with cars, I swear...'. The camera then shifts to focus on the person's hand and the steering wheel. Subsequently, the person is seen holding a phone or a similar device. The video then transitions to a series of close-ups of watches, each featuring a unique design with a car wheel reflected on their surfaces. The text overlay during this segment reads, 'Bro's watch collection'. The video showcases multiple watches, each with the same car wheel reflection theme, emphasizing the person's apparent interest in watches with automotive designs.\n\nRegarding the user's question: Yes, there are four watches shown in the video. Frames 4 through 7 each display a different watch, all featuring the car wheel reflection design.",
    "annotations_summary": "The video features a person inside a car, initially holding the steering wheel and speaking with a text overlay that reads, \"Bro I'm not obsessed with cars, I swear...\". The camera then focuses on the person's hand and the steering wheel, and later shows the person holding a phone or similar device. The video transitions to a series of close-ups of four distinct watches, each with a unique design that reflects a car wheel. The text overlay during this segment reads, \"Bro's watch collection,\" emphasizing the person's interest in automotive-themed watches."
  }
}