{
  "qid": "0129-0",
  "video_id": "7t4cNOpTuCY",
  "video_path": "videos\\0129_7t4cNOpTuCY.mp4",
  "main_question": "How many men appear in the video?",
  "sub_questions": "To better understand the video and answer the main question \"How many men appear in the video?\", consider the following sub-questions:\n\n1. **Can you describe the setting and context of the video?**\n   - Understanding the environment and scenario can help identify who is present.\n\n2. **Are there any specific scenes or moments where individuals are clearly visible?**\n   - Knowing key moments can help in counting the number of men accurately.\n\n3. **Are there any descriptions or dialogues that mention the number of people or their genders?**\n   - Verbal cues can provide additional information about the characters in the video.",
  "annotations": {
    "frame_annotations": [
      {
        "timestamp": 0.0,
        "annotation": "A person is holding up a red semicircular shape against a beige wall. The person is wearing a light gray oversized sweater and dark pants."
      },
      {
        "timestamp": 1.0,
        "annotation": "The person has attached the red semicircular shape to the wall, forming a teardrop shape. The person is still wearing the same outfit and is standing close to the wall."
      },
      {
        "timestamp": 2.0,
        "annotation": "The person is now sitting on a white suitcase in front of the red teardrop shape. They are wearing a red dress and a white hat."
      },
      {
        "timestamp": 3.0,
        "annotation": "The person remains seated on the white suitcase in front of the red teardrop shape, maintaining the same pose and outfit."
      },
      {
        "timestamp": 4.0,
        "annotation": "The person is now standing in front of a blue wall, holding up a yellow star shape. They are wearing a blue dress."
      },
      {
        "timestamp": 5.0,
        "annotation": "The person has attached the yellow star to the blue wall and is standing with their back to the wall, wearing a blue dress with a deep V-neck."
      },
      {
        "timestamp": 6.0,
        "annotation": "The person is still standing with their back to the blue wall and the yellow star, maintaining the same pose and outfit."
      },
      {
        "timestamp": 7.0,
        "annotation": "The person is still standing with their back to the blue wall and the yellow star, maintaining the same pose and outfit."
      },
      {
        "timestamp": 8.0,
        "annotation": "The person is now standing on a ladder in front of a green wall, holding up a white fan blade. They are wearing a gray sweater and dark pants."
      },
      {
        "timestamp": 9.0,
        "annotation": "The person has attached one of the white fan blades to the green wall and is in the process of attaching another. They are still on the ladder and wearing the same outfit."
      },
      {
        "timestamp": 10.0,
        "annotation": "The person has attached one of the white fan blades to the green wall and is in the process of attaching another. They are still on the ladder and wearing the same outfit."
      },
      {
        "timestamp": 11.0,
        "annotation": "The person continues to attach the white fan blades to the green wall. No noticeable change from the previous frame."
      },
      {
        "timestamp": 12.0,
        "annotation": "The person is still attaching the white fan blades to the green wall. No noticeable change from the previous frame."
      },
      {
        "timestamp": 13.0,
        "annotation": "The person is still attaching the white fan blades to the green wall. No noticeable change from the previous frame."
      },
      {
        "timestamp": 14.0,
        "annotation": "The person is still attaching the white fan blades to the green wall. No noticeable change from the previous frame."
      },
      {
        "timestamp": 15.0,
        "annotation": "The person is still attaching the white fan blades to the green wall. No noticeable change from the previous frame."
      },
      {
        "timestamp": 16.0,
        "annotation": "The person is still attaching the white fan blades to the green wall. No noticeable change from the previous frame."
      },
      {
        "timestamp": 17.0,
        "annotation": "The person is still attaching the white fan blades to the green wall. No noticeable change from the previous frame."
      },
      {
        "timestamp": 18.0,
        "annotation": "The person is still attaching the white fan blades to the green wall. No noticeable change from the previous frame."
      },
      {
        "timestamp": 19.0,
        "annotation": "The person is still attaching the white fan blades to the green wall. No noticeable change from the previous frame."
      },
      {
        "timestamp": 20.0,
        "annotation": "A woman in a pink dress is standing on a scale in front of a large pink circle on a wall. A man is assisting her by holding her waist. No noticeable change from the previous frame."
      },
      {
        "timestamp": 21.0,
        "annotation": "The woman is now holding a cord that appears to be connected to the scale. The man has moved slightly to the side. Noticeable change: the man's position has shifted, and the woman is now holding a cord."
      },
      {
        "timestamp": 22.0,
        "annotation": "The woman is still holding the cord, and the man is no longer visible in the frame. Noticeable change: the man has moved out of the frame."
      },
      {
        "timestamp": 23.0,
        "annotation": "The woman is bending down to pick up a large hat. Noticeable change: the scene has changed to a different setting where the woman is now interacting with a hat on the ground."
      },
      {
        "timestamp": 24.0,
        "annotation": "The woman is continuing to work on the hat, possibly painting or repairing it. Noticeable change: the woman's position relative to the hat has changed slightly as she works on it."
      },
      {
        "timestamp": 25.0,
        "annotation": "The woman is still working on the hat, now focusing on the brim. Noticeable change: the woman's hands are positioned differently as she works on the brim of the hat."
      },
      {
        "timestamp": 26.0,
        "annotation": "The woman is now standing on a ladder, painting a large green oval shape on a wall. Noticeable change: the scene has changed again, and the woman is now painting a wall."
      },
      {
        "timestamp": 27.0,
        "annotation": "The woman is continuing to paint the oval shape, reaching higher on the ladder. Noticeable change: the woman's position on the ladder has changed as she reaches higher."
      },
      {
        "timestamp": 28.0,
        "annotation": "The woman is standing in front of the completed green oval, wearing a different outfit. A man is adjusting her outfit. Noticeable change: the scene has changed, and the woman is now interacting with a man who is adjusting her clothing."
      },
      {
        "timestamp": 29.0,
        "annotation": "The man is now taking a photograph of the woman in front of the green oval. Noticeable change: the man is now holding a camera and taking a photo of the woman."
      },
      {
        "timestamp": 30.0,
        "annotation": "A woman in a white dress and hat is standing in front of a large green oval shape on a wall. Noticeable change: The man from the previous frame is no longer visible, focusing solely on the woman posing."
      }
    ],
    "whole_video_annotation": "In the video, a person engages in various activities involving attaching shapes to walls, changing outfits, and interacting with different objects and settings. The scenes include attaching a red semicircular shape to form a teardrop, sitting in front of it, attaching a yellow star to a blue wall, and attaching white fan blades to a green wall. Later, a woman in a pink dress is seen on a scale, interacting with a hat, painting a green oval on a wall, and finally posing in front of the completed oval.\n\nRegarding the question \"How many men appear in the video?\", there is one man who appears in the video. He assists a woman on a scale, adjusts her outfit in front of the green oval, and takes a photograph of her.",
    "annotations_summary": "The video features a person engaging in various activities across different scenes. Here's a brief summary:\n\n1. **Initial Scenes (0s-20s):**\n   - The person attaches a red semicircular shape to a beige wall, forming a teardrop shape.\n   - The person changes outfits multiple times, sitting in front of the teardrop shape and later standing in front of a blue wall with a yellow star.\n   - The person then attaches white fan blades to a green wall while standing on a ladder.\n\n2. **Middle Scenes (20s-30s):**\n   - A woman in a pink dress stands on a scale with a man assisting her. The man later moves out of the frame.\n   - The woman interacts with a large hat, seemingly painting or repairing it.\n   - The woman paints a large green oval shape on a wall and is later seen posing in front of it.\n\n3. **Final Scenes (28s-30s):**\n   - A man adjusts the woman's outfit in front of the green oval.\n   - The man takes a photograph of the woman.\n   - The video concludes with the woman in a white dress and hat standing in front of the green oval.\n\nThroughout the video, there is one man who appears in three scenes: assisting the woman on the scale, adjusting her outfit, and taking a photograph of her."
  }
}