{
  "qid": "0129-1",
  "video_id": "7t4cNOpTuCY",
  "video_path": "videos\\0129_7t4cNOpTuCY.mp4",
  "main_question": "What is the number of male figures shown in the video?",
  "sub_questions": "To better understand the video and accurately answer the main question \"What is the number of male figures shown in the video?\", consider the following sub-questions:\n\n1. **Are there any identifiable characters or figures in the video?**\n   - This will help determine if there are distinct characters that can be counted.\n\n2. **Does the video contain any scenes or segments that might feature male figures?**\n   - This can help identify specific parts of the video to focus on.\n\n3. **Are there any visual cues or descriptions that indicate the gender of the figures in the video?**\n   - This will assist in accurately identifying male figures.\n\nThese sub-questions should help clarify the content of the video and ensure an accurate count of male figures.",
  "annotations": {
    "frame_annotations": [
      {
        "timestamp": 0.0,
        "annotation": "A person is holding up a red semicircular shape against a beige wall."
      },
      {
        "timestamp": 1.0,
        "annotation": "The person is now holding a larger red shape that resembles a teardrop against the wall. No noticeable change in the person's position."
      },
      {
        "timestamp": 2.0,
        "annotation": "The person is sitting on a white suitcase in front of the red teardrop shape. The person is wearing a red dress and a white hat."
      },
      {
        "timestamp": 3.0,
        "annotation": "The person remains seated on the suitcase in the same position."
      },
      {
        "timestamp": 4.0,
        "annotation": "The scene changes to a blue wall. The person is now holding up a yellow star shape against the blue wall. The person is wearing a blue dress."
      },
      {
        "timestamp": 5.0,
        "annotation": "The person is standing with their back to the camera, facing the yellow star on the blue wall. The person is wearing a blue dress with a deep V-neck."
      },
      {
        "timestamp": 6.0,
        "annotation": "The person remains in the same position, facing the yellow star on the blue wall."
      },
      {
        "timestamp": 7.0,
        "annotation": "The person remains in the same position, facing the yellow star on the blue wall."
      },
      {
        "timestamp": 8.0,
        "annotation": "The scene changes to a green wall. The person is standing on a step ladder, holding up a white fan blade shape against the green wall."
      },
      {
        "timestamp": 9.0,
        "annotation": "The person is still on the step ladder, continuing to work on attaching the fan blades to the green wall."
      },
      {
        "timestamp": 10.0,
        "annotation": "The person is on a step ladder, holding a yellow fan blade and attaching it to the green wall."
      },
      {
        "timestamp": 11.0,
        "annotation": "The person continues to attach the yellow fan blade to the green wall. No noticeable change from the previous frame."
      },
      {
        "timestamp": 12.0,
        "annotation": "The person is still attaching the yellow fan blade to the green wall. No noticeable change from the previous frame."
      },
      {
        "timestamp": 13.0,
        "annotation": "The person is still attaching the yellow fan blade to the green wall. No noticeable change from the previous frame."
      },
      {
        "timestamp": 14.0,
        "annotation": "The person is still attaching the yellow fan blade to the green wall. No noticeable change from the previous frame."
      },
      {
        "timestamp": 15.0,
        "annotation": "The person is still attaching the yellow fan blade to the green wall. No noticeable change from the previous frame."
      },
      {
        "timestamp": 16.0,
        "annotation": "The person is still attaching the yellow fan blade to the green wall. No noticeable change from the previous frame."
      },
      {
        "timestamp": 17.0,
        "annotation": "The person is still attaching the yellow fan blade to the green wall. No noticeable change from the previous frame."
      },
      {
        "timestamp": 18.0,
        "annotation": "The person is still attaching the yellow fan blade to the green wall. No noticeable change from the previous frame."
      },
      {
        "timestamp": 19.0,
        "annotation": "The person is still attaching the yellow fan blade to the green wall. No noticeable change from the previous frame."
      },
      {
        "timestamp": 20.0,
        "annotation": "A person in a pink dress is standing on a scale in front of a large pink circle on the wall. Another person is assisting her by holding her waist."
      },
      {
        "timestamp": 21.0,
        "annotation": "The person in the pink dress is now holding a cord that is connected to the scale. The assisting person is moving away from the frame."
      },
      {
        "timestamp": 22.0,
        "annotation": "The person in the pink dress is still holding the cord, and the assisting person is no longer visible in the frame."
      },
      {
        "timestamp": 23.0,
        "annotation": "A person is seen from above, painting a large brown circle on the floor. The person is wearing white gloves and a white top with black detailing."
      },
      {
        "timestamp": 24.0,
        "annotation": "The person continues to paint the brown circle, with more of the circle becoming visible."
      },
      {
        "timestamp": 25.0,
        "annotation": "The person is still painting the brown circle, and the circle is almost complete."
      },
      {
        "timestamp": 26.0,
        "annotation": "A person is seen from behind, painting a large green oval shape on a wall. The person is wearing a dark blue dress and white gloves."
      },
      {
        "timestamp": 27.0,
        "annotation": "The person continues to paint the green oval shape, standing on a ladder to reach the top part of the oval."
      },
      {
        "timestamp": 28.0,
        "annotation": "The person is still painting the green oval shape, with more of the oval becoming visible."
      },
      {
        "timestamp": 29.0,
        "annotation": "A person is standing in front of the completed green oval shape. Another person is taking a photo of her using a camera mounted on a tripod."
      },
      {
        "timestamp": 30.0,
        "annotation": "A person in a white dress and a brown hat is standing in front of a large green oval shape on a wall. The person has their hand on their hip and is posing."
      }
    ],
    "whole_video_annotation": "In the video, a person engages in various activities involving different shapes and colors against different wall backgrounds. The person changes outfits and poses with various shapes, including a red semicircle, a red teardrop, a yellow star, and white and yellow fan blades. Additionally, there are scenes of people painting shapes on the floor and wall, and one scene where a person is standing on a scale. Another person is seen assisting or taking photographs in some frames.\n\nRegarding the number of male figures shown in the video, based on the descriptions provided, it is not possible to determine the gender of any of the figures. The descriptions do not specify the gender of the individuals in the video.",
    "annotations_summary": "The video features a person engaging in various activities involving different shapes and colors against different wall backgrounds. Here's a brief summary of the key scenes:\n\n1. **Shape Interactions**:\n   - The person holds up a red semicircular shape and a red teardrop shape against a beige wall.\n   - The person sits on a white suitcase in front of the red teardrop shape, wearing a red dress and a white hat.\n   - The scene changes to a blue wall where the person holds up a yellow star shape, wearing a blue dress.\n   - The person stands on a step ladder, attaching white and yellow fan blades to a green wall.\n\n2. **Painting Scenes**:\n   - A person paints a large brown circle on the floor, wearing white gloves and a white top with black detailing.\n   - Another person paints a large green oval shape on a wall, standing on a ladder and wearing a dark blue dress and white gloves.\n\n3. **Scale Scene**:\n   - A person in a pink dress stands on a scale in front of a large pink circle on the wall, assisted by another person.\n\n4. **Photography Scene**:\n   - A person in a white dress and a brown hat poses in front of the completed green oval shape while another person takes a photo using a camera mounted on a tripod.\n\nThroughout the video, the person changes outfits and poses with various shapes, and there are instances where other individuals assist or take photographs. The descriptions do not specify the gender of any of the figures."
  }
}