{
  "qid": "0142-3",
  "video_id": "rCW1aGpFrJg",
  "video_path": "videos\\0142_rCW1aGpFrJg.mp4",
  "main_question": "Is a small piece of white tape attached to the armrest to attract dust?",
  "sub_questions": "To better understand the video related to the main question \"Is a small piece of white tape attached to the armrest to attract dust?\", consider the following sub-questions:\n\n1. **What is the context or environment in which the armrest is located?**\n   - Understanding the setting (e.g., home, office, public space) can provide insights into why the tape might be there.\n\n2. **Are there any visible signs of dust accumulation on the tape or nearby surfaces?**\n   - Observing the presence or absence of dust can help determine if the tape is serving its intended purpose.\n\n3. **Is there any text or marking on the tape that might indicate its purpose?**\n   - Sometimes, tape is used with labels or markings to indicate specific instructions or warnings, which could clarify its use.",
  "annotations": {
    "frame_annotations": [
      {
        "timestamp": 0.0,
        "annotation": "A hand is seen wiping the armrest of an escalator with a white cloth. The text 'Real or FAKE?' is visible at the top of the image."
      },
      {
        "timestamp": 1.0,
        "annotation": "The hand continues to wipe the armrest in the same manner. No noticeable change from the previous frame."
      },
      {
        "timestamp": 2.0,
        "annotation": "The hand is still wiping the armrest. The cloth appears to be slightly dirtier."
      },
      {
        "timestamp": 3.0,
        "annotation": "The hand is now wiping a different section of the armrest. The cloth is visibly dirtier."
      },
      {
        "timestamp": 4.0,
        "annotation": "A person dressed as Spiderman is seen interacting with a vending machine. The scene has changed from the escalator to an indoor setting with a vending machine."
      },
      {
        "timestamp": 5.0,
        "annotation": "Spiderman is inserting something into the vending machine. The machine has a label that reads 'WPS'."
      },
      {
        "timestamp": 6.0,
        "annotation": "Spiderman's hand is seen holding a white cloth and wiping the armrest of the escalator. The scene has switched back to the escalator."
      },
      {
        "timestamp": 7.0,
        "annotation": "Spiderman continues to wipe the armrest with the cloth. The cloth appears to be dirty."
      },
      {
        "timestamp": 8.0,
        "annotation": "Spiderman is wiping a different section of the armrest. The cloth is visibly dirtier."
      },
      {
        "timestamp": 9.0,
        "annotation": "Spiderman is seen wiping the armrest near a small piece of white tape attached to it. The tape is noticeable and appears to be intentionally placed."
      },
      {
        "timestamp": 10.0,
        "annotation": "A person in a Spiderman costume is wiping the armrest of an escalator with a white cloth. The small piece of white tape is visible on the armrest, and the person appears to be cleaning around it."
      },
      {
        "timestamp": 11.0,
        "annotation": "The person continues wiping the armrest. The position of the hand and cloth has slightly changed, moving along the armrest. The white tape is still visible."
      },
      {
        "timestamp": 12.0,
        "annotation": "The wiping motion continues. The cloth is now covering a larger area of the armrest. The white tape remains in the same position."
      },
      {
        "timestamp": 13.0,
        "annotation": "The person is still wiping the armrest. The cloth is now closer to the bottom of the armrest. The white tape is still noticeable."
      },
      {
        "timestamp": 14.0,
        "annotation": "The wiping motion is ongoing. The cloth is moving upwards along the armrest. The white tape is still in view."
      },
      {
        "timestamp": 15.0,
        "annotation": "The person continues to wipe the armrest. The cloth is now at the top part of the armrest. The white tape is still visible."
      },
      {
        "timestamp": 16.0,
        "annotation": "The wiping motion is still in progress. The cloth is moving downwards along the armrest. The white tape remains in the same position."
      },
      {
        "timestamp": 17.0,
        "annotation": "The person is still wiping the armrest. The cloth is now closer to the bottom of the armrest again. The white tape is still noticeable."
      },
      {
        "timestamp": 18.0,
        "annotation": "The wiping motion continues. The cloth is moving upwards along the armrest. The white tape is still in view."
      },
      {
        "timestamp": 19.0,
        "annotation": "The person is still wiping the armrest. The cloth is now at the top part of the armrest. The white tape remains visible."
      },
      {
        "timestamp": 20.0,
        "annotation": "The person is wiping the armrest with a cloth. The cloth is at the top part of the armrest. The white tape remains visible."
      },
      {
        "timestamp": 21.0,
        "annotation": "The person continues wiping the armrest with the cloth. The cloth is still at the top part of the armrest. The white tape remains visible."
      },
      {
        "timestamp": 22.0,
        "annotation": "The person is still wiping the armrest with the cloth. The cloth is still at the top part of the armrest. The white tape remains visible."
      },
      {
        "timestamp": 23.0,
        "annotation": "The person is still wiping the armrest with the cloth. The cloth is still at the top part of the armrest. The white tape remains visible."
      },
      {
        "timestamp": 24.0,
        "annotation": "The person is still wiping the armrest with the cloth. The cloth is still at the top part of the armrest. The white tape remains visible."
      },
      {
        "timestamp": 25.0,
        "annotation": "The person is still wiping the armrest with the cloth. The cloth is still at the top part of the armrest. The white tape remains visible."
      },
      {
        "timestamp": 26.0,
        "annotation": "The person is still wiping the armrest with the cloth. The cloth is still at the top part of the armrest. The white tape remains visible."
      },
      {
        "timestamp": 27.0,
        "annotation": "The person is still wiping the armrest with the cloth. The cloth is still at the top part of the armrest. The white tape remains visible."
      },
      {
        "timestamp": 28.0,
        "annotation": "The person is still wiping the armrest with the cloth. The cloth is still at the top part of the armrest. The white tape remains visible."
      },
      {
        "timestamp": 29.0,
        "annotation": "The person is still wiping the armrest with the cloth. The cloth is still at the top part of the armrest. The white tape remains visible."
      },
      {
        "timestamp": 30.0,
        "annotation": "The person continues to wipe the armrest with the cloth. The cloth is still at the top part of the armrest. The white tape remains visible."
      },
      {
        "timestamp": 31.0,
        "annotation": "The person continues to wipe the armrest with the cloth. The cloth is still at the top part of the armrest. The white tape remains visible."
      },
      {
        "timestamp": 32.0,
        "annotation": "The person continues to wipe the armrest with the cloth. The cloth is still at the top part of the armrest. The white tape remains visible."
      },
      {
        "timestamp": 33.0,
        "annotation": "The person continues to wipe the armrest with the cloth. The cloth is still at the top part of the armrest. The white tape remains visible."
      },
      {
        "timestamp": 34.0,
        "annotation": "The person continues to wipe the armrest with the cloth. The cloth is still at the top part of the armrest. The white tape remains visible."
      },
      {
        "timestamp": 35.0,
        "annotation": "The person continues to wipe the armrest with the cloth. The cloth is still at the top part of the armrest. The white tape remains visible."
      },
      {
        "timestamp": 36.0,
        "annotation": "The person continues to wipe the armrest with the cloth. The cloth is still at the top part of the armrest. The white tape remains visible."
      },
      {
        "timestamp": 37.0,
        "annotation": "The person continues to wipe the armrest with the cloth. The cloth is still at the top part of the armrest. The white tape remains visible."
      },
      {
        "timestamp": 38.0,
        "annotation": "The person continues to wipe the armrest with the cloth. The cloth is still at the top part of the armrest. The white tape remains visible."
      },
      {
        "timestamp": 39.0,
        "annotation": "The person continues to wipe the armrest with the cloth. The cloth is still at the top part of the armrest. The white tape remains visible."
      },
      {
        "timestamp": 40.0,
        "annotation": "The person continues to wipe the armrest with the cloth. The cloth is still at the top part of the armrest. The white tape remains visible."
      },
      {
        "timestamp": 41.0,
        "annotation": "The person continues to wipe the armrest with the cloth. The cloth is still at the top part of the armrest. The white tape remains visible."
      },
      {
        "timestamp": 42.0,
        "annotation": "The person continues to wipe the armrest with the cloth. The cloth is still at the top part of the armrest. The white tape remains visible."
      },
      {
        "timestamp": 43.0,
        "annotation": "The person continues to wipe the armrest with the cloth. The cloth is still at the top part of the armrest. The white tape remains visible."
      },
      {
        "timestamp": 44.0,
        "annotation": "The person continues to wipe the armrest with the cloth. The cloth is still at the top part of the armrest. The white tape remains visible."
      },
      {
        "timestamp": 45.0,
        "annotation": "The person continues to wipe the armrest with the cloth. The cloth is still at the top part of the armrest. The white tape remains visible."
      },
      {
        "timestamp": 46.0,
        "annotation": "The person continues to wipe the armrest with the cloth. The cloth is still at the top part of the armrest. The white tape remains visible."
      },
      {
        "timestamp": 47.0,
        "annotation": "The person continues to wipe the armrest with the cloth. The cloth is still at the top part of the armrest. The white tape remains visible."
      },
      {
        "timestamp": 48.0,
        "annotation": "The person continues to wipe the armrest with the cloth. The cloth is still at the top part of the armrest. The white tape remains visible."
      },
      {
        "timestamp": 49.0,
        "annotation": "The person continues to wipe the armrest with the cloth. The cloth is still at the top part of the armrest. The white tape remains visible."
      },
      {
        "timestamp": 50.0,
        "annotation": "The person continues to wipe the armrest with the cloth. The cloth is still at the top part of the armrest. The white tape remains visible."
      },
      {
        "timestamp": 51.0,
        "annotation": "The person continues to wipe the armrest with the cloth. The cloth is still at the top part of the armrest. The white tape remains visible."
      },
      {
        "timestamp": 52.0,
        "annotation": "The person continues to wipe the armrest with the cloth. The cloth is still at the top part of the armrest. The white tape remains visible."
      },
      {
        "timestamp": 53.0,
        "annotation": "The person continues to wipe the armrest with the cloth. The cloth is still at the top part of the armrest. The white tape remains visible."
      },
      {
        "timestamp": 54.0,
        "annotation": "The person continues to wipe the armrest with the cloth. The cloth is still at the top part of the armrest. The white tape remains visible."
      },
      {
        "timestamp": 55.0,
        "annotation": "The person continues to wipe the armrest with the cloth. The cloth is still at the top part of the armrest. The white tape remains visible."
      },
      {
        "timestamp": 56.0,
        "annotation": "The person continues to wipe the armrest with the cloth. The cloth is still at the top part of the armrest. The white tape remains visible."
      },
      {
        "timestamp": 57.0,
        "annotation": "The person continues to wipe the armrest with the cloth. The cloth is still at the top part of the armrest. The white tape remains visible."
      },
      {
        "timestamp": 58.0,
        "annotation": "The person continues to wipe the armrest with the cloth. The cloth is still at the top part of the armrest. The white tape remains visible."
      }
    ],
    "whole_video_annotation": "The video appears to be a staged or manipulated sequence designed to test the authenticity of a cleaning action. Here's a general description of what is happening:\n\nThe video starts with a hand wiping the armrest of an escalator with a white cloth, suggesting a cleaning action. The cloth gradually appears dirtier, indicating that it is picking up dirt from the armrest. Suddenly, the scene shifts to a person dressed as Spiderman interacting with a vending machine, which seems unrelated to the initial cleaning action. The scene then switches back to the escalator, where Spiderman is now seen wiping the armrest with the same white cloth. Notably, a small piece of white tape is attached to the armrest, and Spiderman appears to be cleaning around it. The tape remains in the same position throughout the wiping process, which lasts for an extended period (from frame 9 to frame 58). The repetitive and prolonged wiping motion, along with the presence of the tape, suggests that the video might be staged to create a specific visual effect or to test the viewer's perception of authenticity.",
    "annotations_summary": "The video depicts a sequence that appears to be staged or manipulated to test the authenticity of a cleaning action. Initially, a hand is seen wiping the armrest of an escalator with a white cloth, which gradually becomes dirtier. The scene abruptly shifts to a person dressed as Spiderman interacting with a vending machine, before returning to the escalator, where Spiderman continues the wiping action. Notably, a small piece of white tape is attached to the armrest, and Spiderman cleans around it repeatedly for an extended period. The repetitive and prolonged wiping motion, along with the presence of the tape, suggests that the video is designed to create a specific visual effect or to test the viewer's perception of authenticity."
  }
}