{
  "qid": "0162-0",
  "video_id": "mLbuK7IU7_Y",
  "video_path": "videos\\0162_mLbuK7IU7_Y.mp4",
  "main_question": "How many times does the golfer in the video successfully hit the target?\n",
  "sub_questions": "To better understand the video and answer the main question, consider the following sub-questions:\n\n1. **What is the total number of attempts the golfer makes to hit the target?**\n   - This will help establish the baseline for determining the success rate.\n\n2. **What criteria are used to define a successful hit in the video?**\n   - Understanding the definition of success (e.g., hitting the target, getting close to the target, etc.) is crucial for accurate counting.\n\n3. **Are there any specific conditions or challenges mentioned in the video that might affect the golfer's performance?**\n   - Knowing the context (e.g., wind conditions, distance, type of club used) can provide insights into the difficulty of the task and the golfer's performance.",
  "annotations": {
    "frame_annotations": [
      {
        "timestamp": 0.0,
        "annotation": "The scene shows a grassy area with a wooden pole and a bell attached to it. In the background, there are trees and hedges. The text 'POV - no object is safe' is visible at the top of the image."
      },
      {
        "timestamp": 1.0,
        "annotation": "The scene remains the same as the previous frame. The golfer is preparing to swing in the background."
      },
      {
        "timestamp": 2.0,
        "annotation": "The golfer in the background is mid-swing, attempting to hit the ball."
      },
      {
        "timestamp": 3.0,
        "annotation": "The golfer has completed the swing. The ball is in mid-air, heading towards the bell."
      },
      {
        "timestamp": 4.0,
        "annotation": "The ball is very close to the bell, almost hitting it."
      },
      {
        "timestamp": 5.0,
        "annotation": "The ball has hit the bell, causing it to swing. The golfer is seen walking towards the bell."
      },
      {
        "timestamp": 6.0,
        "annotation": "The scene changes to a different part of the golf course. A golfer is seen hitting a ball towards a target with an orange ball on a pole."
      },
      {
        "timestamp": 7.0,
        "annotation": "The scene changes again. Two golfers are seen near a lit candle on a pole. One golfer is preparing to hit a ball."
      },
      {
        "timestamp": 8.0,
        "annotation": "The golfer is mid-swing, attempting to hit the ball towards a red balloon target."
      },
      {
        "timestamp": 9.0,
        "annotation": "The ball has hit the red balloon, causing it to burst. The golfer is seen walking towards the target."
      },
      {
        "timestamp": 10.0,
        "annotation": "The golfer is in the middle of his swing, attempting to hit the ball. The target is a Guinness glass with a blue ball on top."
      },
      {
        "timestamp": 11.0,
        "annotation": "The golfer has completed his swing. The ball is in mid-air, moving towards the target."
      },
      {
        "timestamp": 12.0,
        "annotation": "The ball has hit the blue ball on top of the Guinness glass, causing it to fall off. The golfer is watching the outcome."
      },
      {
        "timestamp": 13.0,
        "annotation": "The blue ball is on the ground near the Guinness glass. The golfer is walking towards the target."
      },
      {
        "timestamp": 14.0,
        "annotation": "The golfer is closer to the target, observing the result of his shot. The target has changed to a tennis ball on a pole."
      },
      {
        "timestamp": 15.0,
        "annotation": "The golfer is preparing to hit the tennis ball target with another shot. The ball is positioned near his feet."
      },
      {
        "timestamp": 16.0,
        "annotation": "The golfer is in the follow-through of his swing, having just hit the ball towards the tennis ball target."
      },
      {
        "timestamp": 17.0,
        "annotation": "The ball is in mid-air, heading towards the tennis ball target. The golfer is watching the trajectory of the ball."
      }
    ],
    "whole_video_annotation": "The video appears to be a compilation of various golf shots taken from a first-person perspective (POV), where the golfer attempts to hit different targets on a golf course. The targets include a bell attached to a wooden pole, a red balloon, a blue ball on top of a Guinness glass, and a tennis ball on a pole. The golfer's success in hitting these targets is documented throughout the video.\n\n### Number of Successful Hits:\nThe golfer successfully hits the target 4 times:\n1. The bell attached to the wooden pole (Frame 5).\n2. The red balloon (Frame 9).\n3. The blue ball on top of the Guinness glass (Frame 12).\n4. The tennis ball on the pole (Frame 17).",
    "annotations_summary": "The video is a compilation of golf shots from a first-person perspective, showcasing a golfer attempting to hit various targets on a golf course. The targets include:\n\n1. **Bell on a Wooden Pole**: The golfer successfully hits the bell, causing it to swing (Frame 5).\n2. **Red Balloon**: The golfer hits and bursts the red balloon (Frame 9).\n3. **Blue Ball on a Guinness Glass**: The golfer knocks off the blue ball from the Guinness glass (Frame 12).\n4. **Tennis Ball on a Pole**: The golfer hits the tennis ball target (Frame 17).\n\nThroughout the video, the golfer is seen preparing, swinging, and observing the outcomes of his shots, with each successful hit documented. The scenes transition between different parts of the golf course, featuring various targets and challenges."
  }
}