{
  "qid": "0198-0",
  "video_id": "j3cE7hoF5aI",
  "video_path": "videos\\0198_j3cE7hoF5aI.mp4",
  "main_question": "How many photos about \u201cold me\u201d are played in the video in total?",
  "sub_questions": "To better understand the video and answer the main question, consider the following sub-questions:\n\n1. **What is the total duration of the video?**\n   - Knowing the length of the video can help estimate the number of photos that might be included, especially if the photos are displayed for a consistent amount of time.\n\n2. **How long is each photo displayed in the video?**\n   - Understanding the duration for which each photo is shown can help calculate the total number of photos based on the video's total duration.\n\n3. **Are there any sections of the video where photos are not played?**\n   - Identifying any segments of the video that do not feature photos can help refine the estimate of the total number of photos played.",
  "annotations": {
    "frame_annotations": [
      {
        "timestamp": 0.0,
        "annotation": "A person is writing on a blackboard filled with mathematical equations. The text 'old me:' is visible."
      },
      {
        "timestamp": 1.0,
        "annotation": "A person is sitting at a desk with a laptop and books. The text 'old me:' is visible. No noticeable change from the previous frame."
      },
      {
        "timestamp": 2.0,
        "annotation": "A person is sitting at a desk with a laptop and books. The text 'old me:' is visible. No noticeable change from the previous frame."
      },
      {
        "timestamp": 3.0,
        "annotation": "A person is walking on a track field with other people in the background. The text 'old me:' is visible."
      },
      {
        "timestamp": 4.0,
        "annotation": "A person is sitting at a desk with a tablet and notebooks. The text 'old me:' is visible."
      },
      {
        "timestamp": 5.0,
        "annotation": "A close-up of a desk with an open book, a tablet, and a pen. The text 'old me:' is visible."
      },
      {
        "timestamp": 6.0,
        "annotation": "A close-up of a grade sheet showing high scores. The text 'old me:' is visible."
      },
      {
        "timestamp": 7.0,
        "annotation": "A person is decorating cupcakes with icing. The text 'old me:' is visible."
      },
      {
        "timestamp": 8.0,
        "annotation": "A close-up of a smartphone displaying alarm times on a bed. The text 'old me:' is visible."
      },
      {
        "timestamp": 9.0,
        "annotation": "A close-up of a graded paper with a perfect score and a date. The text 'old me:' is visible."
      },
      {
        "timestamp": 10.0,
        "annotation": "A close-up of a graded paper with a perfect score and a date. The text 'old me:' is visible. No change from the previous frame."
      },
      {
        "timestamp": 11.0,
        "annotation": "A close-up of a graded paper with a perfect score and a date. The text 'old me:' is visible. No change from the previous frame."
      },
      {
        "timestamp": 12.0,
        "annotation": "A close-up of a graded paper with a perfect score and a date. The text 'old me:' is visible. No change from the previous frame."
      },
      {
        "timestamp": 13.0,
        "annotation": "A close-up of a graded paper with a perfect score and a date. The text 'old me:' is visible. No change from the previous frame."
      },
      {
        "timestamp": 14.0,
        "annotation": "A close-up of a graded paper with a perfect score and a date. The text 'old me:' is visible. No change from the previous frame."
      },
      {
        "timestamp": 15.0,
        "annotation": "A close-up of a graded paper with a perfect score and a date. The text 'old me:' is visible. No change from the previous frame."
      },
      {
        "timestamp": 16.0,
        "annotation": "A close-up of a graded paper with a perfect score and a date. The text 'old me:' is visible. No change from the previous frame."
      },
      {
        "timestamp": 17.0,
        "annotation": "A close-up of a graded paper with a perfect score and a date. The text 'old me:' is visible. No change from the previous frame."
      },
      {
        "timestamp": 18.0,
        "annotation": "A close-up of a graded paper with a perfect score and a date. The text 'old me:' is visible. No change from the previous frame."
      },
      {
        "timestamp": 19.0,
        "annotation": "A close-up of a graded paper with a perfect score and a date. The text 'old me:' is visible. No change from the previous frame."
      },
      {
        "timestamp": 20.0,
        "annotation": "A person is sitting on the floor with their head down, wearing a black and white outfit with white sneakers. The text 'now me:' is visible. This is a different scene compared to the previous frame, showing a person in a contrasting pose and setting."
      }
    ],
    "whole_video_annotation": "The video appears to be a montage comparing two different phases of a person's life, labeled as \"old me\" and \"now me.\" The \"old me\" section features various activities and achievements, such as studying, exercising, working on projects, and receiving high grades. The \"now me\" section shows a person in a more introspective or possibly melancholic pose, sitting on the floor with their head down.\n\nTo answer the user's question: There are 20 frames labeled as \"old me\" in the video.",
    "annotations_summary": "The video is a montage that contrasts two phases of a person's life, labeled as \"old me\" and \"now me.\"\n\n### \"Old Me\" Section (0.0s to 19.0s):\n- **Activities and Achievements**: The \"old me\" section showcases various activities and accomplishments, including:\n  - Writing on a blackboard filled with mathematical equations.\n  - Studying at a desk with a laptop and books.\n  - Exercising on a track field.\n  - Working at a desk with a tablet and notebooks.\n  - Decorating cupcakes.\n  - Setting alarms on a smartphone.\n  - Receiving high grades and perfect scores on graded papers.\n\n- **Duration**: This section spans from 0.0 seconds to 19.0 seconds, consisting of 20 frames.\n\n### \"Now Me\" Section (20.0s):\n- **Pose and Setting**: The \"now me\" section features a person in a more introspective or melancholic pose, sitting on the floor with their head down, wearing a black and white outfit with white sneakers. This scene contrasts sharply with the active and achievement-oriented \"old me\" section.\n\n### Summary:\nThe video effectively juxtaposes a past phase of active engagement and achievement (\"old me\") with a present phase of introspection or melancholy (\"now me\"). The transition from the dynamic and successful activities of the past to the contemplative pose in the present highlights a significant shift in the person's life or emotional state."
  }
}