{
  "qid": "0217-2",
  "video_id": "C9yerI1NK7M",
  "video_path": "videos\\0217_C9yerI1NK7M.mp4",
  "main_question": "Did the time lapse of the capillary action demonstration last one hour and fifteen minutes according to the clock in the video?",
  "sub_questions": "To better understand the video and address the main question, consider the following sub-questions:\n\n1. **What is the total duration of the capillary action demonstration as shown in the video?**\n   - This will help determine if the demonstration indeed lasted one hour and fifteen minutes.\n\n2. **Are there any timestamps or visual indicators in the video that show the passage of time during the demonstration?**\n   - This can provide evidence to support or refute the claimed duration.\n\n3. **Does the video include a visible clock or timer that runs concurrently with the demonstration?**\n   - If so, verifying the time shown on the clock at the start and end of the demonstration can confirm the duration.",
  "annotations": {
    "frame_annotations": [
      {
        "timestamp": 0.0,
        "annotation": "A hand is holding a dropper above four empty glasses labeled 'Water,' 'Nit. Diox,' 'Methyl. Chlo,' and 'Eth. Acet.' There is text in Chinese at the top of the image."
      },
      {
        "timestamp": 1.0,
        "annotation": "The dropper is now releasing a liquid into the glass labeled 'Nit. Diox.' No significant change in the other glasses."
      },
      {
        "timestamp": 2.0,
        "annotation": "The liquid in the 'Nit. Diox.' glass has started to travel up the dropper, demonstrating capillary action. The other glasses remain empty."
      },
      {
        "timestamp": 3.0,
        "annotation": "The liquid continues to rise up the dropper in the 'Nit. Diox.' glass. No change in the other glasses."
      },
      {
        "timestamp": 4.0,
        "annotation": "The liquid has reached the top of the dropper in the 'Nit. Diox.' glass and is spilling over. The other glasses are still empty."
      },
      {
        "timestamp": 5.0,
        "annotation": "The dropper is now empty, and the 'Nit. Diox.' glass contains the liquid. The other glasses remain empty."
      },
      {
        "timestamp": 6.0,
        "annotation": "The dropper is being held above the glass labeled 'Methyl. Chlo.' No liquid is being released yet."
      },
      {
        "timestamp": 7.0,
        "annotation": "The dropper is releasing a green liquid into the 'Methyl. Chlo.' glass. The other glasses remain as they were."
      },
      {
        "timestamp": 8.0,
        "annotation": "The green liquid in the 'Methyl. Chlo.' glass has started to travel up the dropper, similar to the previous demonstration. The other glasses are still empty."
      },
      {
        "timestamp": 9.0,
        "annotation": "The green liquid continues to rise up the dropper in the 'Methyl. Chlo.' glass. No change in the other glasses."
      }
    ],
    "whole_video_annotation": "The video demonstrates capillary action using a dropper and four different liquids in labeled glasses: \"Water,\" \"Nit. Diox.\" (Nitric Dioxide), \"Methyl. Chlo.\" (Methyl Chloride), and \"Eth. Acet.\" (Ethyl Acetate). The demonstration shows how the liquids behave when introduced into the dropper, with a particular focus on how they travel up the dropper due to capillary action.\n\nRegarding the user's question about the time lapse: The timestamps provided in the frame descriptions range from 0.00 seconds to 9.00 seconds, indicating that the entire demonstration lasts only 9 seconds. Therefore, the time lapse of the capillary action demonstration did not last one hour and fifteen minutes.",
    "annotations_summary": "The video demonstrates capillary action using a dropper and four different liquids in labeled glasses: \"Water,\" \"Nit. Diox.\" (Nitric Dioxide), \"Methyl. Chlo.\" (Methyl Chloride), and \"Eth. Acet.\" (Ethyl Acetate). The demonstration shows how the liquids behave when introduced into the dropper, with a particular focus on how they travel up the dropper due to capillary action.\n\nHere is a brief summary of the frame-level descriptions:\n\n1. **Initial Setup (0.0s)**: A hand holds a dropper above four empty glasses labeled with different liquids. There is text in Chinese at the top of the image.\n2. **First Liquid (1.0s - 5.0s)**: The dropper releases a liquid into the glass labeled \"Nit. Diox.\" The liquid travels up the dropper, demonstrating capillary action, and eventually fills the glass.\n3. **Second Liquid (6.0s - 9.0s)**: The dropper is then used with the glass labeled \"Methyl. Chlo.\" A green liquid is released into this glass and also travels up the dropper, showing similar capillary action.\n\nThe demonstration lasts only 9 seconds, focusing on the behavior of the liquids in the dropper due to capillary action."
  }
}