{
  "qid": "0251-3",
  "video_id": "-HAFFvsDCr4",
  "video_path": "videos\\0251_-HAFFvsDCr4.mp4",
  "main_question": "Did the ball fall off the disc because the disc was tilted, causing it to roll off due to gravity?",
  "sub_questions": "To better understand the video and address the main question, here are three helpful sub-questions:\n\n1. **What is the initial position of the ball on the disc and the angle of the disc's tilt at the start of the video?**\n   - This will help determine if the ball was already in a position where it could roll off due to the tilt.\n\n2. **Are there any external forces or movements applied to the disc or the ball during the video?**\n   - This will help identify if something other than gravity caused the ball to roll off.\n\n3. **What is the trajectory of the ball as it leaves the disc?**\n   - Observing the ball's path can provide clues about the forces acting on it and confirm if gravity was the primary cause.",
  "annotations": {
    "frame_annotations": [
      {
        "timestamp": 0.0,
        "annotation": "The scene shows a large circular disc with a ball placed on its surface. The disc is surrounded by straw-like structures. A group of people is standing around the disc, observing it. The ball is positioned near the center of the disc."
      },
      {
        "timestamp": 1.0,
        "annotation": "The ball remains in the same position near the center of the disc. The people around the disc are still observing quietly. No noticeable movement of the ball or the disc."
      },
      {
        "timestamp": 2.0,
        "annotation": "The ball is still in the same position. The people around the disc continue to observe without any apparent movement or change in their positions."
      },
      {
        "timestamp": 3.0,
        "annotation": "The ball starts to move slightly towards the edge of the disc. The people around the disc appear to be more attentive, focusing on the ball's movement."
      },
      {
        "timestamp": 4.0,
        "annotation": "The ball is now closer to the edge of the disc. The people are still observing intently. The disc appears to be tilting slightly, causing the ball to roll towards the edge."
      },
      {
        "timestamp": 5.0,
        "annotation": "The ball is at the very edge of the disc, about to fall off. The disc is visibly tilted, and the straw-like structures are bending under the weight of the disc. The people are closely watching the ball."
      },
      {
        "timestamp": 6.0,
        "annotation": "The ball has fallen off the disc and is now on the floor. The disc is tilted significantly, and the straw-like structures are collapsed underneath. The people are observing the outcome."
      },
      {
        "timestamp": 7.0,
        "annotation": "Close-up view of the collapsed straw-like structures under the disc. The disc is resting on the collapsed structures, and the ball is on the floor nearby."
      },
      {
        "timestamp": 8.0,
        "annotation": "The disc is still tilted and resting on the collapsed structures. The ball is on the floor, and the people are continuing to observe the scene."
      },
      {
        "timestamp": 9.0,
        "annotation": "The disc remains tilted and on the collapsed structures. The ball is still on the floor, and the people are still observing the aftermath."
      },
      {
        "timestamp": 10.0,
        "annotation": "The disc remains tilted and on the collapsed structures. The ball is still on the floor, and the people are still observing the aftermath."
      },
      {
        "timestamp": 11.0,
        "annotation": "No noticeable change from the previous frame. The disc remains tilted, the ball is on the floor, and the people are still observing."
      },
      {
        "timestamp": 12.0,
        "annotation": "No noticeable change from the previous frame. The disc remains tilted, the ball is on the floor, and the people are still observing."
      },
      {
        "timestamp": 13.0,
        "annotation": "No noticeable change from the previous frame. The disc remains tilted, the ball is on the floor, and the people are still observing."
      },
      {
        "timestamp": 14.0,
        "annotation": "No noticeable change from the previous frame. The disc remains tilted, the ball is on the floor, and the people are still observing."
      },
      {
        "timestamp": 15.0,
        "annotation": "No noticeable change from the previous frame. The disc remains tilted, the ball is on the floor, and the people are still observing."
      },
      {
        "timestamp": 16.0,
        "annotation": "No noticeable change from the previous frame. The disc remains tilted, the ball is on the floor, and the people are still observing."
      },
      {
        "timestamp": 17.0,
        "annotation": "No noticeable change from the previous frame. The disc remains tilted, the ball is on the floor, and the people are still observing."
      },
      {
        "timestamp": 18.0,
        "annotation": "No noticeable change from the previous frame. The disc remains tilted, the ball is on the floor, and the people are still observing."
      },
      {
        "timestamp": 19.0,
        "annotation": "No noticeable change from the previous frame. The disc remains tilted, the ball is on the floor, and the people are still observing."
      },
      {
        "timestamp": 20.0,
        "annotation": "The ball is on a tilted disc, and a group of people are observing. The disc is tilted, and the ball appears to be in motion, likely rolling off the disc."
      },
      {
        "timestamp": 21.0,
        "annotation": "The ball is closer to the edge of the disc compared to the previous frame, indicating it is rolling off due to the tilt. The people are still observing."
      },
      {
        "timestamp": 22.0,
        "annotation": "The ball is now off the disc and appears to be in mid-air, falling towards the floor. The disc remains tilted, and the people are still observing."
      },
      {
        "timestamp": 23.0,
        "annotation": "The ball has landed on the floor. The disc remains tilted, and the people are still observing the situation."
      },
      {
        "timestamp": 24.0,
        "annotation": "No noticeable change from the previous frame. The disc remains tilted, the ball is on the floor, and the people are still observing."
      },
      {
        "timestamp": 25.0,
        "annotation": "No noticeable change from the previous frame. The disc remains tilted, the ball is on the floor, and the people are still observing."
      }
    ],
    "whole_video_annotation": "The video depicts an experiment or demonstration involving a large circular disc with a ball placed on its surface. The disc is supported by straw-like structures and is surrounded by a group of people who are observing the scene closely. Initially, the ball is near the center of the disc and remains stationary. However, the disc begins to tilt, causing the ball to roll towards the edge. Eventually, the ball falls off the disc and lands on the floor. The straw-like structures collapse under the weight of the tilted disc. The people continue to observe the aftermath, with the disc remaining tilted and the ball on the floor.\n\nRegarding the user's question: Yes, the ball fell off the disc because the disc was tilted, causing the ball to roll off due to gravity.",
    "annotations_summary": "The video shows an experiment where a ball is placed on a large circular disc supported by straw-like structures. A group of people observes as the disc tilts, causing the ball to roll off and fall to the floor. The straw-like structures collapse under the weight of the tilted disc, and the observers continue to watch the aftermath with the disc remaining tilted and the ball on the floor. The ball's movement and the disc's tilt are the primary actions observed throughout the video."
  }
}