{
  "qid": "0256-0",
  "video_id": "uPIpFgh_DPU",
  "video_path": "videos\\0256_uPIpFgh_DPU.mp4",
  "main_question": "How many times does the ping-pong ball bounce on the ground in total?",
  "sub_questions": "To better understand the video and answer the main question \"How many times does the ping-pong ball bounce on the ground in total?\", consider the following sub-questions:\n\n1. **How long is the duration of the video?**\n   - Knowing the length of the video can help in estimating the number of bounces if the bounces occur at a regular interval.\n\n2. **Is the ping-pong ball bouncing continuously or intermittently?**\n   - Understanding the pattern of bounces (continuous or with pauses) is crucial for an accurate count.\n\n3. **Are there any obstacles or interruptions that might affect the bounces?**\n   - Identifying any factors that could interrupt the bounces, such as obstacles or external forces, will help in providing an accurate total count.",
  "annotations": {
    "frame_annotations": [
      {
        "timestamp": 0.0,
        "annotation": "A child is sitting on the stairs holding an orange ball in each hand. The text 'Count the bounces!' is displayed at the top of the image."
      },
      {
        "timestamp": 0.97,
        "annotation": "The child is in the process of releasing one of the orange balls. The text 'Count the bounces!' is still displayed."
      },
      {
        "timestamp": 1.94,
        "annotation": "The ball is in mid-air, descending towards the stairs. The child's hand is no longer visible holding the ball."
      },
      {
        "timestamp": 2.91,
        "annotation": "The ball has bounced and is ascending back up the stairs. The child's feet are visible at the bottom of the frame."
      },
      {
        "timestamp": 3.88,
        "annotation": "The ball is at the peak of its bounce, starting to descend again. The child's feet are still visible."
      },
      {
        "timestamp": 4.84,
        "annotation": "The ball is bouncing again, this time lower than the previous bounce. The child's feet are still in the same position."
      },
      {
        "timestamp": 5.81,
        "annotation": "The ball is ascending after another bounce. The child's feet are visible at the bottom of the frame."
      },
      {
        "timestamp": 6.78,
        "annotation": "The ball is at the peak of its third bounce, starting to descend. The child's feet are still visible."
      },
      {
        "timestamp": 7.75,
        "annotation": "The ball is bouncing again, this time even lower than the previous bounces. The child's feet are still in the same position."
      },
      {
        "timestamp": 8.72,
        "annotation": "The ball is seen rolling down the stairs after the final bounce. The child's feet are visible at the bottom of the frame."
      },
      {
        "timestamp": 9.69,
        "annotation": "The ball is rolling down the stairs. The ball is on the third step from the bottom."
      },
      {
        "timestamp": 10.66,
        "annotation": "The ball continues to roll down the stairs. The ball is on the second step from the bottom. No bounce is observed in this frame."
      },
      {
        "timestamp": 11.63,
        "annotation": "The ball is still rolling down the stairs. The ball is on the first step from the bottom. No bounce is observed in this frame."
      },
      {
        "timestamp": 12.59,
        "annotation": "The ball has reached the bottom of the stairs and is rolling on the ground. No bounce is observed in this frame."
      },
      {
        "timestamp": 13.56,
        "annotation": "The ball is seen rolling on the ground after the final bounce. No bounce is observed in this frame."
      },
      {
        "timestamp": 14.53,
        "annotation": "The ball is seen rolling on the ground after the final bounce. No bounce is observed in this frame."
      }
    ],
    "whole_video_annotation": "In the video, a child is sitting on the stairs holding an orange ball in each hand. The child releases one of the balls, and the video captures the ball bouncing down the stairs. The text \"Count the bounces!\" is displayed at the top of the screen, indicating that the viewer should count the number of times the ball bounces. The ball bounces multiple times as it descends the stairs, with each bounce becoming progressively lower until it eventually rolls down the stairs without bouncing anymore.\n\nThe user asked how many times the ping-pong ball bounces on the ground in total. However, the ball in the video is described as an orange ball, not a ping-pong ball. Assuming the user meant the orange ball, the ball bounces a total of 4 times on the stairs before rolling down without further bounces.",
    "annotations_summary": "The video shows a child sitting on the stairs holding an orange ball in each hand. The child releases one of the balls, and the text \"Count the bounces!\" is displayed, prompting the viewer to count the bounces. The ball bounces four times on the stairs, with each subsequent bounce being lower than the previous one. After the fourth bounce, the ball rolls down the stairs without bouncing further until it reaches the ground and continues to roll."
  }
}