{
  "qid": "0266-3",
  "video_id": "9yC-paTJvkE",
  "video_path": "videos\\0266_9yC-paTJvkE.mp4",
  "main_question": "Is the yellow rubber band fully looped around the right thumb?",
  "sub_questions": "To better understand the video and determine if the yellow rubber band is fully looped around the right thumb, consider the following sub-questions:\n\n1. **Can you clearly see the right thumb in the video?**\n   - This will help confirm that the relevant part of the body is visible.\n\n2. **Is there a yellow rubber band visible in the video?**\n   - This will verify the presence of the rubber band.\n\n3. **Does the yellow rubber band appear to be completely encircling the right thumb without any gaps or loose ends?**\n   - This will help assess whether the rubber band is fully looped around the thumb.",
  "annotations": {
    "frame_annotations": [
      {
        "timestamp": 0.0,
        "annotation": "The hands are positioned with the left hand open and the right hand holding a yellow rubber band. The rubber band is looped around the right thumb but not fully secured."
      },
      {
        "timestamp": 1.0,
        "annotation": "The hands remain in the same position. The rubber band is still looped around the right thumb, but there is no noticeable change in its position."
      },
      {
        "timestamp": 2.0,
        "annotation": "The hands are still in the same position. The rubber band is looped around the right thumb, and there is no significant change from the previous frame."
      },
      {
        "timestamp": 3.0,
        "annotation": "The hands are in the same position. The rubber band is looped around the right thumb. A blue and white object appears above the hands."
      },
      {
        "timestamp": 4.0,
        "annotation": "The hands remain in the same position. The rubber band is still looped around the right thumb. The blue and white object is still visible above the hands."
      },
      {
        "timestamp": 5.0,
        "annotation": "The hands are still in the same position. The rubber band is looped around the right thumb. The blue and white object is still present above the hands."
      },
      {
        "timestamp": 6.0,
        "annotation": "The hands remain in the same position. The rubber band is looped around the right thumb. The blue and white object is still visible above the hands."
      },
      {
        "timestamp": 7.0,
        "annotation": "The hands are still in the same position. The rubber band is looped around the right thumb. The blue and white object is still present above the hands. A small video clip appears below the hands."
      },
      {
        "timestamp": 8.0,
        "annotation": "The hands remain in the same position. The rubber band is looped around the right thumb. The blue and white object is still visible above the hands. The small video clip is still below the hands."
      },
      {
        "timestamp": 9.0,
        "annotation": "The hands are still in the same position. The rubber band is looped around the right thumb. The blue and white object is still present above the hands. The small video clip is still below the hands. The text on the blue and white object changes."
      },
      {
        "timestamp": 10.0,
        "annotation": "The hands are still in the same position. The rubber band is looped around the right thumb. The blue and white object is still present above the hands. The small video clip is still below the hands. The text on the blue and white object changes."
      },
      {
        "timestamp": 11.0,
        "annotation": "The hands are still in the same position. The rubber band is looped around the right thumb. The blue and white object is still present above the hands. The small video clip is still below the hands. The text on the blue and white object changes."
      },
      {
        "timestamp": 12.0,
        "annotation": "The hands are still in the same position. The rubber band is looped around the right thumb. The blue and white object is still present above the hands. The small video clip is still below the hands. The text on the blue and white object changes."
      },
      {
        "timestamp": 13.0,
        "annotation": "The hands are still in the same position. The rubber band is looped around the right thumb. The blue and white object is still present above the hands. The small video clip is still below the hands. The text on the blue and white object changes."
      },
      {
        "timestamp": 14.0,
        "annotation": "The hands are still in the same position. The rubber band is looped around the right thumb. The blue and white object is still present above the hands. The small video clip is still below the hands. The text on the blue and white object changes."
      },
      {
        "timestamp": 15.0,
        "annotation": "The hands are still in the same position. The rubber band is looped around the right thumb. The blue and white object is still present above the hands. The small video clip is still below the hands. The text on the blue and white object changes."
      },
      {
        "timestamp": 16.0,
        "annotation": "The hands are still in the same position. The rubber band is looped around the right thumb. The blue and white object is still present above the hands. The small video clip is still below the hands. The text on the blue and white object changes."
      },
      {
        "timestamp": 17.0,
        "annotation": "The hands are still in the same position. The rubber band is looped around the right thumb. The blue and white object is still present above the hands. The small video clip is still below the hands. The text on the blue and white object changes."
      },
      {
        "timestamp": 18.0,
        "annotation": "The hands are still in the same position. The rubber band is looped around the right thumb. The blue and white object is still present above the hands. The small video clip is still below the hands. The text on the blue and white object changes."
      }
    ],
    "whole_video_annotation": "In the video, the following actions and elements are observed:\n\n- The hands remain in a consistent position throughout the entire sequence.\n- The left hand is open, while the right hand is holding a yellow rubber band.\n- The yellow rubber band is looped around the right thumb but is not fully secured.\n- Starting from Frame 3, a blue and white object appears above the hands and remains visible throughout the rest of the frames.\n- Starting from Frame 7, a small video clip appears below the hands and stays visible for the remainder of the frames.\n- The text on the blue and white object changes periodically from Frame 9 to Frame 18.\n\nRegarding the specific question: \"Is the yellow rubber band fully looped around the right thumb?\"\nNo, the yellow rubber band is looped around the right thumb but is not fully secured.",
    "annotations_summary": "### Summary of the Video Descriptions\n\n**Frame-Level Descriptions:**\n- **Consistent Hand Position:** Throughout the video (from 0.0s to 18.0s), the hands remain in the same position. The left hand is open, and the right hand holds a yellow rubber band looped around the right thumb but not fully secured.\n- **Appearance of Blue and White Object:** Starting at 3.0s, a blue and white object appears above the hands and remains visible for the rest of the video.\n- **Appearance of Small Video Clip:** Starting at 7.0s, a small video clip appears below the hands and stays visible until the end of the video.\n- **Changing Text:** From 9.0s to 18.0s, the text on the blue and white object changes periodically.\n\n**Video-Level Description:**\n- **Hand Position:** The hands stay in a consistent position throughout the video.\n- **Yellow Rubber Band:** The right hand holds a yellow rubber band looped around the right thumb but not fully secured.\n- **Blue and White Object:** Appears above the hands starting from Frame 3 and remains visible.\n- **Small Video Clip:** Appears below the hands starting from Frame 7 and stays visible.\n- **Changing Text:** The text on the blue and white object changes periodically from Frame 9 to Frame 18.\n\n**Specific Question Answer:**\n- **Is the yellow rubber band fully looped around the right thumb?** No, the yellow rubber band is looped around the right thumb but is not fully secured."
  }
}