{
  "qid": "0267-0",
  "video_id": "Drp2PBktp7U",
  "video_path": "videos\\0267_Drp2PBktp7U.mp4",
  "main_question": "What is the first person in the video doing?",
  "sub_questions": "To better understand what the first person in the video is doing, consider the following sub-questions:\n\n1. **What is the setting or environment in which the video takes place?**\n   - Understanding the context can provide clues about the activities taking place.\n\n2. **Are there any visible objects or tools that the first person is interacting with?**\n   - Identifying objects can help determine the nature of the activity.\n\n3. **What are the actions or movements performed by the first person throughout the video?**\n   - Describing the specific actions can give a clear picture of what the person is doing.",
  "annotations": {
    "frame_annotations": [
      {
        "timestamp": 0.0,
        "annotation": "A person is in mid-air, seemingly jumping over a basketball hoop. The person is wearing a white shirt, blue jeans, and a hat."
      },
      {
        "timestamp": 1.0,
        "annotation": "The person continues to be in mid-air, maintaining the same posture. No noticeable change from the previous frame."
      },
      {
        "timestamp": 2.0,
        "annotation": "The person is still in mid-air, with no significant change in position or posture."
      },
      {
        "timestamp": 3.0,
        "annotation": "The person is still in mid-air, with no significant change in position or posture."
      },
      {
        "timestamp": 4.0,
        "annotation": "The scene changes to a different location. A person is being lifted by another person's hands. The lifted person is wearing a red jacket and has their arms raised."
      },
      {
        "timestamp": 5.0,
        "annotation": "The lifted person remains in the air, with no noticeable change in position or posture."
      },
      {
        "timestamp": 6.0,
        "annotation": "The scene changes again. A person in a blue jacket and hat is walking towards a blue bus in an urban setting."
      },
      {
        "timestamp": 7.0,
        "annotation": "The person in the blue jacket continues walking towards the bus, with no noticeable change in position or posture."
      },
      {
        "timestamp": 8.0,
        "annotation": "The scene changes to a beach at sunset. A person is standing on the shore holding a lit object up towards the setting sun."
      },
      {
        "timestamp": 9.0,
        "annotation": "The person on the beach remains in the same position, holding the lit object towards the sunset."
      },
      {
        "timestamp": 10.0,
        "annotation": "The person on the beach remains in the same position, holding the lit object towards the sunset."
      },
      {
        "timestamp": 11.0,
        "annotation": "The person on the beach remains in the same position, holding the lit object towards the sunset."
      },
      {
        "timestamp": 12.0,
        "annotation": "The person on the beach remains in the same position, holding the lit object towards the sunset."
      },
      {
        "timestamp": 13.0,
        "annotation": "The person on the beach remains in the same position, holding the lit object towards the sunset."
      },
      {
        "timestamp": 14.0,
        "annotation": "The person on the beach remains in the same position, holding the lit object towards the sunset."
      },
      {
        "timestamp": 15.0,
        "annotation": "The person on the beach remains in the same position, holding the lit object towards the sunset."
      }
    ],
    "whole_video_annotation": "The video appears to be a montage of different scenes featuring various individuals in distinct settings. Here's a short general description of what is happening:\n\nThe video starts with a person seemingly jumping over a basketball hoop, remaining in mid-air for several seconds. The scene then changes to show another person being lifted by someone else. Following that, there is a scene of a person walking towards a blue bus in an urban environment. The final scene depicts a person standing on a beach at sunset, holding a lit object towards the setting sun.\n\nThe first person in the video is in mid-air, seemingly jumping over a basketball hoop.",
    "annotations_summary": "The video is a montage consisting of four distinct scenes:\n\n1. **Jumping Over a Basketball Hoop (0.0s - 3.0s)**: A person is seen in mid-air, seemingly jumping over a basketball hoop. The individual is dressed in a white shirt, blue jeans, and a hat. This action is sustained for several seconds without noticeable change.\n\n2. **Being Lifted (4.0s - 5.0s)**: The scene changes to show a person being lifted by another individual. The lifted person is wearing a red jacket and has their arms raised, remaining in the air without significant movement.\n\n3. **Walking Towards a Bus (6.0s - 7.0s)**: The next scene features a person in a blue jacket and hat walking towards a blue bus in an urban setting. The individual continues walking without noticeable change in posture.\n\n4. **Beach at Sunset (8.0s - 15.0s)**: The final scene depicts a person standing on a beach at sunset, holding a lit object up towards the setting sun. The person remains in the same position for several seconds, maintaining the same posture.\n\nEach scene captures a different setting and activity, creating a diverse and dynamic montage."
  }
}