{
  "qid": "0273-7",
  "video_id": "zn3MNXMIdDk",
  "video_path": "videos\\0273_zn3MNXMIdDk.mp4",
  "main_question": "What color is facing up on the solved Rubik's Cube?\nA. Yellow\nB. White\nC. Blue\nD. Green",
  "sub_questions": "To better understand the video and determine the color facing up on the solved Rubik's Cube, consider the following sub-questions:\n\n1. **What is the standard color configuration of a solved Rubik's Cube?**\n   - This will help clarify which color should be on the top face when the cube is solved.\n\n2. **Is the Rubik's Cube in the video fully solved, and if so, how is it oriented?**\n   - Understanding the orientation of the cube is crucial because the color on the top face can vary depending on how the cube is positioned.\n\n3. **Are there any visual markers or indicators in the video that show the top face of the Rubik's Cube?**\n   - Identifying specific visual cues can help confirm which color is facing up.",
  "annotations": {
    "frame_annotations": [
      {
        "timestamp": 0.0,
        "annotation": "A person is sitting in a stadium, holding a Rubik's Cube. The person appears to be focused on solving the cube. The crowd in the background is blurred and not the main focus."
      },
      {
        "timestamp": 1.0,
        "annotation": "The person continues to hold the Rubik's Cube, and the text 'FOCUS ON YOURSELF' appears on the screen. The crowd in the background remains blurred."
      },
      {
        "timestamp": 2.0,
        "annotation": "The person is still holding the Rubik's Cube, and the text 'FOCUS ON YOURSELF' is still visible. The crowd in the background is slightly more visible but still blurred."
      },
      {
        "timestamp": 3.0,
        "annotation": "The camera zooms out slightly, showing more of the crowd. The text 'Work hard do success' appears at the bottom of the screen. The person with the Rubik's Cube is still the main focus."
      },
      {
        "timestamp": 4.0,
        "annotation": "The camera continues to zoom out, revealing more of the stadium and the crowd. The text 'UNTIL THE CROWD' appears on the screen. The person with the Rubik's Cube is less prominent but still visible."
      },
      {
        "timestamp": 5.0,
        "annotation": "The camera zooms out further, focusing more on the crowd. The text 'UNTIL THE CROWD' is still visible. The person with the Rubik's Cube is now part of the broader scene."
      },
      {
        "timestamp": 6.0,
        "annotation": "The camera zooms back in on the person with the Rubik's Cube. The text 'Work hard do success' is visible at the bottom of the screen. The crowd is blurred in the background."
      },
      {
        "timestamp": 7.0,
        "annotation": "The text 'FOCUS ON YOU !!' appears on the screen. The person with the Rubik's Cube is the main focus, and the crowd in the background is blurred."
      },
      {
        "timestamp": 8.0,
        "annotation": "The text 'FOCUS ON YOU !!' is still visible. The person with the Rubik's Cube continues to be the main focus, with the crowd blurred in the background."
      },
      {
        "timestamp": 9.0,
        "annotation": "The text 'Work hard do success' is visible at the bottom of the screen. The person with the Rubik's Cube is the main focus, and the crowd in the background is blurred."
      },
      {
        "timestamp": 10.0,
        "annotation": "The text 'Work hard do success' is visible at the bottom of the screen. The person with the Rubik's Cube is the main focus, and the crowd in the background is blurred. The person is holding the Rubik's Cube in front of them, and the top face of the cube is visible."
      },
      {
        "timestamp": 11.0,
        "annotation": "The text 'Work hard do success' is still visible at the bottom of the screen. The person with the Rubik's Cube is still the main focus, and the crowd in the background remains blurred. The person has moved slightly, and the Rubik's Cube is now partially obscured by their hand. The top face of the cube is no longer fully visible."
      }
    ],
    "whole_video_annotation": "The video depicts a person sitting in a stadium, intently focused on solving a Rubik's Cube. Throughout the video, the camera alternates between close-ups of the person and the Rubik's Cube and wider shots that include the stadium crowd. The text on the screen emphasizes themes of focus and hard work, with phrases like \"FOCUS ON YOURSELF,\" \"Work hard do success,\" and \"FOCUS ON YOU !!\" appearing at various points. The crowd in the background is generally blurred, keeping the attention on the individual and the Rubik's Cube.\n\nRegarding the question about the color facing up on the solved Rubik's Cube, the video does not provide enough information to determine the exact color of the top face of the Rubik's Cube. The top face is visible in Frame 10, but the specific color is not described. Therefore, it is not possible to answer the question based on the provided frames.",
    "annotations_summary": "The video features a person sitting in a stadium, deeply focused on solving a Rubik's Cube. The camera frequently shifts between close-up shots of the individual and the Rubik's Cube and wider shots that include the stadium crowd, which remains blurred to keep the focus on the person and the cube. Throughout the video, motivational text appears on the screen, emphasizing themes of focus and hard work, such as \"FOCUS ON YOURSELF,\" \"Work hard do success,\" and \"FOCUS ON YOU !!\" The person's actions and the text serve to inspire viewers to concentrate on their goals and persevere through challenges. The top face of the Rubik's Cube is visible in Frame 10, but the specific color is not described, making it impossible to determine the color of the solved face based on the provided information."
  }
}