{
  "qid": "0273-2",
  "video_id": "zn3MNXMIdDk",
  "video_path": "videos\\0273_zn3MNXMIdDk.mp4",
  "main_question": "Is the top color of the solved Rubik's Cube white?",
  "sub_questions": "To better understand the video and answer the main question \"Is the top color of the solved Rubik's Cube white?\", consider the following sub-questions:\n\n1. **What is the color of the top face of the Rubik's Cube when it is fully solved?**\n   - This sub-question directly addresses the main question by asking for the specific color of the top face in a solved state.\n\n2. **Are there any visual indicators or markings on the Rubik's Cube that show the solved state?**\n   - This sub-question helps to understand if there are any additional visual cues that might indicate the solved state, which could include the color of the top face.\n\n3. **Does the video show the process of solving the Rubik's Cube, and if so, what is the final configuration of the top face?**\n   - This sub-question aims to confirm whether the video provides a clear view of the solved state and the color of the top face at the end of the solving process.",
  "annotations": {
    "frame_annotations": [
      {
        "timestamp": 0.0,
        "annotation": "A person is sitting in a stadium, holding a Rubik's Cube. The crowd is visible in the background."
      },
      {
        "timestamp": 1.0,
        "annotation": "The person is still holding the Rubik's Cube, starting to focus on it. The text 'FOCUS ON YOURSELF' appears on the screen."
      },
      {
        "timestamp": 2.0,
        "annotation": "The person continues to focus on the Rubik's Cube. The text 'FOCUS ON YOURSELF' remains on the screen."
      },
      {
        "timestamp": 3.0,
        "annotation": "The camera zooms out slightly, showing more of the crowd. The text 'Work hard do success' appears at the bottom."
      },
      {
        "timestamp": 4.0,
        "annotation": "The view shifts to a wider angle of the stadium crowd. The text 'UNTIL THE CROWD' appears on the screen."
      },
      {
        "timestamp": 5.0,
        "annotation": "The camera remains on the crowd, panning slightly. The text 'UNTIL THE CROWD' is still visible."
      },
      {
        "timestamp": 6.0,
        "annotation": "The view returns to the person holding the Rubik's Cube. The text 'Work hard do success' is at the bottom."
      },
      {
        "timestamp": 7.0,
        "annotation": "The person is still focused on the Rubik's Cube. The text 'FOCUS ON YOU !!' appears on the screen."
      },
      {
        "timestamp": 8.0,
        "annotation": "The text 'FOCUS ON YOU !!' remains on the screen as the person continues to work on the Rubik's Cube."
      },
      {
        "timestamp": 9.0,
        "annotation": "The view shows the person holding the Rubik's Cube, with the crowd in the background. The text 'Work hard do success' is at the bottom."
      },
      {
        "timestamp": 10.0,
        "annotation": "The view shows the person holding the Rubik's Cube, with the crowd in the background. The text 'Work hard do success' is at the bottom. The Rubik's Cube is not visible in detail."
      },
      {
        "timestamp": 11.0,
        "annotation": "The view is now focused on the crowd, and the person holding the Rubik's Cube is no longer visible. The text 'Work hard do success' remains at the bottom. The noticeable change is the absence of the person holding the Rubik's Cube."
      }
    ],
    "whole_video_annotation": "The video appears to be a motivational sequence set in a stadium. Here's a short general description of what is happening:\n\nA person is sitting in a stadium, holding a Rubik's Cube and focusing on it. The crowd in the background is visible, and various motivational phrases such as \"FOCUS ON YOURSELF,\" \"Work hard do success,\" and \"UNTIL THE CROWD\" appear on the screen. The camera alternates between close-ups of the person and the Rubik's Cube and wider shots of the crowd, emphasizing the contrast between individual focus and the larger environment. The video seems to convey a message about personal dedication and hard work amidst distractions or a larger audience.\n\nRegarding the specific question about the top color of the solved Rubik's Cube, the video does not provide enough detail to determine the color of the top face of the Rubik's Cube.",
    "annotations_summary": "The video is a motivational sequence set in a stadium. It features a person sitting and focusing on a Rubik's Cube while the crowd is visible in the background. Throughout the video, various motivational phrases such as \"FOCUS ON YOURSELF,\" \"Work hard do success,\" and \"UNTIL THE CROWD\" appear on the screen. The camera alternates between close-ups of the person and the Rubik's Cube and wider shots of the crowd, emphasizing the contrast between individual focus and the larger environment. The video conveys a message about personal dedication and hard work amidst distractions or a larger audience. However, the video does not provide enough detail to determine the color of the top face of the solved Rubik's Cube."
  }
}