{
  "qid": "0288-0",
  "video_id": "CiUsdzLLbuE",
  "video_path": "videos\\0288_CiUsdzLLbuE.mp4",
  "main_question": "Which knife in the video is not easy to use?",
  "sub_questions": "To better understand the video and answer the main question \"Which knife in the video is not easy to use?\", consider the following sub-questions:\n\n1. **What types of knives are featured in the video?**\n   - Understanding the different types of knives will help identify which one might be more difficult to use.\n\n2. **What criteria are used to determine ease of use in the video?**\n   - Knowing the standards or metrics for ease of use (e.g., grip, sharpness, balance, etc.) will provide context for the evaluation.\n\n3. **Are there any demonstrations or comparisons shown in the video?**\n   - Observing how the knives are used or compared can highlight any difficulties or advantages, making it clearer which knife is not easy to use.",
  "annotations": {
    "frame_annotations": [
      {
        "timestamp": 0.0,
        "annotation": "A large piece of meat is secured with a chain on a wooden stump. Several people are gathered around, observing. A person in a maroon jacket is preparing to use a knife."
      },
      {
        "timestamp": 1.0,
        "annotation": "The person in the maroon jacket is holding a large knife, poised to cut the meat. The crowd is watching intently. No significant change from the previous frame."
      },
      {
        "timestamp": 2.0,
        "annotation": "The person in the maroon jacket is bringing the knife down towards the meat. The crowd is focused on the action. The knife is now in motion."
      },
      {
        "timestamp": 3.0,
        "annotation": "The knife has made contact with the meat, but it appears to be struggling to cut through. The person in the maroon jacket is exerting force. The knife seems to be stuck or not sharp enough."
      },
      {
        "timestamp": 4.0,
        "annotation": "The person in the maroon jacket is still trying to cut the meat with the large knife. The crowd is watching closely. The knife is still not making significant progress."
      },
      {
        "timestamp": 5.0,
        "annotation": "The person in the maroon jacket has stopped using the large knife and is now using a smaller knife to cut the meat. The crowd is observing the change in technique. A different knife is now in use."
      },
      {
        "timestamp": 6.0,
        "annotation": "The smaller knife is successfully cutting through the meat. The person in the maroon jacket is making progress. The smaller knife is easier to use."
      },
      {
        "timestamp": 7.0,
        "annotation": "The meat is being cut open, revealing the inside. The person in the maroon jacket is continuing to use the smaller knife. The crowd is watching the process."
      },
      {
        "timestamp": 8.0,
        "annotation": "The person in the maroon jacket is pointing at the cut meat, possibly explaining something to the crowd. The smaller knife is still in hand. The person is gesturing towards the meat."
      },
      {
        "timestamp": 9.0,
        "annotation": "The person in the maroon jacket is handing the smaller knife to another person in the crowd. The crowd is still focused on the demonstration. The knife is being passed to someone else."
      },
      {
        "timestamp": 10.0,
        "annotation": "The person in the maroon jacket continues to hand the smaller knife to another person in the crowd. The crowd remains focused on the demonstration. The knife is still in mid-air, being passed to someone else."
      },
      {
        "timestamp": 11.0,
        "annotation": "The smaller knife is now being held by another person in the crowd. The person in the maroon jacket is still interacting with the crowd, explaining or demonstrating something. The crowd's attention is still on the demonstration."
      },
      {
        "timestamp": 12.0,
        "annotation": "The person in the maroon jacket is now pointing towards the larger knife embedded in the meat. The crowd is observing the demonstration closely. The smaller knife is still held by the person who received it."
      },
      {
        "timestamp": 13.0,
        "annotation": "The person in the maroon jacket is gesturing with both hands, possibly explaining the use of the knives. The crowd is attentively watching the demonstration. The smaller knife is still visible in the hand of the person who received it."
      },
      {
        "timestamp": 14.0,
        "annotation": "The person in the maroon jacket is now reaching out towards the larger knife. The crowd's focus is still on the demonstration. The smaller knife is still held by the person who received it."
      },
      {
        "timestamp": 15.0,
        "annotation": "The person in the maroon jacket is now holding the larger knife, preparing to demonstrate its use. The crowd is watching closely. The smaller knife is still visible in the hand of the person who received it."
      },
      {
        "timestamp": 16.0,
        "annotation": "The person in the maroon jacket is starting to use the larger knife on the meat. The crowd is observing the demonstration intently. The smaller knife is still held by the person who received it."
      },
      {
        "timestamp": 17.0,
        "annotation": "The person in the maroon jacket is actively using the larger knife to cut the meat. The crowd is focused on the demonstration. The smaller knife is still visible in the hand of the person who received it."
      },
      {
        "timestamp": 18.0,
        "annotation": "The person in the maroon jacket continues to use the larger knife, making progress in cutting the meat. The crowd is attentively watching. The smaller knife is still held by the person who received it."
      },
      {
        "timestamp": 19.0,
        "annotation": "The person in the maroon jacket has successfully separated a piece of meat using the larger knife. The crowd is observing the demonstration closely. The smaller knife is still visible in the hand of the person who received it."
      },
      {
        "timestamp": 20.0,
        "annotation": "The person in the maroon jacket is using the larger knife to cut a piece of meat. The crowd is observing the demonstration closely. The smaller knife is still visible in the hand of the person who received it."
      },
      {
        "timestamp": 21.0,
        "annotation": "The person in the maroon jacket continues to cut the meat with the larger knife. The crowd's attention remains focused on the demonstration. The smaller knife is still in the other person's hand."
      },
      {
        "timestamp": 22.0,
        "annotation": "The person in the maroon jacket is still cutting the meat with the larger knife. The crowd is intently watching the process. The smaller knife is still held by the other person."
      },
      {
        "timestamp": 23.0,
        "annotation": "The person in the maroon jacket is nearing the completion of cutting the meat with the larger knife. The crowd's attention is undivided. The smaller knife remains in the other person's hand."
      },
      {
        "timestamp": 24.0,
        "annotation": "The person in the maroon jacket has finished cutting the meat with the larger knife. The crowd is observing the result of the demonstration. The smaller knife is still visible in the other person's hand."
      },
      {
        "timestamp": 25.0,
        "annotation": "The person in the maroon jacket is now handling the smaller knife, demonstrating its use. The crowd is watching closely. The larger knife is no longer in use."
      },
      {
        "timestamp": 26.0,
        "annotation": "The person in the maroon jacket is struggling to use the smaller knife effectively. The crowd appears curious about the demonstration. The larger knife is set aside."
      },
      {
        "timestamp": 27.0,
        "annotation": "The person in the maroon jacket is still attempting to use the smaller knife, but it seems difficult. The crowd's attention is on the struggle. The larger knife is not in use."
      },
      {
        "timestamp": 28.0,
        "annotation": "The person in the maroon jacket places the smaller knife down, indicating difficulty in its use. The crowd is observing the demonstration. A water bottle is placed on the cutting surface."
      },
      {
        "timestamp": 29.0,
        "annotation": "The person in the maroon jacket is gesturing and explaining something to the crowd, possibly about the difficulty of using the smaller knife. The water bottle remains on the cutting surface."
      },
      {
        "timestamp": 30.0,
        "annotation": "The person in the maroon jacket is gesturing and explaining something to the crowd, possibly about the difficulty of using the smaller knife. The water bottle remains on the cutting surface."
      },
      {
        "timestamp": 31.0,
        "annotation": "The person in the maroon jacket continues to gesture and explain. The water bottle is still on the cutting surface. No significant change from the previous frame."
      },
      {
        "timestamp": 32.0,
        "annotation": "The person in the maroon jacket is now holding a small knife, possibly demonstrating its use. The water bottle remains in the same position."
      },
      {
        "timestamp": 33.0,
        "annotation": "The person in the maroon jacket is now holding a larger knife, comparing it to the smaller one. The water bottle is still on the cutting surface."
      },
      {
        "timestamp": 34.0,
        "annotation": "The person in the maroon jacket is now holding a piece of material, possibly demonstrating the cutting process. The water bottle remains unchanged."
      },
      {
        "timestamp": 35.0,
        "annotation": "The person in the maroon jacket starts cutting the material with the larger knife. The water bottle is still on the cutting surface."
      },
      {
        "timestamp": 36.0,
        "annotation": "The person in the maroon jacket continues cutting the material with the larger knife. The water bottle remains in the same position."
      },
      {
        "timestamp": 37.0,
        "annotation": "The person in the maroon jacket finishes cutting the material and holds up the cut piece. The water bottle is still on the cutting surface."
      },
      {
        "timestamp": 38.0,
        "annotation": "The person in the maroon jacket hands the cut piece to someone in the crowd, possibly the person in red. The water bottle remains unchanged."
      },
      {
        "timestamp": 39.0,
        "annotation": "The person in the maroon jacket is now gesturing again, possibly explaining further. The water bottle is still on the cutting surface."
      },
      {
        "timestamp": 40.0,
        "annotation": "The person in the maroon jacket is holding a knife and appears to be demonstrating how to use it. The knife is positioned above a wooden cutting surface with a striped cloth underneath. The person in the red dress is observing closely."
      },
      {
        "timestamp": 41.0,
        "annotation": "The person in the maroon jacket is starting to bring the knife down towards the cutting surface. The person in the red dress is still observing intently."
      },
      {
        "timestamp": 42.0,
        "annotation": "The knife has made contact with the cutting surface, and the person in the maroon jacket is applying pressure. The person in the red dress is still focused on the demonstration."
      },
      {
        "timestamp": 43.0,
        "annotation": "The person in the maroon jacket is continuing to use the knife on the cutting surface. The person in the red dress is still observing the process closely."
      },
      {
        "timestamp": 44.0,
        "annotation": "The person in the maroon jacket is lifting the knife slightly, possibly to adjust the angle or position. The person in the red dress is still attentively watching."
      },
      {
        "timestamp": 45.0,
        "annotation": "The person in the maroon jacket is bringing the knife down again towards the cutting surface. The person in the red dress is still observing the demonstration."
      },
      {
        "timestamp": 46.0,
        "annotation": "The knife has made contact with the cutting surface again, and the person in the maroon jacket is applying pressure. The person in the red dress is still focused on the demonstration."
      },
      {
        "timestamp": 47.0,
        "annotation": "The person in the maroon jacket is continuing to use the knife on the cutting surface. The person in the red dress is still observing the process closely."
      },
      {
        "timestamp": 48.0,
        "annotation": "The person in the maroon jacket is lifting the knife slightly, possibly to adjust the angle or position. The person in the red dress is still attentively watching."
      },
      {
        "timestamp": 49.0,
        "annotation": "The person in the maroon jacket is bringing the knife down again towards the cutting surface. The person in the red dress is still observing the demonstration."
      },
      {
        "timestamp": 50.0,
        "annotation": "The person in the maroon jacket is bringing the knife down towards the cutting surface. The person in the red dress is observing the demonstration. No change from the previous frame."
      },
      {
        "timestamp": 51.0,
        "annotation": "The person in the maroon jacket is continuing to bring the knife down towards the cutting surface. The person in the red dress is still observing. No change from the previous frame."
      },
      {
        "timestamp": 52.0,
        "annotation": "The person in the maroon jacket is almost at the cutting surface with the knife. The person in the red dress is still observing. No change from the previous frame."
      },
      {
        "timestamp": 53.0,
        "annotation": "The person in the maroon jacket has started to cut into the object on the cutting surface. The person in the red dress is still observing. Noticeable change: the knife has made contact with the object."
      },
      {
        "timestamp": 54.0,
        "annotation": "The person in the maroon jacket is cutting through the object. The person in the red dress is still observing. Noticeable change: the knife is cutting deeper into the object."
      },
      {
        "timestamp": 55.0,
        "annotation": "The person in the maroon jacket is continuing to cut through the object. The person in the red dress is still observing. Noticeable change: the cut is progressing."
      },
      {
        "timestamp": 56.0,
        "annotation": "The person in the maroon jacket is nearly finished cutting through the object. The person in the red dress is still observing. Noticeable change: the cut is almost complete."
      },
      {
        "timestamp": 57.0,
        "annotation": "The person in the maroon jacket has completed the cut and is lifting the knife up. The person in the red dress is still observing. Noticeable change: the knife is being lifted up."
      },
      {
        "timestamp": 58.0,
        "annotation": "The person in the maroon jacket is lifting the knife up completely. The person in the red dress is still observing. Noticeable change: the knife is fully lifted."
      },
      {
        "timestamp": 59.0,
        "annotation": "The person in the maroon jacket has lifted the knife up completely and is preparing for the next action. The person in the red dress is still observing. Noticeable change: the knife is ready for the next cut."
      }
    ],
    "whole_video_annotation": "The video depicts a demonstration involving the use of different knives to cut through various materials. A person in a maroon jacket is the primary demonstrator, and they are surrounded by an attentive crowd. The demonstration begins with the person attempting to cut a large piece of meat using a large knife, which proves difficult. They then switch to a smaller knife, which is more effective. The demonstrator continues to use both knives, explaining their differences and difficulties to the crowd. Later, they cut a piece of material with the larger knife and demonstrate the cutting process on a wooden surface. Throughout the video, the crowd remains focused on the demonstration, observing the techniques and challenges presented by the different knives.\n\nThe smaller knife is not easy to use.",
    "annotations_summary": "The video shows a demonstration by a person in a maroon jacket who is teaching a crowd about the use of different knives. The demonstration starts with the person attempting to cut a large piece of meat using a large knife, which is challenging. They then switch to a smaller knife, which is more effective. The demonstrator continues to use both knives, explaining their differences and the difficulties associated with each. Later, they cut a piece of material with the larger knife and demonstrate cutting on a wooden surface. Throughout the video, the crowd remains attentive, observing the techniques and challenges presented by the different knives. The smaller knife is noted to be particularly difficult to use."
  }
}