{
  "qid": "0292-7",
  "video_id": "Kv7s88uX0ek",
  "video_path": "videos\\0292_Kv7s88uX0ek.mp4",
  "main_question": "How many vehicles are behind the bus?\nA. One\nB. None\nC. Three\nD. Two",
  "sub_questions": "To better understand the video and answer the main question \"How many vehicles are behind the bus?\", consider the following sub-questions:\n\n1. **Can you clearly see the area directly behind the bus?**\n   - This will help determine if there are any vehicles obscured from view.\n\n2. **Is the bus moving or stationary?**\n   - If the bus is moving, vehicles might be passing it, which could affect the count.\n\n3. **Are there any indicators or sounds that suggest the presence of vehicles behind the bus?**\n   - For example, are there visible headlights, taillights, or sounds of engines that might indicate the presence of other vehicles?",
  "annotations": {
    "frame_annotations": [
      {
        "timestamp": 0.0,
        "annotation": "A person is setting up a camera on a tripod at night. The scene is urban with visible city lights and buildings in the background. There is a text overlay suggesting tips for long exposure photography."
      },
      {
        "timestamp": 1.0,
        "annotation": "The person is adjusting the camera on the tripod. No significant change from the previous frame."
      },
      {
        "timestamp": 2.0,
        "annotation": "The camera is now focused on a bus that is approaching. The person is still adjusting the camera settings."
      },
      {
        "timestamp": 3.0,
        "annotation": "The bus is closer to the camera. The person is preparing to take the shot."
      },
      {
        "timestamp": 4.0,
        "annotation": "The bus is in the frame, and the person is likely taking the long exposure shot. The cityscape is visible in the background."
      },
      {
        "timestamp": 5.0,
        "annotation": "The camera is now showing the settings used for the shot: focal length 16mm, shutter speed 1 second, aperture f5.6, ISO 160."
      },
      {
        "timestamp": 6.0,
        "annotation": "The camera display shows the live view of the scene with the city lights and the bus."
      },
      {
        "timestamp": 7.0,
        "annotation": "The camera display is still showing the live view. The person is likely finalizing the composition."
      },
      {
        "timestamp": 8.0,
        "annotation": "The camera display is zoomed in, showing a closer view of the scene. The person is making final adjustments."
      },
      {
        "timestamp": 9.0,
        "annotation": "The final image is shown, featuring the long exposure effect with light trails from the bus and city lights. The word 'BUS' is visible on the road."
      },
      {
        "timestamp": 10.0,
        "annotation": "The image shows a nighttime city scene with a bus in motion, creating light trails due to long exposure. The word 'BUS' is clearly visible on the road. There are no visible vehicles behind the bus."
      }
    ],
    "whole_video_annotation": "The video depicts a person setting up and taking a long exposure photograph of a bus in an urban nighttime setting. The individual adjusts the camera on a tripod, focuses on the approaching bus, and captures the scene with specific settings (focal length 16mm, shutter speed 1 second, aperture f5.6, ISO 160). The final image showcases light trails from the bus and city lights, emphasizing the long exposure effect.\n\nRegarding the question \"How many vehicles are behind the bus?\":\n\nThe correct answer is **B. None**. There are no visible vehicles behind the bus in the final image.",
    "annotations_summary": "### Summary of Frame-Level Descriptions:\n\n1. **[0.0s - 1.0s]**: A person sets up and adjusts a camera on a tripod in an urban nighttime setting with city lights and buildings in the background. Text overlays provide tips for long exposure photography.\n2. **[2.0s - 4.0s]**: The camera is focused on an approaching bus. The person makes final adjustments and takes the long exposure shot.\n3. **[5.0s]**: The camera settings are displayed: focal length 16mm, shutter speed 1 second, aperture f5.6, ISO 160.\n4. **[6.0s - 8.0s]**: The camera shows a live view of the scene, with the person finalizing the composition and making adjustments.\n5. **[9.0s - 10.0s]**: The final image is shown, featuring light trails from the bus and city lights. The word 'BUS' is visible on the road, and there are no visible vehicles behind the bus.\n\n### Summary of Video-Level Description:\n\nThe video shows a person setting up and taking a long exposure photograph of a bus in an urban nighttime setting. The individual adjusts the camera on a tripod, focuses on the approaching bus, and captures the scene with specific settings (focal length 16mm, shutter speed 1 second, aperture f5.6, ISO 160). The final image showcases light trails from the bus and city lights, emphasizing the long exposure effect.\n\n### Answer to the Question \"How many vehicles are behind the bus?\":\n\n**B. None**. There are no visible vehicles behind the bus in the final image."
  }
}