{
  "qid": "0295-2",
  "video_id": "uXbIuOImCmM",
  "video_path": "videos\\0295_uXbIuOImCmM.mp4",
  "main_question": "Did the person with the yellow bag try two methods to pour the contents?",
  "sub_questions": "To better understand the video and answer the main question, consider the following sub-questions:\n\n1. **What actions does the person with the yellow bag perform with the contents of the bag?**\n   - This will help identify if there are multiple distinct actions or methods used.\n\n2. **Are there any visual cues or changes in the method used by the person with the yellow bag while handling the contents?**\n   - This can indicate a switch from one method to another.\n\n3. **Does the person with the yellow bag pause or change their approach at any point while pouring the contents?**\n   - A pause or change in approach might suggest an attempt to use a different method.",
  "annotations": {
    "frame_annotations": [
      {
        "timestamp": 0.0,
        "annotation": "A person is holding a yellow bag above a yellow bottle, preparing to pour its contents. The person appears to be in a kitchen or food preparation area."
      },
      {
        "timestamp": 1.0,
        "annotation": "The person starts to pour the contents of the yellow bag into the yellow bottle. The bag is tilted, and the contents begin to flow."
      },
      {
        "timestamp": 2.0,
        "annotation": "The pouring continues. The bag is held steadily, and the contents are flowing smoothly into the bottle."
      },
      {
        "timestamp": 3.0,
        "annotation": "The pouring process seems to be encountering an issue. The flow of contents from the bag appears to be slowing down or stopping."
      },
      {
        "timestamp": 4.0,
        "annotation": "The person adjusts the bag, possibly trying to dislodge any blockage or to ensure a steady flow of contents."
      },
      {
        "timestamp": 5.0,
        "annotation": "The person continues to adjust the bag, but the flow of contents does not seem to improve. The person's expression shows disappointment."
      },
      {
        "timestamp": 6.0,
        "annotation": "The person stops pouring and starts to squeeze the bag manually, attempting to force the contents into the bottle."
      },
      {
        "timestamp": 7.0,
        "annotation": "The person is now using both hands to squeeze the bag, applying more pressure to get the contents out."
      },
      {
        "timestamp": 8.0,
        "annotation": "The person's efforts to squeeze the bag continue, but the contents are still not flowing freely. The disappointment on the person's face is evident."
      },
      {
        "timestamp": 9.0,
        "annotation": "The person stops squeezing the bag and looks frustrated, indicating that the attempt to pour the contents has failed."
      },
      {
        "timestamp": 10.0,
        "annotation": "The person continues to look frustrated while holding the yellow bag. The bag appears to be squeezed, but no contents are coming out."
      },
      {
        "timestamp": 11.0,
        "annotation": "The person is still squeezing the yellow bag, but it seems that the contents are not pouring out as expected. The frustration on the person's face is evident."
      },
      {
        "timestamp": 12.0,
        "annotation": "The person is trying to tilt the yellow bag more to pour the contents into the yellow bottle. The frustration remains visible."
      },
      {
        "timestamp": 13.0,
        "annotation": "The person is now tilting the bag further, attempting to pour the contents. The bag appears to be empty or the contents are not flowing out."
      },
      {
        "timestamp": 14.0,
        "annotation": "The person is still struggling to pour the contents from the yellow bag into the bottle. The bag is fully tilted, but nothing is coming out."
      },
      {
        "timestamp": 15.0,
        "annotation": "The person is now trying to squeeze the bag harder, possibly attempting a different method to get the contents out. The frustration is still visible."
      },
      {
        "timestamp": 16.0,
        "annotation": "The person is squeezing the bag with both hands, applying more pressure. The bag appears to be empty or the contents are stuck."
      },
      {
        "timestamp": 17.0,
        "annotation": "The person is now looking down at the bag, possibly assessing the situation. The frustration is evident on the face."
      },
      {
        "timestamp": 18.0,
        "annotation": "The person is now looking up, possibly seeking help or advice. The yellow bag is still in hand, but no contents have been poured."
      },
      {
        "timestamp": 19.0,
        "annotation": "The person is seen from a different angle, still holding the yellow bag. The frustration and disappointment are clear on the face."
      },
      {
        "timestamp": 20.0,
        "annotation": "The person is seen from a different angle, still holding the yellow bag. The disappointment is clear on the face. The person is looking slightly upwards."
      },
      {
        "timestamp": 21.0,
        "annotation": "The person's head is slightly tilted to the side, still holding the yellow bag. The disappointment is clear on the face."
      },
      {
        "timestamp": 22.0,
        "annotation": "The person's head is slightly tilted to the other side, still holding the yellow bag. The disappointment is clear on the face."
      },
      {
        "timestamp": 23.0,
        "annotation": "The person's head is slightly tilted to the other side, still holding the yellow bag. The disappointment is clear on the face."
      },
      {
        "timestamp": 24.0,
        "annotation": "The person's head is slightly tilted to the other side, still holding the yellow bag. The disappointment is clear on the face."
      },
      {
        "timestamp": 25.0,
        "annotation": "The person is seen from the back, no longer holding the yellow bag. The person is looking downwards."
      }
    ],
    "whole_video_annotation": "In the video, a person is attempting to pour the contents of a yellow bag into a yellow bottle in what appears to be a kitchen or food preparation area. The process encounters difficulties, as the contents do not flow smoothly. The person tries multiple methods to resolve the issue, including tilting the bag, squeezing it manually with one hand, and then with both hands, and adjusting the bag's position. Despite these efforts, the contents do not pour out as expected, leading to visible frustration and disappointment on the person's face. The video concludes with the person looking downwards, no longer holding the yellow bag.\n\nTo answer the user's question: Yes, the person with the yellow bag tried two main methods to pour the contents. Initially, they attempted to pour by tilting the bag, and when that didn't work, they resorted to squeezing the bag manually with one hand and then with both hands to try and force the contents out.",
    "annotations_summary": "The video shows a person in a kitchen or food preparation area attempting to pour the contents of a yellow bag into a yellow bottle. The process faces several issues:\n\n1. **Initial Attempt (0.0s - 3.0s)**: The person starts by tilting the bag to pour its contents into the bottle. Initially, the contents flow smoothly, but the flow soon slows down or stops.\n\n2. **Adjustments and Squeezing (4.0s - 16.0s)**: The person tries to adjust the bag to dislodge any blockage and ensure a steady flow. When this doesn't work, they begin squeezing the bag manually with one hand, then with both hands, applying more pressure to get the contents out. Despite these efforts, the contents do not flow freely.\n\n3. **Frustration and Failure (17.0s - 25.0s)**: The person appears frustrated and disappointed, continuing to tilt and squeeze the bag without success. The video concludes with the person looking downwards, no longer holding the yellow bag, clearly indicating the failure of their attempts."
  }
}