{
  "qid": "0296-2",
  "video_id": "uAzw77AjDyc",
  "video_path": "videos\\0296_uAzw77AjDyc.mp4",
  "main_question": "Is the reason the man misses the blue pants on his first attempt due to a visual illusion?",
  "sub_questions": "To better understand whether the man misses the blue pants on his first attempt due to a visual illusion, consider the following sub-questions:\n\n1. **What are the visual conditions like when the man is trying to find the blue pants?**\n   - Is the lighting adequate?\n   - Are there any distractions or obstructions in his line of sight?\n   - Is the color contrast between the blue pants and the surrounding environment significant?\n\n2. **Are there any known visual illusions or cognitive biases that could explain the man's mistake?**\n   - Could the man be experiencing a specific type of visual illusion, such as a color perception illusion or a Gestalt illusion?\n   - Are there any cognitive biases, like inattentional blindness or change blindness, that might be at play?\n\n3. **What is the man's state of mind and focus during the attempt?**\n   - Is the man distracted or multitasking while trying to find the blue pants?\n   - Does the man have any preconceived notions or expectations that might influence his perception?\n   - Is the man under time pressure or stress, which could affect his visual processing?",
  "annotations": {
    "frame_annotations": [
      {
        "timestamp": 0.0,
        "annotation": "A man is standing in a field with a laundry basket filled with clothes. In the background, there is a group of people sitting on a blanket and a camera setup with reflectors."
      },
      {
        "timestamp": 0.97,
        "annotation": "The man is reaching into the laundry basket, seemingly about to grab an item of clothing. The background remains unchanged."
      },
      {
        "timestamp": 1.94,
        "annotation": "The man is holding up a green item of clothing. The background remains the same."
      },
      {
        "timestamp": 2.9,
        "annotation": "The man is now holding up a pair of blue pants. The background remains unchanged."
      },
      {
        "timestamp": 3.87,
        "annotation": "The man is reaching towards the clothesline with the blue pants. The background remains the same."
      },
      {
        "timestamp": 4.84,
        "annotation": "The man is attempting to hang the blue pants on the clothesline but misses. The background remains unchanged."
      },
      {
        "timestamp": 5.81,
        "annotation": "The man is now holding the blue pants lower, seemingly adjusting his approach. The background remains the same."
      },
      {
        "timestamp": 6.77,
        "annotation": "The man successfully hangs the blue pants on the clothesline. The background remains unchanged."
      },
      {
        "timestamp": 7.74,
        "annotation": "The man is reaching back into the laundry basket for another item of clothing. The background remains the same."
      },
      {
        "timestamp": 8.71,
        "annotation": "The man is holding up a pink item of clothing, preparing to hang it. The background remains unchanged."
      },
      {
        "timestamp": 9.68,
        "annotation": "The man is holding up a blue item of clothing, preparing to hang it. The background remains unchanged."
      },
      {
        "timestamp": 10.64,
        "annotation": "The man is still holding the blue item of clothing, but his posture has slightly changed as he attempts to hang it."
      },
      {
        "timestamp": 11.61,
        "annotation": "The man is reaching out to hang the blue item of clothing, but it appears he is missing the target slightly."
      },
      {
        "timestamp": 12.58,
        "annotation": "The man has missed the blue item of clothing, which is now falling to the ground. His expression shows surprise or confusion."
      },
      {
        "timestamp": 13.55,
        "annotation": "The man is now holding a pink item of clothing, preparing to hang it. The blue item is on the ground."
      },
      {
        "timestamp": 14.51,
        "annotation": "The man is successfully hanging the pink item of clothing. The blue item remains on the ground."
      }
    ],
    "whole_video_annotation": "In the video, a man is seen in a field attempting to hang clothes on a clothesline. He starts by picking items from a laundry basket and tries to hang them one by one. Initially, he struggles to hang a pair of blue pants, missing the clothesline on his first attempt. He adjusts his approach and eventually succeeds. Later, he encounters a similar issue with a blue item of clothing, which falls to the ground. Despite these challenges, he successfully hangs a pink item of clothing. Throughout the video, there is a group of people sitting on a blanket and a camera setup with reflectors in the background, suggesting that the scene might be part of a filmed event or performance.",
    "annotations_summary": "The video depicts a man in a field attempting to hang laundry on a clothesline while a group of people and a camera setup are visible in the background. The man starts by picking items from a laundry basket and tries to hang them one by one. Initially, he struggles to hang a pair of blue pants, missing the clothesline on his first attempt but eventually succeeding. Later, he has difficulty hanging a blue item of clothing, which falls to the ground. Despite this, he successfully hangs a pink item of clothing. The background remains consistent throughout, indicating that the scene might be part of a filmed event or performance."
  }
}