{
  "qid": "0303-3",
  "video_id": "c1gl0Qahgdw",
  "video_path": "videos\\0303_c1gl0Qahgdw.mp4",
  "main_question": "Does the man stop cycling by dismounting and walking away?",
  "sub_questions": "To better understand the video in relation to the main question \"Does the man stop cycling by dismounting and walking away?\", consider the following sub-questions:\n\n1. **What actions does the man take immediately after stopping the bicycle?**\n   - This will help determine if he dismounts or continues to sit on the bicycle.\n\n2. **Does the man move away from the bicycle after stopping?**\n   - This will clarify whether he walks away or remains near the bicycle.\n\n3. **Are there any visual cues indicating the man's intention to stop cycling permanently or temporarily?**\n   - This can provide context on whether he is just pausing or ending his cycling altogether.\n\nThese sub-questions should help in analyzing the video more effectively to answer the main question.",
  "annotations": {
    "frame_annotations": [
      {
        "timestamp": 0.0,
        "annotation": "A man on a bicycle is riding up a ramp in a stadium. The crowd is visible in the background, and there are various banners and advertisements around the arena."
      },
      {
        "timestamp": 1.0,
        "annotation": "The man continues to ascend the ramp on his bicycle. The angle of the shot changes slightly, showing more of the crowd and the stadium seating."
      },
      {
        "timestamp": 2.0,
        "annotation": "The man is now at the top of the ramp, preparing to perform a trick. The crowd is eagerly watching, and the stadium lights are bright."
      },
      {
        "timestamp": 3.0,
        "annotation": "The man launches into the air with his bicycle, beginning an aerial trick. The bicycle is tilted, and the man is in a crouched position."
      },
      {
        "timestamp": 4.0,
        "annotation": "The man is mid-air, performing a complex trick where he is upside down with the bicycle. The crowd is blurred in the background, indicating motion."
      },
      {
        "timestamp": 5.0,
        "annotation": "The man continues his trick, now fully inverted with the bicycle. The stadium lights and structure are visible in the background."
      },
      {
        "timestamp": 6.0,
        "annotation": "The man is still inverted, maintaining control of the bicycle. The trick appears to be highly technical and requires significant skill."
      },
      {
        "timestamp": 7.0,
        "annotation": "The man begins to right himself, starting to come out of the inversion. The bicycle is still in mid-air."
      },
      {
        "timestamp": 8.0,
        "annotation": "The man is almost upright again, preparing to land. The crowd is visible, and the stadium lights are bright."
      },
      {
        "timestamp": 9.0,
        "annotation": "The man lands successfully on the ramp, completing the trick. The crowd is cheering, and the man appears to be in control of the bicycle."
      },
      {
        "timestamp": 10.0,
        "annotation": "The man is riding the bicycle on a flat surface. He is leaning forward, appearing to be in motion. The background shows a crowd and some banners."
      },
      {
        "timestamp": 11.0,
        "annotation": "The man is in mid-air, performing a trick with the bicycle. His body is tilted backward, and the bicycle is upside down beneath him. This is a noticeable change from the previous frame where he was riding on a flat surface."
      },
      {
        "timestamp": 12.0,
        "annotation": "The man is still in mid-air, but his body is more upright compared to the previous frame. The bicycle is still upside down, and he appears to be in the process of completing the trick."
      },
      {
        "timestamp": 13.0,
        "annotation": "The man has landed on the ground with the bicycle. He is standing upright, and the bicycle is right-side up beneath him. This is a noticeable change from the previous frame where he was still in mid-air."
      },
      {
        "timestamp": 14.0,
        "annotation": "The man is walking away from the landing area with the bicycle. He is no longer riding it. This is a noticeable change from the previous frame where he was standing upright after landing."
      }
    ],
    "whole_video_annotation": "The video depicts a BMX rider performing tricks in a stadium setting. Here's a short general description:\n\nThe man starts by riding his bicycle up a ramp in a stadium, with a crowd watching in the background. He performs a series of aerial tricks, including an inversion where he and his bicycle are upside down. He successfully lands the trick and continues riding on a flat surface. Later, he performs another trick where he goes airborne again with the bicycle upside down. After landing this trick, he dismounts and walks away with his bicycle, indicating that he has finished his performance.\n\nTo answer the user's question: Yes, the man stops cycling by dismounting and walking away with his bicycle after completing his tricks.",
    "annotations_summary": "The video features a BMX rider performing tricks in a stadium. Here's a brief summary:\n\n1. **Initial Ramp Ride**: The rider ascends a ramp in a stadium with a crowd watching. He reaches the top and launches into the air to perform an aerial trick.\n2. **First Aerial Trick**: The rider executes a complex inversion trick where he and his bicycle are upside down. He successfully lands the trick and continues riding on a flat surface.\n3. **Second Aerial Trick**: The rider performs another trick, going airborne with the bicycle upside down. He lands this trick as well.\n4. **Conclusion**: After landing the second trick, the rider dismounts his bicycle and walks away, indicating the end of his performance.\n\nThe crowd is visible throughout, and the stadium lights and structure are prominent in the background."
  }
}