{
  "qid": "0303-7",
  "video_id": "c1gl0Qahgdw",
  "video_path": "videos\\0303_c1gl0Qahgdw.mp4",
  "main_question": "How does the man finally stop cycling?\nA. By riding into a wall.\nB. By dismounting and walking away.\nC. By jumping off his bike and crashing into a cushion.\nD. By slowing down and stepping off.",
  "sub_questions": "To better understand the video and determine how the man finally stops cycling, consider the following sub-questions:\n\n1. **What is the man doing before he stops cycling?**\n   - Understanding his actions leading up to the stop can provide context for how he eventually halts.\n\n2. **Are there any obstacles or objects in his path that might influence how he stops?**\n   - This can help determine if he encounters something that forces him to stop in a specific way.\n\n3. **Does the man appear to be in control of his bike, or does something unexpected happen?**\n   - This can indicate whether his stop is deliberate or due to an unforeseen event.",
  "annotations": {
    "frame_annotations": [
      {
        "timestamp": 0.0,
        "annotation": "A man is riding a bike up a ramp in a stadium. The crowd is visible in the background."
      },
      {
        "timestamp": 1.0,
        "annotation": "The man is higher up the ramp, continuing to ride his bike. The crowd and other people are still visible in the background."
      },
      {
        "timestamp": 2.0,
        "annotation": "The man is now at the top of the ramp, preparing to perform a trick. The stadium and crowd are visible below."
      },
      {
        "timestamp": 3.0,
        "annotation": "The man is in mid-air, performing a trick with his bike. He is upside down with his bike above him."
      },
      {
        "timestamp": 4.0,
        "annotation": "The man continues his trick, rotating in the air. His bike is still above him."
      },
      {
        "timestamp": 5.0,
        "annotation": "The man is still in mid-air, continuing his rotation. The stadium lights and crowd are visible in the background."
      },
      {
        "timestamp": 6.0,
        "annotation": "The man is nearing the end of his trick, starting to descend. He is almost right-side up again."
      },
      {
        "timestamp": 7.0,
        "annotation": "The man is almost back to his original position, preparing to land. The crowd is visible in the background."
      },
      {
        "timestamp": 8.0,
        "annotation": "The man has landed successfully and is riding down the ramp. The crowd is cheering in the background."
      },
      {
        "timestamp": 9.0,
        "annotation": "The man is riding away from the ramp, heading towards the bottom of the stadium. The crowd is visible in the background."
      },
      {
        "timestamp": 10.0,
        "annotation": "The man is riding a bike on a smooth surface, leaning forward slightly. He is wearing a helmet and appears to be in motion. The background shows a stadium with some crowd and banners."
      },
      {
        "timestamp": 11.0,
        "annotation": "The man continues riding the bike, maintaining his forward lean. The background remains the same with the stadium and crowd visible."
      },
      {
        "timestamp": 12.0,
        "annotation": "The man is now in mid-air, having jumped off his bike. The bike is below him, and he appears to be in the process of crashing. The background shows a large cushion or airbag labeled 'Monster Energy Supercross.'"
      },
      {
        "timestamp": 13.0,
        "annotation": "The man has landed on the cushion or airbag. He is in a crouched position, and the bike is beneath him. The background remains the same with the stadium and crowd visible."
      },
      {
        "timestamp": 14.0,
        "annotation": "The man is standing up on the cushion or airbag, appearing unharmed. He is removing his helmet, and there are people around him, possibly event staff or security. The background shows the stadium and crowd."
      }
    ],
    "whole_video_annotation": "In the video, a man is performing stunts on a bike in a stadium. He starts by riding up a ramp and performing an aerial trick, successfully landing back on the ramp. After riding away from the ramp, he jumps off his bike and lands on a large cushion or airbag labeled 'Monster Energy Supercross.' He then stands up on the cushion, appearing unharmed, and removes his helmet.\n\nBased on the description, the correct answer to the question \"How does the man finally stop cycling?\" is:\n\nC. By jumping off his bike and crashing into a cushion.",
    "annotations_summary": "### Summary of the Video Descriptions\n\n**Frame-Level Descriptions:**\n1. **0.0s - 2.0s:** A man rides a bike up a ramp in a stadium, with the crowd visible in the background.\n2. **3.0s - 7.0s:** The man performs an aerial trick at the top of the ramp, rotating in mid-air, and successfully lands back on the ramp.\n3. **8.0s - 10.0s:** The man rides away from the ramp, heading towards the bottom of the stadium.\n4. **11.0s - 12.0s:** The man jumps off his bike and appears to be in the process of crashing.\n5. **13.0s - 14.0s:** The man lands on a large cushion or airbag labeled 'Monster Energy Supercross,' stands up, removes his helmet, and appears unharmed.\n\n**Video-Level Description:**\nThe man performs stunts on a bike in a stadium. He rides up a ramp, performs an aerial trick, and lands successfully. After riding away from the ramp, he jumps off his bike and lands on a cushion or airbag labeled 'Monster Energy Supercross,' standing up unharmed and removing his helmet.\n\n### Answer to the Question\nThe correct answer to the question \"How does the man finally stop cycling?\" is:\n\n**C. By jumping off his bike and crashing into a cushion.**"
  }
}