{
  "qid": "0304-1",
  "video_id": "bc-OoJrrMuk",
  "video_path": "videos\\0304_bc-OoJrrMuk.mp4",
  "main_question": "On how many sheets of paper does the person start writing?",
  "sub_questions": "To better understand the video and answer the main question \"On how many sheets of paper does the person start writing?\", consider the following sub-questions:\n\n1. **Does the video show the person beginning the writing process?**\n   - This will help determine if the starting point of the writing is visible.\n\n2. **Are there any visual cues indicating the number of sheets of paper at the beginning of the writing process?**\n   - Look for any shots that clearly show the number of sheets before writing starts.\n\n3. **Is there a clear indication of when the writing begins and ends on each sheet?**\n   - This can help in counting the sheets used from the start of the writing process.",
  "annotations": {
    "frame_annotations": [
      {
        "timestamp": 0.0,
        "annotation": "A person is sitting in a room with headphones on. The person is looking at the camera. A close-up shows a pen touching a blank sheet of paper."
      },
      {
        "timestamp": 0.97,
        "annotation": "The person starts writing the number '1' on the paper. No noticeable change in the person's expression or surroundings."
      },
      {
        "timestamp": 1.94,
        "annotation": "The person continues writing and adds the number '2' next to the '1'. The writing process is ongoing."
      },
      {
        "timestamp": 2.9,
        "annotation": "The person finishes writing the number '12' on the paper. The writing is becoming more complete."
      },
      {
        "timestamp": 3.87,
        "annotation": "The person adds the number '8' to make it '128'. The writing is nearly complete."
      },
      {
        "timestamp": 4.84,
        "annotation": "The person starts adding a 'v' next to the '128'. The writing process continues."
      },
      {
        "timestamp": 5.81,
        "annotation": "The person finishes writing the 'v' next to '128'. The writing is complete."
      },
      {
        "timestamp": 6.77,
        "annotation": "The person starts drawing a rectangle around the '128v'. The drawing process begins."
      },
      {
        "timestamp": 7.74,
        "annotation": "The person continues drawing the rectangle around '128v'. The drawing is in progress."
      },
      {
        "timestamp": 8.71,
        "annotation": "The person finishes drawing the rectangle around '128v'. The drawing is complete."
      },
      {
        "timestamp": 9.68,
        "annotation": "The person is using a tool to carve the number '9' under the square root symbol. The person is focused on the task."
      },
      {
        "timestamp": 10.64,
        "annotation": "The person continues carving the number '9'. The tool is still in contact with the surface. No noticeable change from the previous frame."
      },
      {
        "timestamp": 11.61,
        "annotation": "The person finishes carving the number '9' and starts carving the number '8' next to it. The tool is still in contact with the surface."
      },
      {
        "timestamp": 12.58,
        "annotation": "The person continues carving the number '8'. The tool is still in contact with the surface. No noticeable change from the previous frame."
      },
      {
        "timestamp": 13.55,
        "annotation": "The person finishes carving the number '8' and starts carving the letter 'I' in 'I LOVE YOU'. The tool is still in contact with the surface."
      },
      {
        "timestamp": 14.51,
        "annotation": "The person continues carving the letter 'I'. The tool is still in contact with the surface. No noticeable change from the previous frame."
      },
      {
        "timestamp": 15.48,
        "annotation": "The person finishes carving the letter 'I' and starts carving the letter 'L' in 'I LOVE YOU'. The tool is still in contact with the surface."
      }
    ],
    "whole_video_annotation": "In the video, a person is seen sitting in a room with headphones on, initially looking at the camera. The person starts writing on a blank sheet of paper, beginning with the number '1' and continuing to write the sequence '128v'. After completing this, the person draws a rectangle around '128v'. Subsequently, the person uses a tool to carve the numbers '9' and '8' and starts carving the letters 'I' and 'L' in the phrase 'I LOVE YOU'.\n\nRegarding the user's question: The person starts writing on **one sheet of paper**.",
    "annotations_summary": "The video shows a person sitting in a room with headphones on, initially looking at the camera. The person writes the sequence \"128v\" on one sheet of paper and then draws a rectangle around it. Afterward, the person uses a tool to carve the numbers \"9\" and \"8\" and begins carving the letters \"I\" and \"L\" in the phrase \"I LOVE YOU\"."
  }
}