{
  "qid": "0308-3",
  "video_id": "R0f1qMFBemA",
  "video_path": "videos\\0308_R0f1qMFBemA.mp4",
  "main_question": "Is the first military aircraft taking off from the aircraft carrier?",
  "sub_questions": "To better understand the video in relation to the main question \"Is the first military aircraft taking off from the aircraft carrier?\", consider the following sub-questions:\n\n1. **What type of aircraft is depicted in the video?**\n   - This will help confirm if it is indeed a military aircraft.\n\n2. **Are there any visible markings or insignia on the aircraft that indicate it is military?**\n   - This can provide additional confirmation that the aircraft is military.\n\n3. **Is there any context or previous footage showing this as the inaugural takeoff from this specific aircraft carrier?**\n   - This can help determine if this is the first takeoff or a subsequent one.",
  "annotations": {
    "frame_annotations": [
      {
        "timestamp": 0.0,
        "annotation": "The image shows an aircraft carrier deck with a helicopter in the air above the deck. The sky is clear, and the sea is calm."
      },
      {
        "timestamp": 1.0,
        "annotation": "The helicopter is still in the air, slightly higher and further away from the deck compared to the previous frame."
      },
      {
        "timestamp": 1.99,
        "annotation": "A military jet is now visible on the deck, positioned for takeoff. The helicopter is higher and more distant."
      },
      {
        "timestamp": 2.99,
        "annotation": "The military jet remains on the deck, and the helicopter is even higher and further away."
      },
      {
        "timestamp": 3.98,
        "annotation": "The military jet starts to move forward on the deck, preparing for takeoff. The helicopter is almost out of the frame."
      },
      {
        "timestamp": 4.98,
        "annotation": "The military jet is in the process of taking off from the deck. The helicopter is no longer visible."
      },
      {
        "timestamp": 5.97,
        "annotation": "The military jet is airborne, ascending from the deck. The deck is visible below."
      },
      {
        "timestamp": 6.97,
        "annotation": "The military jet is higher in the air, with the deck and sea visible below. The jet's landing gear is still visible."
      },
      {
        "timestamp": 7.96,
        "annotation": "The military jet is continuing its ascent, with the deck and sea becoming smaller in the frame."
      },
      {
        "timestamp": 8.96,
        "annotation": "The military jet is higher in the sky, with the deck and sea barely visible. The focus is on the jet's ascent."
      },
      {
        "timestamp": 9.95,
        "annotation": "The military jet is ascending from the aircraft carrier. The deck and sea are visible below, and the focus is on the jet's takeoff."
      },
      {
        "timestamp": 10.95,
        "annotation": "The military jet continues its ascent. The angle of the jet relative to the deck suggests it is gaining altitude rapidly. No significant change in the background."
      },
      {
        "timestamp": 11.94,
        "annotation": "The military jet is higher in the sky. The deck and sea are less visible, emphasizing the jet's upward movement. The jet's nose is pointed upwards more distinctly."
      },
      {
        "timestamp": 12.94,
        "annotation": "The military jet is even higher, with the deck and sea barely visible. The focus remains on the jet's ascent, and the sky is more prominent in the frame."
      },
      {
        "timestamp": 13.93,
        "annotation": "The military jet continues to climb. The background shows more of the sky, and the jet's angle of ascent is consistent with the previous frames."
      },
      {
        "timestamp": 14.93,
        "annotation": "The military jet is higher in the sky, with the deck and sea almost entirely out of view. The jet's ascent appears steady and uninterrupted."
      },
      {
        "timestamp": 15.92,
        "annotation": "The military jet is significantly higher, and the focus is entirely on the jet against the sky. The ascent continues without any noticeable changes in trajectory."
      },
      {
        "timestamp": 16.92,
        "annotation": "The military jet is very high in the sky. The deck and sea are no longer visible, and the jet's ascent is the primary focus of the frame."
      },
      {
        "timestamp": 17.91,
        "annotation": "The military jet is at a high altitude, with the sky as the primary background. The jet's ascent appears to be nearing its peak."
      },
      {
        "timestamp": 18.91,
        "annotation": "The military jet is at its highest point in the frame, with the sky completely filling the background. The ascent seems to have reached its maximum visible height in this sequence."
      },
      {
        "timestamp": 19.9,
        "annotation": "The military jet remains at its highest point in the frame, with the sky completely filling the background. There is no noticeable change from the previous frame."
      },
      {
        "timestamp": 20.9,
        "annotation": "The military jet remains at its highest point in the frame, with the sky completely filling the background. There is no noticeable change from the previous frame."
      },
      {
        "timestamp": 21.9,
        "annotation": "The military jet remains at its highest point in the frame, with the sky completely filling the background. There is no noticeable change from the previous frame."
      },
      {
        "timestamp": 22.89,
        "annotation": "The military jet remains at its highest point in the frame, with the sky completely filling the background. There is no noticeable change from the previous frame."
      },
      {
        "timestamp": 23.89,
        "annotation": "The military jet remains at its highest point in the frame, with the sky completely filling the background. There is no noticeable change from the previous frame."
      },
      {
        "timestamp": 24.88,
        "annotation": "The military jet remains at its highest point in the frame, with the sky completely filling the background. There is no noticeable change from the previous frame."
      },
      {
        "timestamp": 25.88,
        "annotation": "The military jet remains at its highest point in the frame, with the sky completely filling the background. There is no noticeable change from the previous frame."
      },
      {
        "timestamp": 26.87,
        "annotation": "The military jet remains at its highest point in the frame, with the sky completely filling the background. There is no noticeable change from the previous frame."
      },
      {
        "timestamp": 27.87,
        "annotation": "The military jet remains at its highest point in the frame, with the sky completely filling the background. There is no noticeable change from the previous frame."
      },
      {
        "timestamp": 28.86,
        "annotation": "The military jet remains at its highest point in the frame, with the sky completely filling the background. There is no noticeable change from the previous frame."
      },
      {
        "timestamp": 29.86,
        "annotation": "The military jet remains at its highest point in the frame, with the sky completely filling the background. There is no noticeable change from the previous frame."
      },
      {
        "timestamp": 30.85,
        "annotation": "The military jet remains at its highest point in the frame, with the sky completely filling the background. There is no noticeable change from the previous frame."
      },
      {
        "timestamp": 31.85,
        "annotation": "The military jet remains at its highest point in the frame, with the sky completely filling the background. There is no noticeable change from the previous frame."
      },
      {
        "timestamp": 32.84,
        "annotation": "The military jet remains at its highest point in the frame, with the sky completely filling the background. There is no noticeable change from the previous frame."
      },
      {
        "timestamp": 33.84,
        "annotation": "The military jet remains at its highest point in the frame, with the sky completely filling the background. There is no noticeable change from the previous frame."
      },
      {
        "timestamp": 34.83,
        "annotation": "The military jet remains at its highest point in the frame, with the sky completely filling the background. There is no noticeable change from the previous frame."
      },
      {
        "timestamp": 35.83,
        "annotation": "The military jet remains at its highest point in the frame, with the sky completely filling the background. There is no noticeable change from the previous frame."
      },
      {
        "timestamp": 36.82,
        "annotation": "The military jet remains at its highest point in the frame, with the sky completely filling the background. There is no noticeable change from the previous frame."
      },
      {
        "timestamp": 37.82,
        "annotation": "The military jet remains at its highest point in the frame, with the sky completely filling the background. There is no noticeable change from the previous frame."
      },
      {
        "timestamp": 38.81,
        "annotation": "The military jet remains at its highest point in the frame, with the sky completely filling the background. There is no noticeable change from the previous frame."
      },
      {
        "timestamp": 39.81,
        "annotation": "The military jet remains at its highest point in the frame, with the sky completely filling the background. There is no noticeable change from the previous frame."
      },
      {
        "timestamp": 40.8,
        "annotation": "The military jet remains at its highest point in the frame, with the sky completely filling the background. There is no noticeable change from the previous frame."
      },
      {
        "timestamp": 41.8,
        "annotation": "The military jet remains at its highest point in the frame, with the sky completely filling the background. There is no noticeable change from the previous frame."
      },
      {
        "timestamp": 42.79,
        "annotation": "The military jet remains at its highest point in the frame, with the sky completely filling the background. There is no noticeable change from the previous frame."
      },
      {
        "timestamp": 43.79,
        "annotation": "The military jet remains at its highest point in the frame, with the sky completely filling the background. There is no noticeable change from the previous frame."
      },
      {
        "timestamp": 44.79,
        "annotation": "The military jet remains at its highest point in the frame, with the sky completely filling the background. There is no noticeable change from the previous frame."
      },
      {
        "timestamp": 45.78,
        "annotation": "The military jet remains at its highest point in the frame, with the sky completely filling the background. There is no noticeable change from the previous frame."
      },
      {
        "timestamp": 46.78,
        "annotation": "The military jet remains at its highest point in the frame, with the sky completely filling the background. There is no noticeable change from the previous frame."
      },
      {
        "timestamp": 47.77,
        "annotation": "The military jet remains at its highest point in the frame, with the sky completely filling the background. There is no noticeable change from the previous frame."
      },
      {
        "timestamp": 48.77,
        "annotation": "The military jet remains at its highest point in the frame, with the sky completely filling the background. There is no noticeable change from the previous frame."
      },
      {
        "timestamp": 49.76,
        "annotation": "The military jet remains stationary on the ground. A person in uniform is standing in front of the jet, waving. There is no noticeable change from the previous frame."
      },
      {
        "timestamp": 50.76,
        "annotation": "The military jet remains stationary on the ground. The person in uniform continues to wave. There is no noticeable change from the previous frame."
      },
      {
        "timestamp": 51.75,
        "annotation": "The military jet remains stationary on the ground. The person in uniform continues to wave. There is no noticeable change from the previous frame."
      },
      {
        "timestamp": 52.75,
        "annotation": "The military jet remains stationary on the ground. The person in uniform continues to wave. There is no noticeable change from the previous frame."
      },
      {
        "timestamp": 53.74,
        "annotation": "The military jet remains stationary on the ground. The person in uniform continues to wave. There is no noticeable change from the previous frame."
      },
      {
        "timestamp": 54.74,
        "annotation": "The military jet remains stationary on the ground. The person in uniform continues to wave. There is no noticeable change from the previous frame."
      },
      {
        "timestamp": 55.73,
        "annotation": "The military jet remains stationary on the ground. The person in uniform continues to wave. There is no noticeable change from the previous frame."
      },
      {
        "timestamp": 56.73,
        "annotation": "The military jet remains stationary on the ground. The person in uniform continues to wave. There is no noticeable change from the previous frame."
      },
      {
        "timestamp": 57.72,
        "annotation": "The military jet remains stationary on the ground. The person in uniform continues to wave. There is no noticeable change from the previous frame."
      },
      {
        "timestamp": 58.72,
        "annotation": "The military jet remains stationary on the ground. The person in uniform continues to wave. There is no noticeable change from the previous frame."
      },
      {
        "timestamp": 59.71,
        "annotation": "Two individuals in yellow flight suits and helmets are standing on the deck of an aircraft carrier. They appear to be preparing for or have just completed a flight. There is no visible aircraft taking off in this frame. No noticeable change from the previous frame where the military jet remained stationary on the ground."
      }
    ],
    "whole_video_annotation": "The video depicts a sequence of events on an aircraft carrier. Initially, a helicopter is seen in the air above the deck, while a military jet is positioned on the deck, preparing for takeoff. The helicopter gradually moves out of the frame as the military jet starts to move forward and eventually takes off, ascending into the sky. The jet continues its steady climb, with the deck and sea becoming less visible as it gains altitude. After reaching its highest point in the frame, the jet appears to land, and a person in uniform is seen waving in front of it. Later, two individuals in yellow flight suits and helmets are seen on the deck, seemingly preparing for or having just completed a flight.\n\nIn response to the user's question: \"Is the first military aircraft taking off from the aircraft carrier?\" The answer is yes. The military jet is clearly shown taking off from the aircraft carrier deck and ascending into the sky.",
    "annotations_summary": "The video captures a sequence of events on an aircraft carrier. Initially, a helicopter is seen hovering above the deck while a military jet is positioned for takeoff. The helicopter gradually moves out of the frame as the military jet begins to move forward and takes off, ascending steadily into the sky. The jet continues its climb, with the deck and sea becoming less visible as it gains altitude. After reaching its highest point in the frame, the jet appears to land, and a person in uniform is seen waving in front of it. Later, two individuals in yellow flight suits and helmets are seen on the deck, either preparing for or having just completed a flight."
  }
}