{
  "qid": "0319-0",
  "video_id": "NqMmfmsclrE",
  "video_path": "videos\\0319_NqMmfmsclrE.mp4",
  "main_question": "Where is the ball at the end of the video?",
  "sub_questions": "To better understand the video and determine where the ball is at the end, consider the following sub-questions:\n\n1. **What is the initial position of the ball at the beginning of the video?**\n   - Understanding the starting point can help track the ball's movement throughout the video.\n\n2. **Are there any significant events or actions involving the ball during the video?**\n   - Knowing key events, such as kicks, throws, or interactions with other objects or characters, can provide context for the ball's final position.\n\n3. **Does the video show the entire area where the ball could potentially end up?**\n   - If the camera perspective is limited, it might be challenging to determine the ball's final location accurately.",
  "annotations": {
    "frame_annotations": [
      {
        "timestamp": 0.0,
        "annotation": "A person is holding a red ball inside a yellow ring. There is a diagram on the table showing different trajectories labeled A, B, C, D, and E."
      },
      {
        "timestamp": 1.0,
        "annotation": "The ball is still inside the ring, but the person's hand is slightly adjusting its position. No significant change in the ball's position relative to the ring."
      },
      {
        "timestamp": 2.0,
        "annotation": "The ball remains inside the ring, and the person's hand is still adjusting its position. The ball is slightly lower in the ring compared to the previous frame."
      },
      {
        "timestamp": 3.0,
        "annotation": "The ball is still inside the ring, but the person's hand is now releasing the ball. The ball starts to roll slightly downward within the ring."
      },
      {
        "timestamp": 4.0,
        "annotation": "The ball is rolling out of the ring towards the table. The ring is now empty, and the ball is in motion."
      },
      {
        "timestamp": 5.0,
        "annotation": "The ball is on the table, and the ring is off to the side. The ball is rolling away from the ring."
      },
      {
        "timestamp": 6.0,
        "annotation": "The ball is further away from the ring, rolling towards the bottom of the frame. The ring is stationary on the table."
      },
      {
        "timestamp": 7.0,
        "annotation": "The ball is near the bottom of the frame, and a hand is visible, possibly preparing to interact with the ball again. The ring remains stationary."
      },
      {
        "timestamp": 8.0,
        "annotation": "The ball is being held by a hand again, and the ring is back in the frame. The ball is positioned outside the ring, near the bottom."
      }
    ],
    "whole_video_annotation": "In the video, a person is manipulating a red ball within a yellow ring, which is placed on a table with a diagram showing different trajectories labeled A, B, C, D, and E. The person initially holds the ball inside the ring and makes slight adjustments to its position. Eventually, the ball is released and rolls out of the ring onto the table. The ball continues to roll away from the ring towards the bottom of the frame. Towards the end of the video, a hand appears and picks up the ball again, positioning it outside the ring near the bottom of the frame.\n\nAt the end of the video, the ball is being held by a hand outside the ring, near the bottom of the frame.",
    "annotations_summary": "The video depicts a person interacting with a red ball and a yellow ring placed on a table that has a diagram with trajectories labeled A, B, C, D, and E. Here's a brief summary of the actions:\n\n1. **Initial Setup**: The person holds the red ball inside the yellow ring.\n2. **Adjustment**: The person slightly adjusts the ball's position within the ring.\n3. **Release**: The ball is released and begins to roll out of the ring onto the table.\n4. **Rolling**: The ball continues to roll away from the ring towards the bottom of the frame.\n5. **Interaction**: Towards the end, a hand appears and picks up the ball, positioning it outside the ring near the bottom of the frame.\n\nAt the conclusion of the video, the ball is being held by a hand outside the ring, near the bottom of the frame."
  }
}