{
  "qid": "0334-3",
  "video_id": "VoyvvpcrUgo",
  "video_path": "videos\\0334_VoyvvpcrUgo.mp4",
  "main_question": "Is the scene in the seventh part of the video not real?",
  "sub_questions": "To better understand the video and address the main question \"Is the scene in the seventh part of the video not real?\", consider the following sub-questions:\n\n1. **What specific elements in the seventh part of the video suggest that the scene might not be real?**\n   - This question helps identify any visual or auditory cues that might indicate the scene is staged or manipulated.\n\n2. **Are there any indications or statements from the video's creators or participants about the authenticity of the seventh part?**\n   - This question seeks to gather any official or unofficial commentary that might confirm or deny the reality of the scene.\n\n3. **How does the seventh part of the video compare to other parts in terms of production quality, style, or content?**\n   - This question aims to understand if there are noticeable differences that might suggest the seventh part was treated differently, potentially indicating it is not real.",
  "annotations": {
    "frame_annotations": [
      {
        "timestamp": 0.0,
        "annotation": "A hand is holding a plastic water bottle against a backdrop of a landscape viewed from a high altitude, possibly from an airplane."
      },
      {
        "timestamp": 1.0,
        "annotation": "The hand is still holding the water bottle. The landscape below appears slightly clearer, suggesting a slight movement or change in altitude."
      },
      {
        "timestamp": 2.0,
        "annotation": "A pair of orange handles or grips is held in front of a large cable-stayed bridge with a distinctive design, likely the Oct\u00e1vio Frias de Oliveira Bridge in S\u00e3o Paulo, Brazil."
      },
      {
        "timestamp": 3.0,
        "annotation": "The orange handles remain in the same position. The bridge in the background is unchanged, indicating a static scene."
      },
      {
        "timestamp": 4.0,
        "annotation": "A hand is holding an antique key in front of a historic square with a large monument or building, likely the Pra\u00e7a do Com\u00e9rcio in Lisbon, Portugal."
      },
      {
        "timestamp": 5.0,
        "annotation": "The hand and the key are in the same position. The background of the historic square remains unchanged."
      },
      {
        "timestamp": 6.0,
        "annotation": "A hand is holding a small, bent metal object in front of a bridge over a body of water during sunset. The bridge has a triangular structure."
      },
      {
        "timestamp": 7.0,
        "annotation": "The hand and the metal object are in the same position. The sunset and the bridge in the background appear unchanged."
      },
      {
        "timestamp": 8.0,
        "annotation": "A hand is holding two small bottles of liquor in front of a row of traditional Dutch houses reflected in water, likely in Amsterdam, Netherlands."
      },
      {
        "timestamp": 9.0,
        "annotation": "The hand and the bottles remain in the same position. The reflection of the houses in the water is unchanged."
      },
      {
        "timestamp": 10.0,
        "annotation": "A hand is holding a small bowl with a bottle in it against a sunset backdrop. The scene is silhouetted, emphasizing the shapes of the hand, bowl, and bottle."
      },
      {
        "timestamp": 11.0,
        "annotation": "The hand, bowl, and bottle remain in the same position. The sunset backdrop is unchanged, maintaining the silhouetted effect."
      },
      {
        "timestamp": 12.0,
        "annotation": "The hand, bowl, and bottle are still in the same position. The sunset backdrop continues to be unchanged."
      },
      {
        "timestamp": 13.0,
        "annotation": "The scene transitions to an illustration of a man walking on a path being erased by a giant pencil. The man is surrounded by a complex network of roads."
      },
      {
        "timestamp": 14.0,
        "annotation": "The illustration of the man walking on the erased path remains the same. The complex network of roads and the giant pencil are unchanged."
      }
    ],
    "whole_video_annotation": "The video appears to be a series of short, static scenes where a hand holds various objects in front of different iconic or recognizable backgrounds. The backgrounds include landscapes, architectural landmarks, and urban settings from around the world. The scenes are static, with minimal movement, and each frame holds for a few seconds before transitioning to the next. The final part of the video transitions to an animated or illustrated scene featuring a man walking on a path being erased by a giant pencil.\n\nRegarding the seventh part of the video, it is described as a hand holding a small, bent metal object in front of a bridge over a body of water during sunset. The bridge has a triangular structure. Without additional context, it is difficult to determine if the scene is real or not, but it is presented in a similar style to the other scenes in the video, which appear to be real photographs.",
    "annotations_summary": "The video consists of a series of static scenes, each lasting a few seconds, where a hand holds different objects in front of various iconic backgrounds. Here's a brief summary:\n\n1. **Landscape from High Altitude** (0-1s): A hand holds a plastic water bottle against a high-altitude landscape, possibly from an airplane.\n2. **Oct\u00e1vio Frias de Oliveira Bridge** (2-3s): Orange handles are held in front of the distinctive cable-stayed bridge in S\u00e3o Paulo, Brazil.\n3. **Pra\u00e7a do Com\u00e9rcio, Lisbon** (4-5s): A hand holds an antique key in front of the historic square in Lisbon, Portugal.\n4. **Triangular Bridge at Sunset** (6-7s): A hand holds a small, bent metal object in front of a bridge with a triangular structure over water during sunset.\n5. **Traditional Dutch Houses** (8-9s): A hand holds two small bottles of liquor in front of a row of traditional Dutch houses reflected in water, likely in Amsterdam, Netherlands.\n6. **Sunset Silhouette** (10-12s): A hand holds a small bowl with a bottle in it against a sunset backdrop, creating a silhouetted effect.\n7. **Animated Scene** (13-14s): The video transitions to an illustration of a man walking on a path being erased by a giant pencil, surrounded by a complex network of roads.\n\nEach scene is static with minimal movement, transitioning smoothly to the next. The final part of the video features an animated or illustrated scene, differing from the preceding photographic style."
  }
}