{
  "qid": "0340-7",
  "video_id": "XK7kH7pxTcE",
  "video_path": "videos\\0340_XK7kH7pxTcE.mp4",
  "main_question": "How many drainage channels are visible in the video?\nA. Four\nB. Two\nC. Three\nD. Five",
  "sub_questions": "To better understand the video and determine the number of drainage channels visible, consider the following sub-questions:\n\n1. **Can you describe the scene in the video?**\n   - What is the setting? Is it an urban area, a rural area, or something else?\n   - Are there any distinctive landmarks or features that can help identify the location?\n\n2. **What are the visual clues that indicate the presence of drainage channels?**\n   - Are the drainage channels above ground, below ground, or a combination of both?\n   - What do the drainage channels look like? Are they pipes, open trenches, or something else?\n\n3. **How is the video shot?**\n   - Is the video taken from a fixed position or is it moving (e.g., a drone shot, a car driving by)?\n   - Are there any close-up shots or wide-angle shots that might affect the visibility of the drainage channels?",
  "annotations": {
    "frame_annotations": [
      {
        "timestamp": 0.0,
        "annotation": "A man is seen working in a trench. He is holding a wooden plank over a drainage channel filled with water. The text at the top and bottom is in Chinese."
      },
      {
        "timestamp": 1.0,
        "annotation": "The man is now bending over the wooden plank, appearing to adjust or secure something in the drainage channel. No significant change in the surroundings."
      },
      {
        "timestamp": 2.0,
        "annotation": "The man is seen from a different angle, still working on the drainage channel. Another drainage channel is visible in the background, making a total of two visible drainage channels."
      },
      {
        "timestamp": 3.0,
        "annotation": "The man is connecting a pipe to the drainage channel. The wooden plank is still in place. No new drainage channels are visible."
      },
      {
        "timestamp": 4.0,
        "annotation": "The man is continuing to work on the pipe connection. The scene remains the same with no new elements introduced."
      },
      {
        "timestamp": 5.0,
        "annotation": "The man is seen working on a slope above the trench. The focus is on the excavation work, and no drainage channels are visible in this frame."
      },
      {
        "timestamp": 6.0,
        "annotation": "The man is seen digging in the trench. Two pipes are visible, but no complete drainage channels are seen in this frame."
      },
      {
        "timestamp": 7.0,
        "annotation": "The man is pouring a mixture, likely concrete, into the trench. No drainage channels are visible in this frame."
      },
      {
        "timestamp": 8.0,
        "annotation": "The man is seen working on the drainage channel again, which now has two visible pipe openings. No additional drainage channels are visible."
      },
      {
        "timestamp": 9.0,
        "annotation": "The man is seen arranging bricks near the trench. No drainage channels are visible in this frame."
      },
      {
        "timestamp": 10.0,
        "annotation": "The man continues to arrange bricks near the trench. No drainage channels are visible in this frame."
      },
      {
        "timestamp": 11.0,
        "annotation": "The man continues to arrange bricks near the trench. No drainage channels are visible in this frame."
      },
      {
        "timestamp": 12.0,
        "annotation": "The man continues to arrange bricks near the trench. No drainage channels are visible in this frame."
      },
      {
        "timestamp": 13.0,
        "annotation": "The man continues to arrange bricks near the trench. No drainage channels are visible in this frame."
      },
      {
        "timestamp": 14.0,
        "annotation": "The man continues to arrange bricks near the trench. No drainage channels are visible in this frame."
      },
      {
        "timestamp": 15.0,
        "annotation": "The man continues to arrange bricks near the trench. No drainage channels are visible in this frame."
      },
      {
        "timestamp": 16.0,
        "annotation": "The man continues to arrange bricks near the trench. No drainage channels are visible in this frame."
      },
      {
        "timestamp": 17.0,
        "annotation": "The man continues to arrange bricks near the trench. No drainage channels are visible in this frame."
      },
      {
        "timestamp": 18.0,
        "annotation": "The man continues to arrange bricks near the trench. No drainage channels are visible in this frame."
      },
      {
        "timestamp": 19.0,
        "annotation": "The man continues to arrange bricks near the trench. No drainage channels are visible in this frame."
      },
      {
        "timestamp": 20.0,
        "annotation": "The man continues to arrange bricks near the trench. No drainage channels are visible in this frame."
      },
      {
        "timestamp": 21.0,
        "annotation": "The man continues to arrange bricks near the trench. No drainage channels are visible in this frame."
      },
      {
        "timestamp": 22.0,
        "annotation": "The man continues to arrange bricks near the trench. No drainage channels are visible in this frame."
      },
      {
        "timestamp": 23.0,
        "annotation": "The man continues to arrange bricks near the trench. No drainage channels are visible in this frame."
      },
      {
        "timestamp": 24.0,
        "annotation": "The man continues to arrange bricks near the trench. No drainage channels are visible in this frame."
      },
      {
        "timestamp": 25.0,
        "annotation": "The man continues to arrange bricks near the trench. No drainage channels are visible in this frame."
      },
      {
        "timestamp": 26.0,
        "annotation": "The man continues to arrange bricks near the trench. No drainage channels are visible in this frame."
      },
      {
        "timestamp": 27.0,
        "annotation": "The man continues to arrange bricks near the trench. No drainage channels are visible in this frame."
      },
      {
        "timestamp": 28.0,
        "annotation": "The man continues to arrange bricks near the trench. No drainage channels are visible in this frame."
      },
      {
        "timestamp": 29.0,
        "annotation": "The man continues to arrange bricks near the trench. No drainage channels are visible in this frame."
      },
      {
        "timestamp": 30.0,
        "annotation": "The man continues to arrange bricks near the trench. No drainage channels are visible in this frame."
      },
      {
        "timestamp": 31.0,
        "annotation": "The man continues to arrange bricks near the trench. No drainage channels are visible in this frame."
      },
      {
        "timestamp": 32.0,
        "annotation": "The man continues to arrange bricks near the trench. No drainage channels are visible in this frame."
      },
      {
        "timestamp": 33.0,
        "annotation": "The man continues to arrange bricks near the trench. No drainage channels are visible in this frame."
      },
      {
        "timestamp": 34.0,
        "annotation": "The man continues to arrange bricks near the trench. No drainage channels are visible in this frame."
      },
      {
        "timestamp": 35.0,
        "annotation": "The man continues to arrange bricks near the trench. No drainage channels are visible in this frame."
      },
      {
        "timestamp": 36.0,
        "annotation": "The man continues to arrange bricks near the trench. No drainage channels are visible in this frame."
      },
      {
        "timestamp": 37.0,
        "annotation": "The man starts to place concrete blocks in a row near the trench. No drainage channels are visible in this frame."
      },
      {
        "timestamp": 38.0,
        "annotation": "The man continues to place concrete blocks in a row near the trench. No drainage channels are visible in this frame."
      },
      {
        "timestamp": 39.0,
        "annotation": "The man finishes placing the concrete blocks in a row near the trench. No drainage channels are visible in this frame."
      },
      {
        "timestamp": 40.0,
        "annotation": "The man is seen placing concrete blocks in a row near a trench. No drainage channels are visible in this frame."
      },
      {
        "timestamp": 41.0,
        "annotation": "The man continues to place concrete blocks in a row near the trench. No drainage channels are visible in this frame."
      },
      {
        "timestamp": 42.0,
        "annotation": "The man is still placing concrete blocks in a row near the trench. No drainage channels are visible in this frame."
      },
      {
        "timestamp": 43.0,
        "annotation": "The man finishes placing the concrete blocks in a row near the trench. No drainage channels are visible in this frame."
      },
      {
        "timestamp": 44.0,
        "annotation": "The man is now working on the concrete structure. No drainage channels are visible in this frame."
      },
      {
        "timestamp": 45.0,
        "annotation": "The man is seen working on the concrete structure. No drainage channels are visible in this frame."
      },
      {
        "timestamp": 46.0,
        "annotation": "The man is working on the concrete structure. No drainage channels are visible in this frame."
      },
      {
        "timestamp": 47.0,
        "annotation": "The man is working on the concrete structure. No drainage channels are visible in this frame."
      },
      {
        "timestamp": 48.0,
        "annotation": "The man is working on the concrete structure. No drainage channels are visible in this frame."
      },
      {
        "timestamp": 49.0,
        "annotation": "The man is working on the concrete structure. No drainage channels are visible in this frame."
      },
      {
        "timestamp": 50.0,
        "annotation": "The man is pouring concrete into a formwork structure. No drainage channels are visible in this frame."
      },
      {
        "timestamp": 51.0,
        "annotation": "The man continues pouring concrete. No drainage channels are visible in this frame."
      },
      {
        "timestamp": 52.0,
        "annotation": "The man is still pouring concrete. No drainage channels are visible in this frame."
      },
      {
        "timestamp": 53.0,
        "annotation": "The man is working on the concrete structure. No drainage channels are visible in this frame."
      },
      {
        "timestamp": 54.0,
        "annotation": "The man is smoothing the concrete surface. No drainage channels are visible in this frame."
      },
      {
        "timestamp": 55.0,
        "annotation": "The man is seen working on the concrete structure from a different angle. No drainage channels are visible in this frame."
      },
      {
        "timestamp": 56.0,
        "annotation": "The man is seen working on the concrete structure from a different angle. No drainage channels are visible in this frame."
      },
      {
        "timestamp": 57.0,
        "annotation": "The man is seen working on the concrete structure from a different angle. No drainage channels are visible in this frame."
      },
      {
        "timestamp": 58.0,
        "annotation": "The man is seen working on the concrete structure from a different angle. No drainage channels are visible in this frame."
      },
      {
        "timestamp": 59.0,
        "annotation": "The man is seen working on the concrete structure from a different angle. No drainage channels are visible in this frame."
      }
    ],
    "whole_video_annotation": "In the video, a man is engaged in various construction activities. Initially, he is working in a trench, focusing on a drainage channel. He is seen holding a wooden plank over the drainage channel, adjusting or securing something, and connecting pipes. Later, he moves on to excavation work, pouring concrete, and arranging bricks near the trench. Towards the end of the video, he is seen placing concrete blocks and working on a concrete structure, smoothing the concrete surface.\n\nRegarding the question about the number of drainage channels visible in the video:\n\nOnly two drainage channels are visible in the video. This occurs in Frame 2.\n\nSo, the correct answer is:\nB. Two",
    "annotations_summary": "The video depicts a man performing various construction tasks over a duration of 59 seconds. Here's a brief summary of his activities:\n\n1. **Drainage Channel Work (0-3s):**\n   - The man starts by working in a trench, holding a wooden plank over a drainage channel filled with water.\n   - He adjusts or secures something in the drainage channel and connects a pipe to it.\n   - At one point, two drainage channels are visible.\n\n2. **Excavation and Concrete Work (4-7s):**\n   - The man works on a slope above the trench and then digs in the trench.\n   - He pours a mixture, likely concrete, into the trench.\n\n3. **Brick and Concrete Block Arrangement (8-43s):**\n   - The man arranges bricks near the trench for an extended period.\n   - He then places concrete blocks in a row near the trench.\n\n4. **Concrete Structure Work (44-59s):**\n   - The man works on a concrete structure, pouring and smoothing concrete.\n   - He is seen from various angles working on the concrete structure.\n\nThroughout the video, the man is focused on different aspects of construction, primarily involving drainage, excavation, and concrete work. Only two drainage channels are visible in the video, specifically in Frame 2."
  }
}