{
  "qid": "0357-3",
  "video_id": "ZQQ6XGuLtyU",
  "video_path": "videos\\0357_ZQQ6XGuLtyU.mp4",
  "main_question": "Did the man in the white T-shirt feel satisfied and happy when he took out his things?",
  "sub_questions": "To better understand the video and answer the main question, consider the following sub-questions:\n\n1. **What was the man's facial expression when he took out his things?**\n   - This can help determine if he appeared satisfied and happy.\n\n2. **What specific items did the man take out, and how did he react to each item?**\n   - His reactions to the items can provide clues about his satisfaction and happiness.\n\n3. **Were there any verbal cues or comments made by the man when he took out his things?**\n   - His words can directly indicate his feelings of satisfaction and happiness.",
  "annotations": {
    "frame_annotations": [
      {
        "timestamp": 0.0,
        "annotation": "A group of people is gathered around a table with large colorful slime balls. A woman in a pink shirt is smiling and looking at the slime. The man in the white T-shirt is standing to her left, looking at the slime with a neutral expression."
      },
      {
        "timestamp": 1.0,
        "annotation": "The woman in the pink shirt is now reaching towards one of the pink slime balls. The man in the white T-shirt is still standing to her left, but his expression seems to be changing slightly, possibly showing anticipation."
      },
      {
        "timestamp": 2.0,
        "annotation": "The woman in the pink shirt is touching the pink slime ball. The man in the white T-shirt is now smiling, showing more engagement with the activity."
      },
      {
        "timestamp": 3.0,
        "annotation": "The woman in the pink shirt is lifting the pink slime ball above a clear bowl. The man in the white T-shirt's smile has widened, indicating he is enjoying the moment."
      },
      {
        "timestamp": 4.0,
        "annotation": "The woman in the pink shirt is squeezing the pink slime into the clear bowl. The man in the white T-shirt is laughing, clearly amused by the action."
      },
      {
        "timestamp": 5.0,
        "annotation": "The woman in the pink shirt continues to squeeze the slime into the bowl. The man in the white T-shirt is still laughing, showing he is thoroughly enjoying the scene."
      },
      {
        "timestamp": 6.0,
        "annotation": "The woman in the pink shirt has finished squeezing the slime and is now lifting her hands up, possibly in surprise or excitement. The man in the white T-shirt is still laughing heartily."
      },
      {
        "timestamp": 7.0,
        "annotation": "The woman in the pink shirt is now laughing and looking at the bowl of slime. The man in the white T-shirt is still laughing, clearly satisfied and happy with the outcome."
      },
      {
        "timestamp": 8.0,
        "annotation": "The woman in the pink shirt is now looking at the camera, still laughing. The man in the white T-shirt is also looking at the camera, smiling broadly, indicating his satisfaction and happiness."
      },
      {
        "timestamp": 9.0,
        "annotation": "The man in the striped shirt is now reaching towards one of the blue slime balls. The man in the white T-shirt is still smiling, showing continued enjoyment."
      },
      {
        "timestamp": 10.0,
        "annotation": "The man in the striped shirt is reaching towards one of the blue slime balls. The man in the white T-shirt is still smiling, showing continued enjoyment."
      },
      {
        "timestamp": 11.0,
        "annotation": "The man in the striped shirt is now touching the blue slime ball. The man in the white T-shirt continues to smile, indicating ongoing enjoyment."
      },
      {
        "timestamp": 12.0,
        "annotation": "The man in the striped shirt is lifting the blue slime ball. The man in the white T-shirt's smile remains, showing sustained enjoyment."
      },
      {
        "timestamp": 13.0,
        "annotation": "The man in the striped shirt is placing the blue slime ball into a bowl. The man in the white T-shirt is still smiling, maintaining his enjoyment."
      },
      {
        "timestamp": 14.0,
        "annotation": "The man in the striped shirt is now squeezing the blue slime ball into the bowl. The man in the white T-shirt continues to smile, showing his enjoyment."
      },
      {
        "timestamp": 15.0,
        "annotation": "The man in the striped shirt is now picking up a pink slime ball. The man in the white T-shirt is still smiling, indicating continued enjoyment."
      },
      {
        "timestamp": 16.0,
        "annotation": "The man in the striped shirt is placing the pink slime ball into the bowl with the blue slime. The man in the white T-shirt continues to smile, showing his enjoyment."
      },
      {
        "timestamp": 17.0,
        "annotation": "The man in the striped shirt is now squeezing the pink slime ball into the bowl. The man in the white T-shirt is still smiling, maintaining his enjoyment."
      },
      {
        "timestamp": 18.0,
        "annotation": "The man in the striped shirt is now mixing the slime in the bowl. The man in the white T-shirt continues to smile, indicating ongoing enjoyment."
      },
      {
        "timestamp": 19.0,
        "annotation": "The man in the striped shirt is now pulling out a green object from the mixed slime. The man in the white T-shirt is laughing loudly, showing his satisfaction and happiness."
      },
      {
        "timestamp": 20.0,
        "annotation": "The man in the green jacket is reaching into the pink slime with both hands. The man in the white T-shirt is laughing loudly, showing his satisfaction and happiness."
      },
      {
        "timestamp": 21.0,
        "annotation": "The man in the green jacket is now fully immersed in the pink slime, with his hands deep inside. The man in the white T-shirt continues to laugh loudly, showing his satisfaction and happiness."
      },
      {
        "timestamp": 22.0,
        "annotation": "The man in the green jacket is pulling out a green object from the pink slime. The man in the white T-shirt is laughing loudly, showing his satisfaction and happiness."
      },
      {
        "timestamp": 23.0,
        "annotation": "The man in the green jacket is now pulling out a green object from the pink slime. The man in the white T-shirt is laughing loudly, showing his satisfaction and happiness."
      },
      {
        "timestamp": 24.0,
        "annotation": "The man in the green jacket is now pulling out a green object from the pink slime. The man in the white T-shirt is laughing loudly, showing his satisfaction and happiness."
      },
      {
        "timestamp": 25.0,
        "annotation": "The man in the green jacket is now pulling out a green object from the pink slime. The man in the white T-shirt is laughing loudly, showing his satisfaction and happiness."
      },
      {
        "timestamp": 26.0,
        "annotation": "The man in the green jacket is now pulling out a green object from the pink slime. The man in the white T-shirt is laughing loudly, showing his satisfaction and happiness."
      },
      {
        "timestamp": 27.0,
        "annotation": "The man in the green jacket is now pulling out a green object from the pink slime. The man in the white T-shirt is laughing loudly, showing his satisfaction and happiness."
      },
      {
        "timestamp": 28.0,
        "annotation": "The man in the green jacket is now pulling out a green object from the pink slime. The man in the white T-shirt is laughing loudly, showing his satisfaction and happiness."
      },
      {
        "timestamp": 29.0,
        "annotation": "The man in the green jacket is now pulling out a green object from the pink slime. The man in the white T-shirt is laughing loudly, showing his satisfaction and happiness."
      },
      {
        "timestamp": 30.0,
        "annotation": "The man in the black T-shirt and cap is pulling out a pink object from a bowl. The man in the white T-shirt is laughing loudly, showing his satisfaction and happiness. The other people in the background are also laughing and enjoying the moment."
      },
      {
        "timestamp": 31.0,
        "annotation": "The man in the black T-shirt and cap continues to pull out the pink object. The man in the white T-shirt is still laughing loudly, showing his satisfaction and happiness. The other people in the background are also laughing and enjoying the moment."
      },
      {
        "timestamp": 32.0,
        "annotation": "The man in the black T-shirt and cap is now pulling out a green object from the pink slime. The man in the white T-shirt is laughing loudly, showing his satisfaction and happiness. The other people in the background are also laughing and enjoying the moment."
      },
      {
        "timestamp": 33.0,
        "annotation": "The man in the black T-shirt and cap continues to pull out the green object. The man in the white T-shirt is laughing loudly, showing his satisfaction and happiness. The other people in the background are also laughing and enjoying the moment."
      },
      {
        "timestamp": 34.0,
        "annotation": "The man in the black T-shirt and cap is now pulling out a blue object from the pink slime. The man in the white T-shirt is laughing loudly, showing his satisfaction and happiness. The other people in the background are also laughing and enjoying the moment."
      },
      {
        "timestamp": 35.0,
        "annotation": "The man in the black T-shirt and cap continues to pull out the blue object. The man in the white T-shirt is laughing loudly, showing his satisfaction and happiness. The other people in the background are also laughing and enjoying the moment."
      },
      {
        "timestamp": 36.0,
        "annotation": "The man in the black T-shirt and cap is now pulling out a red object from the pink slime. The man in the white T-shirt is laughing loudly, showing his satisfaction and happiness. The other people in the background are also laughing and enjoying the moment."
      },
      {
        "timestamp": 37.0,
        "annotation": "The man in the black T-shirt and cap continues to pull out the red object. The man in the white T-shirt is laughing loudly, showing his satisfaction and happiness. The other people in the background are also laughing and enjoying the moment."
      },
      {
        "timestamp": 38.0,
        "annotation": "The man in the black T-shirt and cap is now pulling out a spoon from the pink slime. The man in the white T-shirt is laughing loudly, showing his satisfaction and happiness. The other people in the background are also laughing and enjoying the moment."
      },
      {
        "timestamp": 39.0,
        "annotation": "The man in the black T-shirt and cap continues to pull out the spoon. The man in the white T-shirt is laughing loudly, showing his satisfaction and happiness. The other people in the background are also laughing and enjoying the moment."
      },
      {
        "timestamp": 40.0,
        "annotation": "The man in the gray T-shirt is reaching into a blue bowl with both hands. The people in the background are reacting with surprise and amusement. The man in the gray T-shirt appears to be in a playful and surprised state."
      },
      {
        "timestamp": 41.0,
        "annotation": "The man in the gray T-shirt has his hands inside the blue bowl, and his expression shows a mix of surprise and amusement. The people in the background continue to react with laughter and surprise. No significant change from the previous frame."
      },
      {
        "timestamp": 42.0,
        "annotation": "The man in the gray T-shirt is laughing loudly with his hands still inside the blue bowl. The people in the background are also laughing and enjoying the moment. No significant change from the previous frame."
      },
      {
        "timestamp": 43.0,
        "annotation": "The man in the gray T-shirt is now pulling his hands out of the blue bowl, which appears to be filled with a slime-like substance. His expression shows continued surprise and amusement. The people in the background are reacting with even more laughter and surprise."
      },
      {
        "timestamp": 44.0,
        "annotation": "The man in the gray T-shirt has pulled his hands out of the blue bowl, and some of the blue substance is spilling onto the table. He appears satisfied and happy, laughing along with the people in the background who are also enjoying the moment. Some blue substance is visible on the table."
      }
    ],
    "whole_video_annotation": "The video depicts a group of people engaging in a playful and entertaining activity involving colorful slime. The participants take turns interacting with the slime, squeezing it into bowls, mixing it, and pulling out various hidden objects. The atmosphere is lively and joyful, with everyone laughing and enjoying the experience. The man in the white T-shirt is particularly expressive, showing a range of emotions from anticipation to laughter and satisfaction as he observes the others' interactions with the slime.\n\nRegarding the specific question: The man in the white T-shirt does not take out any objects himself; he is primarily an observer who reacts with laughter and enjoyment to the actions of others. Therefore, the question about his satisfaction and happiness when taking out his things does not apply, as he does not participate in that manner.",
    "annotations_summary": "The video features a group of people enjoying a playful activity with colorful slime. Here's a brief summary:\n\n- **Setting**: The group is gathered around a table with large, colorful slime balls.\n- **Activities**:\n  - A woman in a pink shirt interacts with pink slime, squeezing it into a bowl and laughing.\n  - A man in a striped shirt handles blue and pink slime, mixing them and pulling out green objects, eliciting laughter from the group.\n  - A man in a green jacket immerses his hands in pink slime and pulls out green objects repeatedly.\n  - A man in a black T-shirt and cap pulls out various colored objects and a spoon from the slime, with everyone laughing.\n  - A man in a gray T-shirt plays with blue slime, reacting with surprise and amusement as he pulls his hands out, causing blue substance to spill onto the table.\n- **Reactions**:\n  - The man in the white T-shirt is a prominent observer, showing a range of emotions from anticipation to laughter and satisfaction as he watches others interact with the slime.\n  - The atmosphere is lively and joyful, with everyone laughing and enjoying the experience.\n\nThe man in the white T-shirt does not participate in pulling out objects himself; he primarily reacts with enjoyment to the actions of others."
  }
}