{
  "qid": "0357-7",
  "video_id": "ZQQ6XGuLtyU",
  "video_path": "videos\\0357_ZQQ6XGuLtyU.mp4",
  "main_question": "What is the person who opens the third hidden item wearing?\nA. A black jacket\nB. A white texuture T-shirt\nC. A white T-shirt\nD. A pink t-shirt with green text",
  "sub_questions": "To better understand the video and determine what the person who opens the third hidden item is wearing, consider the following sub-questions:\n\n1. **Can you identify the sequence of actions leading up to the opening of the third hidden item?**\n   - This will help pinpoint the exact moment when the third hidden item is opened.\n\n2. **What are the visual clues or markers that indicate the third hidden item is about to be opened?**\n   - This can help in focusing on the right part of the video and the right person.\n\n3. **What are the distinct clothing items worn by each person in the video, especially around the time the third hidden item is opened?**\n   - This will provide a clearer picture of what each person is wearing, making it easier to identify the correct answer.",
  "annotations": {
    "frame_annotations": [
      {
        "timestamp": 0.0,
        "annotation": "A group of people is gathered around a table with several large, colorful slime-like substances in bowls. The central figure, a woman in a pink t-shirt with green text, is smiling and appears to be about to interact with one of the slime bowls."
      },
      {
        "timestamp": 1.0,
        "annotation": "The woman in the pink t-shirt with green text is reaching towards one of the pink slime bowls. The group around her is watching intently, some with expressions of anticipation or amusement."
      },
      {
        "timestamp": 2.0,
        "annotation": "The woman is now touching the pink slime, and it appears she is trying to pick it up or manipulate it in some way. The group's reactions vary, with some looking excited or surprised."
      },
      {
        "timestamp": 3.0,
        "annotation": "The woman has successfully picked up a significant amount of the pink slime and is lifting it towards her face. The group's reactions are more pronounced, with some laughing or making exaggerated facial expressions."
      },
      {
        "timestamp": 4.0,
        "annotation": "The woman is now holding the pink slime close to her face, and it looks like she might be about to put it on her face or interact with it further. The group's reactions are intense, with some covering their mouths or eyes in mock horror or amusement."
      },
      {
        "timestamp": 5.0,
        "annotation": "The woman has placed the pink slime on her face, and it appears she is laughing or reacting to the sensation. The group around her is highly amused, with some laughing loudly or making playful gestures."
      },
      {
        "timestamp": 6.0,
        "annotation": "The woman is now wiping the pink slime off her face, and it looks like she might be cleaning up the mess. The group's reactions are still playful, with some continuing to laugh or make comments."
      },
      {
        "timestamp": 7.0,
        "annotation": "The woman has finished cleaning up and is now smiling at the camera. The group around her is also smiling and appears to be enjoying the moment. A man in a striped shirt is now approaching the table."
      },
      {
        "timestamp": 8.0,
        "annotation": "The man in the striped shirt is reaching towards one of the blue slime bowls. The group's attention has shifted to him, and they are watching his actions with interest."
      },
      {
        "timestamp": 9.0,
        "annotation": "The man in the striped shirt is now touching the blue slime, and it appears he is trying to pick it up or manipulate it in some way. The group's reactions are similar to before, with some looking excited or surprised."
      },
      {
        "timestamp": 10.0,
        "annotation": "The man in the striped shirt continues to touch the blue slime, now with both hands, as the group watches with a mix of excitement and surprise. The reactions of the group remain consistent with the previous frame."
      },
      {
        "timestamp": 11.0,
        "annotation": "The man in the striped shirt is still interacting with the blue slime, and the group's reactions are unchanged. The scene appears to be in a moment of suspense or anticipation."
      },
      {
        "timestamp": 12.0,
        "annotation": "The man in the striped shirt is now lifting the blue slime out of the bowl, and the group's reactions intensify with more visible excitement and surprise. The atmosphere seems to be building towards a climax."
      },
      {
        "timestamp": 13.0,
        "annotation": "The man in the striped shirt is holding the blue slime above the bowl, and the group's reactions are at their peak. Everyone is visibly excited and surprised, with some members of the group covering their mouths or eyes."
      },
      {
        "timestamp": 14.0,
        "annotation": "The man in the striped shirt is now dropping the blue slime back into the bowl, and the group's reactions start to subside slightly. The atmosphere is still charged with excitement and surprise."
      },
      {
        "timestamp": 15.0,
        "annotation": "The man in the striped shirt is no longer interacting with the blue slime, and the group's reactions are calming down. The scene appears to be transitioning to a new activity."
      },
      {
        "timestamp": 16.0,
        "annotation": "A new person, wearing a white T-shirt, is now approaching the table with a pink slime. The group's attention shifts to this new individual, and their reactions are a mix of curiosity and anticipation."
      },
      {
        "timestamp": 17.0,
        "annotation": "The person in the white T-shirt is now touching the pink slime, and the group's reactions are similar to before, with a mix of excitement and surprise. The atmosphere is building again."
      },
      {
        "timestamp": 18.0,
        "annotation": "The person in the white T-shirt is lifting the pink slime out of the bowl, and the group's reactions intensify. Everyone is visibly excited and surprised, with some members of the group covering their mouths or eyes."
      },
      {
        "timestamp": 19.0,
        "annotation": "The person in the white T-shirt is holding the pink slime above the bowl, and the group's reactions are at their peak. The atmosphere is charged with excitement and surprise."
      },
      {
        "timestamp": 20.0,
        "annotation": "The person in the green jacket is holding the pink slime above the bowl. The group's reactions are at their peak. The atmosphere is charged with excitement and surprise."
      },
      {
        "timestamp": 21.0,
        "annotation": "The person in the green jacket is lowering the pink slime into the bowl. The group's reactions remain excited and surprised."
      },
      {
        "timestamp": 22.0,
        "annotation": "The person in the green jacket is pushing the pink slime into the bowl. The group's reactions are intense, with some members showing disbelief."
      },
      {
        "timestamp": 23.0,
        "annotation": "The person in the green jacket is fully immersing the pink slime into the bowl. The group's reactions are a mix of excitement and anticipation."
      },
      {
        "timestamp": 24.0,
        "annotation": "The person in the green jacket is lifting the pink slime out of the bowl. The group's reactions are still heightened, with some members laughing."
      },
      {
        "timestamp": 25.0,
        "annotation": "The person in the green jacket is revealing the pink slime, which now has a different texture. The group's reactions are of surprise and amusement."
      },
      {
        "timestamp": 26.0,
        "annotation": "The person in the green jacket is showing the transformed pink slime to the group. The reactions are of curiosity and excitement."
      },
      {
        "timestamp": 27.0,
        "annotation": "The person in the green jacket is placing the pink slime back into the bowl. The group's reactions are calming down but still show interest."
      },
      {
        "timestamp": 28.0,
        "annotation": "The person in the green jacket is holding a banana above the pink slime. The group's reactions are of anticipation and curiosity."
      },
      {
        "timestamp": 29.0,
        "annotation": "The person in the black T-shirt is holding the pink slime above the bowl. The group's reactions are at their peak. The atmosphere is charged with excitement and surprise."
      },
      {
        "timestamp": 30.0,
        "annotation": "The person in the black T-shirt and cap is holding the pink slime above the bowl. The group's reactions are at their peak. The atmosphere is charged with excitement and surprise."
      },
      {
        "timestamp": 31.0,
        "annotation": "The person in the black T-shirt and cap starts to lower the pink slime into the bowl. The group's reactions remain excited and surprised."
      },
      {
        "timestamp": 32.0,
        "annotation": "The person in the black T-shirt and cap is touching the pink slime with his other hand. The group's reactions are still intense."
      },
      {
        "timestamp": 33.0,
        "annotation": "The person in the black T-shirt and cap is now holding a blue slime above the bowl. The group's reactions are calming down slightly."
      },
      {
        "timestamp": 34.0,
        "annotation": "The person in the black T-shirt and cap is lowering the blue slime into the bowl. The group's reactions are mixed, some are excited, others are surprised."
      },
      {
        "timestamp": 35.0,
        "annotation": "The person in the black T-shirt and cap is touching the blue slime with his other hand. The group's reactions are calming down."
      },
      {
        "timestamp": 36.0,
        "annotation": "The person in the black T-shirt and cap is sticking his finger into the blue slime. The group's reactions are mixed, some are excited, others are surprised."
      },
      {
        "timestamp": 37.0,
        "annotation": "The person in the black T-shirt and cap is licking his finger with slime on it. The group's reactions are intense again, with some members showing disgust."
      },
      {
        "timestamp": 38.0,
        "annotation": "The person in the black T-shirt and cap is reacting to the taste of the slime. The group's reactions are varied, with some laughing and others showing disbelief."
      },
      {
        "timestamp": 39.0,
        "annotation": "Another person, wearing a black T-shirt, is now holding the blue slime above the bowl. The group's reactions are excited and surprised again."
      },
      {
        "timestamp": 40.0,
        "annotation": "The person in the gray shirt is leaning over a bowl of blue slime. The group in the background is reacting with a mix of excitement and surprise."
      },
      {
        "timestamp": 41.0,
        "annotation": "The person in the gray shirt is still leaning over the bowl of blue slime. The group's reactions remain excited and surprised. No noticeable change from the previous frame."
      },
      {
        "timestamp": 42.0,
        "annotation": "The person in the gray shirt is now touching the blue slime with both hands. The group's reactions are still excited and surprised. Noticeable change: the person is now interacting with the slime."
      },
      {
        "timestamp": 43.0,
        "annotation": "The person in the gray shirt is now fully submerged in the bowl of blue slime. The group's reactions are even more excited and surprised. Noticeable change: the person is now fully in the slime."
      },
      {
        "timestamp": 44.0,
        "annotation": "The person in the gray shirt is pulling their hands out of the bowl of blue slime. The group's reactions are still excited and surprised. Noticeable change: the person is now pulling their hands out of the slime."
      }
    ],
    "whole_video_annotation": "The video depicts a group of people engaging in a playful and interactive activity involving colorful slime-like substances in bowls. The participants take turns approaching the table, touching, and manipulating the slime, often with humorous and exaggerated reactions from the group. The atmosphere is lively and filled with anticipation, excitement, and amusement as each person interacts with the slime in various ways, sometimes leading to surprising or amusing outcomes.\n\nThe person who opens the third hidden item is wearing a white T-shirt.\n\nSo the correct answer is:\nC. A white T-shirt",
    "annotations_summary": "The video shows a group of people gathered around a table with colorful slime-like substances in bowls. Participants take turns interacting with the slime, eliciting humorous and exaggerated reactions from the group. The atmosphere is lively and filled with anticipation, excitement, and amusement. Each person's interaction with the slime leads to surprising or amusing outcomes, creating a playful and engaging environment.\n\nThe person who opens the third hidden item is wearing a white T-shirt."
  }
}