{
  "qid": "0368-0",
  "video_id": "XeUbzTntoW0",
  "video_path": "videos\\0368_XeUbzTntoW0.mp4",
  "main_question": "How many scenarios did the man show between the adult and the toddler?",
  "sub_questions": "To better understand the video and answer the main question, consider the following sub-questions:\n\n1. **How many distinct interactions or activities are depicted between the adult and the toddler in the video?**\n   - This will help identify the number of scenarios shown.\n\n2. **Are there any clear transitions or changes in the setting or type of interaction that indicate different scenarios?**\n   - This can help in counting the scenarios accurately.\n\n3. **Does the video have any narration or text that describes or labels the different scenarios between the adult and the toddler?**\n   - This can provide explicit information about the number of scenarios presented.",
  "annotations": {
    "frame_annotations": [
      {
        "timestamp": 0.0,
        "annotation": "The man is standing in a kitchen, leaning over a countertop, and appears to be eating a snack from a small container."
      },
      {
        "timestamp": 1.0,
        "annotation": "The man is still in the kitchen, now looking up and gesturing with his hand while continuing to eat the snack."
      },
      {
        "timestamp": 2.0,
        "annotation": "The man is now mimicking the actions of a toddler eating a snack, bending down lower and moving his hand to his mouth."
      },
      {
        "timestamp": 3.0,
        "annotation": "The man continues to mimic the toddler, leaning over the countertop and appearing to eat the snack in a toddler-like manner."
      },
      {
        "timestamp": 4.0,
        "annotation": "The man is still mimicking the toddler, now bending down even lower, almost touching the countertop with his head."
      },
      {
        "timestamp": 5.0,
        "annotation": "The man stands up straight, looking forward, and appears to be transitioning to a new scenario."
      },
      {
        "timestamp": 6.0,
        "annotation": "The man is now sitting in a chair in a living room, looking relaxed and appears to be asking an adult to do something."
      },
      {
        "timestamp": 7.0,
        "annotation": "The man remains seated in the chair, still in the living room, continuing to act as if he is asking an adult to do something."
      },
      {
        "timestamp": 8.0,
        "annotation": "The man is now holding an open book or magazine, looking down at it, and appears to be asking a toddler to do something."
      },
      {
        "timestamp": 9.0,
        "annotation": "The man continues to hold the book or magazine, looking at it, and mimicking the action of asking a toddler to do something."
      },
      {
        "timestamp": 10.0,
        "annotation": "The man continues to hold the book or magazine, looking at it, and mimicking the action of asking a toddler to do something."
      },
      {
        "timestamp": 11.0,
        "annotation": "The man continues to hold the book or magazine, looking at it, and mimicking the action of asking a toddler to do something."
      },
      {
        "timestamp": 12.0,
        "annotation": "The man continues to hold the book or magazine, looking at it, and mimicking the action of asking a toddler to do something."
      },
      {
        "timestamp": 13.0,
        "annotation": "The man continues to hold the book or magazine, looking at it, and mimicking the action of asking a toddler to do something."
      },
      {
        "timestamp": 14.0,
        "annotation": "The man continues to hold the book or magazine, looking at it, and mimicking the action of asking a toddler to do something."
      },
      {
        "timestamp": 15.0,
        "annotation": "The man continues to hold the book or magazine, looking at it, and mimicking the action of asking a toddler to do something."
      },
      {
        "timestamp": 16.0,
        "annotation": "The man continues to hold the book or magazine, looking at it, and mimicking the action of asking a toddler to do something."
      },
      {
        "timestamp": 17.0,
        "annotation": "The man continues to hold the book or magazine, looking at it, and mimicking the action of asking a toddler to do something."
      },
      {
        "timestamp": 18.0,
        "annotation": "The man continues to hold the book or magazine, looking at it, and mimicking the action of asking a toddler to do something."
      },
      {
        "timestamp": 19.0,
        "annotation": "The man continues to hold the book or magazine, looking at it, and mimicking the action of asking a toddler to do something."
      },
      {
        "timestamp": 20.0,
        "annotation": "The man continues to hold the book or magazine, looking at it, and mimicking the action of asking a toddler to do something. No noticeable change from the previous frame."
      },
      {
        "timestamp": 21.0,
        "annotation": "The man continues to hold the book or magazine, looking at it, and mimicking the action of asking a toddler to do something. No noticeable change from the previous frame."
      },
      {
        "timestamp": 22.0,
        "annotation": "The man continues to hold the book or magazine, looking at it, and mimicking the action of asking a toddler to do something. No noticeable change from the previous frame."
      },
      {
        "timestamp": 23.0,
        "annotation": "The man continues to hold the book or magazine, looking at it, and mimicking the action of asking a toddler to do something. No noticeable change from the previous frame."
      },
      {
        "timestamp": 24.0,
        "annotation": "The man continues to hold the book or magazine, looking at it, and mimicking the action of asking a toddler to do something. No noticeable change from the previous frame."
      },
      {
        "timestamp": 25.0,
        "annotation": "The man continues to hold the book or magazine, looking at it, and mimicking the action of asking a toddler to do something. No noticeable change from the previous frame."
      },
      {
        "timestamp": 26.0,
        "annotation": "The man continues to hold the book or magazine, looking at it, and mimicking the action of asking a toddler to do something. No noticeable change from the previous frame."
      },
      {
        "timestamp": 27.0,
        "annotation": "The man continues to hold the book or magazine, looking at it, and mimicking the action of asking a toddler to do something. No noticeable change from the previous frame."
      },
      {
        "timestamp": 28.0,
        "annotation": "The man continues to hold the book or magazine, looking at it, and mimicking the action of asking a toddler to do something. No noticeable change from the previous frame."
      },
      {
        "timestamp": 29.0,
        "annotation": "The man continues to hold the book or magazine, looking at it, and mimicking the action of asking a toddler to do something. No noticeable change from the previous frame."
      },
      {
        "timestamp": 30.0,
        "annotation": "The man continues to hold the book or magazine, looking at it, and mimicking the action of asking a toddler to do something. No noticeable change from the previous frame."
      },
      {
        "timestamp": 31.0,
        "annotation": "The man continues to hold the book or magazine, looking at it, and mimicking the action of asking a toddler to do something. No noticeable change from the previous frame."
      },
      {
        "timestamp": 32.0,
        "annotation": "The man continues to hold the book or magazine, looking at it, and mimicking the action of asking a toddler to do something. No noticeable change from the previous frame."
      },
      {
        "timestamp": 33.0,
        "annotation": "The man continues to hold the book or magazine, looking at it, and mimicking the action of asking a toddler to do something. No noticeable change from the previous frame."
      },
      {
        "timestamp": 34.0,
        "annotation": "The man continues to hold the book or magazine, looking at it, and mimicking the action of asking a toddler to do something. No noticeable change from the previous frame."
      },
      {
        "timestamp": 35.0,
        "annotation": "The man continues to hold the book or magazine, looking at it, and mimicking the action of asking a toddler to do something. No noticeable change from the previous frame."
      },
      {
        "timestamp": 36.0,
        "annotation": "The man continues to hold the book or magazine, looking at it, and mimicking the action of asking a toddler to do something. No noticeable change from the previous frame."
      },
      {
        "timestamp": 37.0,
        "annotation": "The man continues to hold the book or magazine, looking at it, and mimicking the action of asking a toddler to do something. No noticeable change from the previous frame."
      },
      {
        "timestamp": 38.0,
        "annotation": "The man continues to hold the book or magazine, looking at it, and mimicking the action of asking a toddler to do something. No noticeable change from the previous frame."
      },
      {
        "timestamp": 39.0,
        "annotation": "The man continues to hold the book or magazine, looking at it, and mimicking the action of asking a toddler to do something. No noticeable change from the previous frame."
      },
      {
        "timestamp": 40.0,
        "annotation": "The man continues to hold the book or magazine, looking at it, and mimicking the action of asking a toddler to do something. No noticeable change from the previous frame."
      },
      {
        "timestamp": 41.0,
        "annotation": "The man continues to hold the book or magazine, looking at it, and mimicking the action of asking a toddler to do something. No noticeable change from the previous frame."
      },
      {
        "timestamp": 42.0,
        "annotation": "The man continues to hold the book or magazine, looking at it, and mimicking the action of asking a toddler to do something. No noticeable change from the previous frame."
      },
      {
        "timestamp": 43.0,
        "annotation": "The man continues to hold the book or magazine, looking at it, and mimicking the action of asking a toddler to do something. No noticeable change from the previous frame."
      },
      {
        "timestamp": 44.0,
        "annotation": "The man continues to hold the book or magazine, looking at it, and mimicking the action of asking a toddler to do something. No noticeable change from the previous frame."
      },
      {
        "timestamp": 45.0,
        "annotation": "The man continues to hold the book or magazine, looking at it, and mimicking the action of asking a toddler to do something. No noticeable change from the previous frame."
      },
      {
        "timestamp": 46.0,
        "annotation": "The man continues to hold the book or magazine, looking at it, and mimicking the action of asking a toddler to do something. No noticeable change from the previous frame."
      },
      {
        "timestamp": 47.0,
        "annotation": "The man continues to hold the book or magazine, looking at it, and mimicking the action of asking a toddler to do something. No noticeable change from the previous frame."
      },
      {
        "timestamp": 48.0,
        "annotation": "The man continues to hold the book or magazine, looking at it, and mimicking the action of asking a toddler to do something. No noticeable change from the previous frame."
      },
      {
        "timestamp": 49.0,
        "annotation": "The man continues to hold the book or magazine, looking at it, and mimicking the action of asking a toddler to do something. No noticeable change from the previous frame."
      },
      {
        "timestamp": 50.0,
        "annotation": "The man is standing next to a woman sitting on a chair, holding a book or magazine. He is mimicking the action of asking a toddler to do something. No noticeable change from the previous frame."
      },
      {
        "timestamp": 51.0,
        "annotation": "The man continues to hold the book or magazine, looking at it, and mimicking the action of asking a toddler to do something. No noticeable change from the previous frame."
      },
      {
        "timestamp": 52.0,
        "annotation": "The man continues to hold the book or magazine, looking at it, and mimicking the action of asking a toddler to do something. No noticeable change from the previous frame."
      },
      {
        "timestamp": 53.0,
        "annotation": "The man continues to hold the book or magazine, looking at it, and mimicking the action of asking a toddler to do something. No noticeable change from the previous frame."
      },
      {
        "timestamp": 54.0,
        "annotation": "The man continues to hold the book or magazine, looking at it, and mimicking the action of asking a toddler to do something. No noticeable change from the previous frame."
      },
      {
        "timestamp": 55.0,
        "annotation": "The man continues to hold the book or magazine, looking at it, and mimicking the action of asking a toddler to do something. No noticeable change from the previous frame."
      },
      {
        "timestamp": 56.0,
        "annotation": "The man continues to hold the book or magazine, looking at it, and mimicking the action of asking a toddler to do something. No noticeable change from the previous frame."
      },
      {
        "timestamp": 57.0,
        "annotation": "The man continues to hold the book or magazine, looking at it, and mimicking the action of asking a toddler to do something. No noticeable change from the previous frame."
      },
      {
        "timestamp": 58.0,
        "annotation": "The man continues to hold the book or magazine, looking at it, and mimicking the action of asking a toddler to do something. No noticeable change from the previous frame."
      }
    ],
    "whole_video_annotation": "The video depicts a man acting out different scenarios involving interactions between an adult and a toddler. Here's a short general description of what is happening:\n\nThe man starts in a kitchen, eating a snack and then mimicking a toddler eating. He transitions to a living room, where he acts as if he is asking an adult to do something. Subsequently, he holds a book or magazine and mimics the action of asking a toddler to do something, maintaining this pose for an extended period.\n\nRegarding the number of scenarios shown between the adult and the toddler:\n- The first scenario (Frames 0-4) involves the man mimicking a toddler eating a snack.\n- The second scenario (Frames 6-7) shows the man acting as if he is asking an adult to do something.\n- The third scenario (Frames 8-58) depicts the man holding a book or magazine and mimicking the action of asking a toddler to do something.\n\nThus, there are three distinct scenarios shown in the video.",
    "annotations_summary": "The video features a man acting out three distinct scenarios involving interactions between an adult and a toddler:\n\n1. **Kitchen Scenario (0-4 seconds)**: The man starts in a kitchen, eating a snack from a small container. He then mimics the actions of a toddler eating, bending down and moving his hand to his mouth in a toddler-like manner.\n\n2. **Living Room Scenario (6-7 seconds)**: The man transitions to a living room, where he sits in a chair and acts as if he is asking an adult to do something. He appears relaxed and engaged in this role-play.\n\n3. **Book/Magazine Scenario (8-58 seconds)**: The man holds an open book or magazine and mimics the action of asking a toddler to do something. He maintains this pose for an extended period, continuously looking at the book or magazine and acting out the scenario.\n\nThe video captures these interactions with clear transitions between each scenario, providing a humorous and relatable portrayal of adult-toddler dynamics."
  }
}