{
  "qid": "0370-0",
  "video_id": "IuGYdIRjKlI",
  "video_path": "videos\\0370_IuGYdIRjKlI.mp4",
  "main_question": "How many girls are holding swords at the beginning of the video?",
  "sub_questions": "To better understand the video and answer the main question, consider the following sub-questions:\n\n1. **What is the initial scene or setting of the video?**\n   - Understanding the beginning of the video will help identify who is present and what actions are taking place.\n\n2. **Are there any characters or individuals introduced at the start of the video? If so, how are they described or identified?**\n   - This can help determine if there are girls present and if they are holding any items, such as swords.\n\n3. **Are there any visual or verbal cues at the beginning of the video that indicate the presence of weapons or specific actions?**\n   - This can provide context for whether swords are being held and by whom.",
  "annotations": {
    "frame_annotations": [
      {
        "timestamp": 0.0,
        "annotation": "The video begins with three girls standing in a line, each holding a sword. They are dressed in matching green shirts, black skirts, and white boots. Behind them, there are other individuals holding various flags."
      },
      {
        "timestamp": 0.97,
        "annotation": "The girls remain in the same formation, but the central girl has started to raise her sword slightly. The background and other individuals are unchanged."
      },
      {
        "timestamp": 1.94,
        "annotation": "The central girl continues to raise her sword higher, while the other two girls maintain their positions. The background remains the same."
      },
      {
        "timestamp": 2.9,
        "annotation": "The central girl has now raised her sword to a higher position, and the other two girls start to raise their swords as well. The background is unchanged."
      },
      {
        "timestamp": 3.87,
        "annotation": "All three girls have their swords raised to a similar height, creating a synchronized appearance. The background remains consistent."
      },
      {
        "timestamp": 4.84,
        "annotation": "The central girl starts to lower her sword while the other two girls keep theirs raised. The background is unchanged."
      },
      {
        "timestamp": 5.81,
        "annotation": "The central girl continues to lower her sword, and she begins to step forward. The other two girls remain in their original positions with swords raised. The background stays the same."
      },
      {
        "timestamp": 6.77,
        "annotation": "The central girl is now in front of the other two girls, with her sword lowered and held to the side. The other two girls are still in their original positions with swords raised. The background remains consistent."
      },
      {
        "timestamp": 7.74,
        "annotation": "The central girl is further ahead, continuing to walk forward with her sword lowered. The other two girls are still in their original positions with swords raised. The background is unchanged."
      },
      {
        "timestamp": 8.71,
        "annotation": "The central girl is now significantly ahead of the other two girls, who are still in their original positions with swords raised. The background remains the same."
      },
      {
        "timestamp": 9.68,
        "annotation": "The central girl is significantly ahead of the other two girls, who are still in their original positions with swords raised. The background remains the same."
      },
      {
        "timestamp": 10.64,
        "annotation": "The central girl continues to move forward, while the other two girls remain stationary with their swords raised. No significant change in the background."
      },
      {
        "timestamp": 11.61,
        "annotation": "The central girl is now closer to the front, with the other two girls still in their positions with swords raised. The background remains unchanged."
      },
      {
        "timestamp": 12.58,
        "annotation": "The central girl is almost at the front, while the other two girls are still in their original positions with swords raised. The background remains the same."
      },
      {
        "timestamp": 13.55,
        "annotation": "The central girl has reached the front, and the other two girls are still in their positions with swords raised. The background remains unchanged."
      },
      {
        "timestamp": 14.51,
        "annotation": "The central girl is now at the front, and the other two girls are still in their positions with swords raised. The background remains the same."
      },
      {
        "timestamp": 15.48,
        "annotation": "The central girl is at the front, and the other two girls are still in their positions with swords raised. The background remains unchanged."
      },
      {
        "timestamp": 16.45,
        "annotation": "The central girl is at the front, and the other two girls are still in their positions with swords raised. The background remains the same."
      }
    ],
    "whole_video_annotation": "In the video, three girls are initially standing in a line, each holding a sword. They are dressed uniformly in green shirts, black skirts, and white boots. Behind them, other individuals are holding various flags. The central girl begins to raise her sword, followed by the other two girls, creating a synchronized movement. Eventually, the central girl lowers her sword and steps forward, continuing to walk ahead while the other two girls remain stationary with their swords raised. The background and the positions of the other individuals with flags stay consistent throughout the sequence.\n\nAt the beginning of the video, there are three girls holding swords.",
    "annotations_summary": "The video features three girls dressed uniformly in green shirts, black skirts, and white boots, each holding a sword. They start in a line with other individuals holding various flags in the background. The central girl initiates a synchronized movement by raising her sword, followed by the other two girls. After reaching a similar height with their swords raised, the central girl lowers her sword and steps forward, continuing to walk ahead while the other two girls remain stationary with their swords raised. The background and the positions of the other individuals with flags stay consistent throughout the sequence."
  }
}