{
  "qid": "0372-1",
  "video_id": "kFAs3nZoKps",
  "video_path": "videos\\0372_kFAs3nZoKps.mp4",
  "main_question": "What does the girl do at the conclusion of the video?",
  "sub_questions": "To better understand the video and answer the main question \"What does the girl do at the conclusion of the video?\", consider the following sub-questions:\n\n1. **What is the overall context or theme of the video?**\n   - Understanding the context can provide clues about the girl's actions at the end.\n\n2. **What are some key events or actions that occur throughout the video?**\n   - Knowing the sequence of events can help in identifying the significance of the girl's actions at the conclusion.\n\n3. **Are there any visual or auditory cues that indicate the girl's emotions or intentions towards the end of the video?**\n   - These cues can provide insights into her motivations and actions at the conclusion.",
  "annotations": {
    "frame_annotations": [
      {
        "timestamp": 0.0,
        "annotation": "A girl and a boy are standing on a basketball court. The girl is holding a basketball. The boy is standing behind her. The text 'wait till the end...' is visible."
      },
      {
        "timestamp": 0.98,
        "annotation": "The girl starts to bend her knees slightly, preparing to jump. The boy is still standing behind her. No significant change in the surroundings."
      },
      {
        "timestamp": 1.96,
        "annotation": "The girl is now in a deeper squat position, getting ready to jump higher. The boy is still in the same position."
      },
      {
        "timestamp": 2.94,
        "annotation": "The girl begins to jump upwards with the basketball. The boy is now lifting her up."
      },
      {
        "timestamp": 3.92,
        "annotation": "The girl is fully airborne, lifted higher by the boy. She is holding the basketball above her head."
      },
      {
        "timestamp": 4.9,
        "annotation": "The girl is at the peak of her jump, reaching the highest point. The basketball is above the hoop."
      },
      {
        "timestamp": 5.88,
        "annotation": "The girl starts to descend, still holding the basketball. The boy is lowering her down."
      },
      {
        "timestamp": 6.86,
        "annotation": "The girl is almost back on the ground, with the basketball still in her hands. The boy is supporting her as she lands."
      },
      {
        "timestamp": 7.84,
        "annotation": "The girl is now standing upright again on the court, holding the basketball. The boy is standing behind her, supporting her back."
      },
      {
        "timestamp": 8.82,
        "annotation": "The girl is preparing to make a shot, bending her knees slightly again. The boy is still behind her, ready to assist if needed."
      },
      {
        "timestamp": 9.8,
        "annotation": "The girl is in mid-air, attempting a dunk. The boy is below her, holding the basketball, ready to assist if needed. No noticeable change from the previous frame as it is not provided."
      },
      {
        "timestamp": 10.78,
        "annotation": "The girl is still in mid-air, her body slightly more horizontal as she reaches the peak of her jump. The boy is still below her, holding the basketball."
      },
      {
        "timestamp": 11.76,
        "annotation": "The girl is beginning to descend, her arms extended towards the rim. The boy is still in the same position, holding the basketball."
      },
      {
        "timestamp": 12.74,
        "annotation": "The girl is closer to the rim, her arms fully extended. The boy is still holding the basketball, ready to assist."
      },
      {
        "timestamp": 13.72,
        "annotation": "The girl is making contact with the rim, attempting to dunk the ball. The boy is still in the same position."
      },
      {
        "timestamp": 14.7,
        "annotation": "The girl is descending further, her attempt to dunk appears to be successful. The boy is still holding the basketball."
      },
      {
        "timestamp": 15.68,
        "annotation": "The girl is almost back on the ground, her dunk appears to be complete. The boy is still in the same position."
      },
      {
        "timestamp": 16.66,
        "annotation": "The girl has landed on the ground, completing her dunk. The boy is still holding the basketball, appearing to watch her landing."
      },
      {
        "timestamp": 17.64,
        "annotation": "The girl is standing upright after completing her dunk. The boy is still holding the basketball, likely waiting for the next move."
      }
    ],
    "whole_video_annotation": "In the video, a girl and a boy are on a basketball court. The girl is attempting to dunk a basketball with the assistance of the boy, who lifts her to reach the hoop. Throughout the video, the girl goes through the motions of preparing to jump, getting lifted by the boy, and successfully completing a dunk. At the conclusion of the video, the girl stands upright after completing her dunk, and the boy is holding the basketball, likely waiting for the next move.",
    "annotations_summary": "The video depicts a girl and a boy on a basketball court, where the girl attempts to dunk a basketball with the boy's assistance. The sequence begins with the girl preparing to jump, bending her knees and getting into a squat position. The boy stands behind her, ready to lift her. As the girl jumps, the boy lifts her higher, allowing her to reach the hoop. She successfully completes the dunk, making contact with the rim and descending back to the ground. Throughout the process, the boy supports her and holds the basketball, ensuring her safety and assisting with the dunk. The video concludes with the girl standing upright after completing her dunk, and the boy holding the basketball, awaiting the next move."
  }
}