{
  "qid": "0377-0",
  "video_id": "Jh-E3fZYRJ4",
  "video_path": "videos\\0377_Jh-E3fZYRJ4.mp4",
  "main_question": "Whose hand is on the woman's shoulder in the second part of the video?",
  "sub_questions": "To better understand the video and answer the main question, consider the following sub-questions:\n\n1. **Can you describe the sequence of events in the video, particularly focusing on the second part?**\n   - This will help identify the context and key actions happening in the second part of the video.\n\n2. **Are there any identifiable visual cues or markers that indicate the beginning and end of the second part of the video?**\n   - This will ensure that the analysis is focused on the correct segment of the video.\n\n3. **Can you provide a detailed description of the individuals present in the second part of the video, including their positions and interactions?**\n   - This will help in identifying who is interacting with the woman and specifically whose hand is on her shoulder.",
  "annotations": {
    "frame_annotations": [
      {
        "timestamp": 0.0,
        "annotation": "A man is standing on a grassy field holding a green bottle in his right hand and a frisbee in his left hand. Another person is visible in the background."
      },
      {
        "timestamp": 1.0,
        "annotation": "The man is now kneeling on one knee, still holding the green bottle and the frisbee. The background remains the same."
      },
      {
        "timestamp": 2.0,
        "annotation": "The man is now in a crouched position, placing the green bottle on the ground. The frisbee is still in his left hand."
      },
      {
        "timestamp": 3.0,
        "annotation": "The man is standing up again, holding the frisbee in a ready position, appearing to prepare to throw it. The green bottle is on the ground."
      },
      {
        "timestamp": 4.0,
        "annotation": "The scene changes to an indoor setting. A man is kneeling in front of a woman who is sitting on a bench. The man appears to be proposing to the woman, who is holding a baby."
      },
      {
        "timestamp": 5.0,
        "annotation": "The woman is seen reacting with surprise and joy, looking at the man who is still kneeling. The baby is still in her arms."
      },
      {
        "timestamp": 6.0,
        "annotation": "The woman is now smiling broadly, and the man is still kneeling, possibly waiting for her response. The baby is still in her arms."
      },
      {
        "timestamp": 7.0,
        "annotation": "The woman is seen laughing and appears to be saying something to the man, who is still kneeling. The baby is still in her arms."
      },
      {
        "timestamp": 8.0,
        "annotation": "The woman is now raising her hand, possibly in agreement or excitement. The man is still kneeling, looking up at her. The baby is still in her arms."
      },
      {
        "timestamp": 9.0,
        "annotation": "The scene changes to a blurred, indoor setting with text overlay that reads 'ARE YOU SURE?' and an emoji. The image is too blurred to discern specific details."
      },
      {
        "timestamp": 10.0,
        "annotation": "The scene remains a blurred, indoor setting with text overlay that reads 'ARE YOU SURE?' and an emoji. A person is visible in the lower part of the frame, appearing to be in motion."
      },
      {
        "timestamp": 11.0,
        "annotation": "The scene remains a blurred, indoor setting with text overlay that reads 'ARE YOU SURE?' and an emoji. The person in the lower part of the frame is now more clearly in mid-air, suggesting a jump or fall."
      },
      {
        "timestamp": 12.0,
        "annotation": "The scene remains a blurred, indoor setting with text overlay that reads 'ARE YOU SURE?' and an emoji. The person is now closer to the ground, still in mid-air."
      },
      {
        "timestamp": 13.0,
        "annotation": "The scene remains a blurred, indoor setting with text overlay that reads 'ARE YOU SURE?' and an emoji. The person appears to have landed on the ground, with multiple blurred figures now visible in the background."
      },
      {
        "timestamp": 14.0,
        "annotation": "The scene changes to a clearer indoor setting with multiple people. A woman with blonde hair is prominent in the center, and a man is seen with his hand on her shoulder. The text overlay 'ARE YOU SURE?' and an emoji are still present."
      },
      {
        "timestamp": 15.0,
        "annotation": "The scene remains the same indoor setting. The man's hand is still on the woman's shoulder, and the group appears to be in motion, possibly walking or dancing."
      },
      {
        "timestamp": 16.0,
        "annotation": "The scene remains the same indoor setting. The man's hand is still on the woman's shoulder, and the group's movement is more apparent, with some figures becoming slightly clearer."
      },
      {
        "timestamp": 17.0,
        "annotation": "The scene changes to a baseball game. A batter is seen swinging at a pitch, with the text overlay 'ARE YOU SURE?' and a different emoji."
      },
      {
        "timestamp": 18.0,
        "annotation": "The scene remains the baseball game. The batter has made contact with the ball and is starting to run towards first base."
      },
      {
        "timestamp": 19.0,
        "annotation": "The scene is extremely blurred, making it difficult to discern specific details. The text overlay 'ARE YOU SURE?' and the emoji are still present."
      },
      {
        "timestamp": 20.0,
        "annotation": "The scene is extremely blurred, making it difficult to discern specific details. The text overlay 'ARE YOU SURE?' and the emoji are still present. A truck is visible on the road, and there appears to be a small animal or object on the road ahead. A car is seen performing a burnout, creating smoke."
      },
      {
        "timestamp": 21.0,
        "annotation": "The scene remains blurred. The truck is still visible, and the small animal or object on the road is more noticeable. The car continues its burnout, with more smoke visible."
      },
      {
        "timestamp": 22.0,
        "annotation": "The blur persists. The truck is now more centered in the frame, and the small animal or object on the road is clearly visible. The car's burnout is still ongoing, with significant smoke."
      },
      {
        "timestamp": 23.0,
        "annotation": "The blur continues. The truck is prominent in the frame, and the small animal or object on the road is directly in front of the truck. The car's burnout is less intense, with reducing smoke."
      },
      {
        "timestamp": 24.0,
        "annotation": "The scene is still blurred. Multiple vehicles, including the truck and other cars, are visible on the road. The small animal or object on the road is ahead of the truck. The car's burnout has stopped, and the smoke is dissipating."
      },
      {
        "timestamp": 25.0,
        "annotation": "The blur remains. The truck is visible, and the small animal or object on the road is still present. Other vehicles are seen on the road, and the smoke from the burnout is almost gone."
      },
      {
        "timestamp": 26.0,
        "annotation": "The scene is blurred. The truck is prominent, and the small animal or object on the road is directly in front of it. Other vehicles are visible on the road."
      },
      {
        "timestamp": 27.0,
        "annotation": "The blur continues. The scene changes to an indoor setting with a woman holding a pair of nunchucks. The text overlay 'ARE YOU SURE?' and the emoji are still present. The woman is in a dynamic pose, preparing to perform a move."
      },
      {
        "timestamp": 28.0,
        "annotation": "The scene remains blurred. The woman is in mid-motion with the nunchucks, showing a fluid and practiced movement. The text overlay and emoji are still visible."
      },
      {
        "timestamp": 29.0,
        "annotation": "The blur persists. The woman continues her nunchuck routine, with the text overlay 'ARE YOU SURE?' and the emoji still present. The indoor setting with tiled walls and a door is visible."
      },
      {
        "timestamp": 30.0,
        "annotation": "The woman is performing a kick breaking routine. The text overlay 'ARE YOU SURE?' and the emoji are still present. The indoor setting with a blue floor and white walls is visible. A person is sitting on the left side of the frame, partially visible. The woman is in mid-air, executing a kick."
      },
      {
        "timestamp": 31.0,
        "annotation": "The woman continues her kick breaking routine. The person on the left side of the frame is now more visible, with their hand raised towards the woman's shoulder. The text overlay and emoji remain the same. The woman is in a different phase of her kick, with her leg extended forward."
      },
      {
        "timestamp": 32.0,
        "annotation": "The woman is still performing her kick breaking routine. The person's hand is now clearly on the woman's shoulder. The text overlay and emoji are unchanged. The woman is in a crouched position, preparing for the next move."
      },
      {
        "timestamp": 33.0,
        "annotation": "The woman continues her routine. The person's hand remains on her shoulder. The text overlay and emoji are still present. The woman is in a dynamic pose, with her arms guarding her face and her leg bent."
      }
    ],
    "whole_video_annotation": "The video consists of several distinct scenes that transition abruptly between different settings and activities. Here's a general description of what is happening:\n\n1. **Outdoor Scene (Frames 0-3):** A man is on a grassy field, initially standing, then kneeling and crouching while holding a green bottle and a frisbee. He places the bottle on the ground and prepares to throw the frisbee.\n\n2. **Proposal Scene (Frames 4-8):** The setting changes to an indoor location where a man is proposing to a woman who is holding a baby. The woman reacts with surprise, joy, and laughter, eventually raising her hand in agreement or excitement.\n\n3. **Blurred Indoor Scene (Frames 9-13):** The scene is blurred with the text overlay \"ARE YOU SURE?\" and an emoji. A person is seen in motion, possibly jumping or falling, with multiple blurred figures in the background.\n\n4. **Group Indoor Scene (Frames 14-16):** The blur clears to show an indoor setting with multiple people. A man has his hand on the shoulder of a woman with blonde hair. The group appears to be in motion, possibly walking or dancing.\n\n5. **Baseball Game Scene (Frames 17-18):** The scene changes to a baseball game where a batter hits the ball and starts running towards first base.\n\n6. **Blurred Road Scene (Frames 19-26):** The scene is extremely blurred, showing a truck and a car performing a burnout on a road. A small animal or object is on the road ahead of the truck.\n\n7. **Martial Arts Scene (Frames 27-33):** The setting changes to an indoor location where a woman is performing a nunchuck routine and a kick breaking routine. A person's hand is on her shoulder during the kick breaking routine.\n\nRegarding the specific question: \"Whose hand is on the woman's shoulder in the second part of the video?\" Based on the descriptions provided, it is not explicitly clear whose hand is on the woman's shoulder in the group indoor scene (Frames 14-16) or during the kick breaking routine (Frames 30-33). The descriptions do not provide enough detail to identify the person.",
    "annotations_summary": "The video consists of several distinct scenes that transition abruptly between different settings and activities:\n\n1. **Outdoor Scene (0-3 seconds):** A man is on a grassy field, initially standing, then kneeling and crouching while holding a green bottle and a frisbee. He places the bottle on the ground and prepares to throw the frisbee.\n\n2. **Proposal Scene (4-8 seconds):** The setting changes to an indoor location where a man is proposing to a woman who is holding a baby. The woman reacts with surprise, joy, and laughter, eventually raising her hand in agreement or excitement.\n\n3. **Blurred Indoor Scene (9-13 seconds):** The scene is blurred with the text overlay \"ARE YOU SURE?\" and an emoji. A person is seen in motion, possibly jumping or falling, with multiple blurred figures in the background.\n\n4. **Group Indoor Scene (14-16 seconds):** The blur clears to show an indoor setting with multiple people. A man has his hand on the shoulder of a woman with blonde hair. The group appears to be in motion, possibly walking or dancing.\n\n5. **Baseball Game Scene (17-18 seconds):** The scene changes to a baseball game where a batter hits the ball and starts running towards first base.\n\n6. **Blurred Road Scene (19-26 seconds):** The scene is extremely blurred, showing a truck and a car performing a burnout on a road. A small animal or object is on the road ahead of the truck.\n\n7. **Martial Arts Scene (27-33 seconds):** The setting changes to an indoor location where a woman is performing a nunchuck routine and a kick breaking routine. A person's hand is on her shoulder during the kick breaking routine.\n\nRegarding the specific question: \"Whose hand is on the woman's shoulder in the second part of the video?\" Based on the descriptions provided, it is not explicitly clear whose hand is on the woman's shoulder in the group indoor scene (Frames 14-16) or during the kick breaking routine (Frames 30-33). The descriptions do not provide enough detail to identify the person."
  }
}