{
  "qid": "0410-7",
  "video_id": "ZQQ6XGuLtyU",
  "video_path": "videos\\0410_ZQQ6XGuLtyU.mp4",
  "main_question": "What happens after the sixth cotton candy dissolves?\nA. A banana appears.\nB. A stack of money appears.\nC. A phone is revealed.\nD. Nothing is found.",
  "sub_questions": "To better understand the video and determine what happens after the sixth cotton candy dissolves, consider the following sub-questions:\n\n1. **What happens when each cotton candy dissolves?**\n   - Understanding the sequence of events for the first five cotton candies can provide context for what might happen with the sixth one.\n\n2. **Are there any patterns or clues in the video that suggest what might appear?**\n   - Look for any visual or auditory cues that might indicate what will happen after the sixth cotton candy dissolves.\n\n3. **Has anything significant happened after the previous cotton candies dissolved?**\n   - Knowing the outcomes of the previous dissolves can help predict or understand the outcome of the sixth one.",
  "annotations": {
    "frame_annotations": [
      {
        "timestamp": 0.0,
        "annotation": "A group of people is gathered around a table with several large cotton candy balls in pink and blue colors. A woman in the foreground is smiling and looking at the cotton candy. The people in the background appear to be excited and engaged."
      },
      {
        "timestamp": 1.0,
        "annotation": "The woman in the foreground is reaching out to touch one of the pink cotton candy balls. The expressions of the people in the background remain excited and anticipatory."
      },
      {
        "timestamp": 2.0,
        "annotation": "The woman is now holding the pink cotton candy ball above a clear bowl. The people in the background are reacting with surprise and amusement."
      },
      {
        "timestamp": 3.0,
        "annotation": "The woman is beginning to dissolve the pink cotton candy into the clear bowl. The people in the background are laughing and showing exaggerated reactions."
      },
      {
        "timestamp": 4.0,
        "annotation": "The pink cotton candy is further dissolving into the bowl, turning the water pink. The woman is smiling and looking at the bowl. The reactions from the people in the background continue to be lively."
      },
      {
        "timestamp": 5.0,
        "annotation": "The pink cotton candy is almost fully dissolved, and the water in the bowl is now a darker pink color. The woman is still smiling and observing the process. The people in the background are still reacting with amusement."
      },
      {
        "timestamp": 6.0,
        "annotation": "The pink cotton candy is fully dissolved, and the woman is now reaching for a blue cotton candy ball. The people in the background are continuing to show excited reactions."
      },
      {
        "timestamp": 7.0,
        "annotation": "The woman is holding the blue cotton candy ball above the bowl. The people in the background are reacting with anticipation and amusement."
      },
      {
        "timestamp": 8.0,
        "annotation": "The woman is beginning to dissolve the blue cotton candy into the bowl. The water in the bowl starts to turn a darker shade as the blue cotton candy mixes with the pink water. The people in the background are laughing and showing exaggerated reactions."
      },
      {
        "timestamp": 9.0,
        "annotation": "The blue cotton candy is further dissolving into the bowl, turning the water a darker purple color. The woman is smiling and looking at the bowl. The reactions from the people in the background continue to be lively."
      },
      {
        "timestamp": 10.0,
        "annotation": "The blue cotton candy continues to dissolve in the bowl, turning the water a darker purple color. The woman is still smiling and looking at the bowl. The reactions from the people in the background remain lively."
      },
      {
        "timestamp": 11.0,
        "annotation": "The blue cotton candy is further dissolving into the bowl, turning the water an even darker purple color. The woman's smile widens as she watches the process. The background reactions are still enthusiastic."
      },
      {
        "timestamp": 12.0,
        "annotation": "The blue cotton candy is nearly dissolved, with only small pieces left. The water in the bowl is now a deep purple. The woman's expression is one of anticipation. The background reactions are slightly more subdued."
      },
      {
        "timestamp": 13.0,
        "annotation": "The last pieces of blue cotton candy are dissolving. The water is almost completely purple. The woman's eyes are focused on the bowl, and her smile is faint. The background reactions are calm."
      },
      {
        "timestamp": 14.0,
        "annotation": "The blue cotton candy has fully dissolved, leaving the water a solid purple color. The woman looks surprised and delighted. The background reactions are starting to pick up again."
      },
      {
        "timestamp": 15.0,
        "annotation": "The woman reaches out to touch the purple water, her expression curious. The background reactions are enthusiastic once more."
      },
      {
        "timestamp": 16.0,
        "annotation": "The woman dips her finger into the purple water, and her expression changes to one of surprise. The background reactions are lively."
      },
      {
        "timestamp": 17.0,
        "annotation": "The woman pulls her finger out of the water, and a green object is revealed. Her expression is one of shock. The background reactions are excited."
      },
      {
        "timestamp": 18.0,
        "annotation": "The woman holds up the green object, which is revealed to be a phone. Her expression is one of disbelief. The background reactions are ecstatic."
      },
      {
        "timestamp": 19.0,
        "annotation": "The woman shows the phone to the camera, and the background reactions are celebratory. Everyone is cheering and clapping."
      },
      {
        "timestamp": 20.0,
        "annotation": "A man is holding a phone and showing it to the camera. There are several people in the background who are cheering and clapping. There are three cotton candies on the table, one pink and two blue."
      },
      {
        "timestamp": 21.0,
        "annotation": "The man starts to dissolve the pink cotton candy in a bowl of water. The background reactions remain celebratory."
      },
      {
        "timestamp": 22.0,
        "annotation": "The man continues to dissolve the pink cotton candy. The cotton candy is partially dissolved, and the water in the bowl is turning pink."
      },
      {
        "timestamp": 23.0,
        "annotation": "The man is still dissolving the pink cotton candy. More of the cotton candy has dissolved, and the water is becoming more pink."
      },
      {
        "timestamp": 24.0,
        "annotation": "The man is nearly finished dissolving the pink cotton candy. The water in the bowl is now a deeper pink color."
      },
      {
        "timestamp": 25.0,
        "annotation": "The pink cotton candy is fully dissolved. The man is looking into the bowl of pink water."
      },
      {
        "timestamp": 26.0,
        "annotation": "The man starts to dissolve the first blue cotton candy in the same bowl of pink water. The background reactions remain celebratory."
      },
      {
        "timestamp": 27.0,
        "annotation": "The man continues to dissolve the first blue cotton candy. The cotton candy is partially dissolved, and the water in the bowl is turning a mix of pink and blue."
      },
      {
        "timestamp": 28.0,
        "annotation": "The man is still dissolving the first blue cotton candy. More of the cotton candy has dissolved, and the water is becoming a deeper mix of pink and blue."
      },
      {
        "timestamp": 29.0,
        "annotation": "The first blue cotton candy is fully dissolved. The man is looking into the bowl of mixed pink and blue water. A banana appears in the bowl."
      },
      {
        "timestamp": 30.0,
        "annotation": "The first blue cotton candy is fully dissolved. The man is looking into the bowl of mixed pink and blue water. A banana appears in the bowl."
      },
      {
        "timestamp": 31.0,
        "annotation": "The man is still looking into the bowl. The banana is clearly visible in the bowl. The group in the background appears excited."
      },
      {
        "timestamp": 32.0,
        "annotation": "The man is reaching into the bowl with his right hand. The banana is still visible in the bowl. The group in the background is still excited."
      },
      {
        "timestamp": 33.0,
        "annotation": "The man is touching the banana with his right hand. The group in the background is still excited."
      },
      {
        "timestamp": 34.0,
        "annotation": "The man is lifting the banana out of the bowl with his right hand. The group in the background is still excited."
      },
      {
        "timestamp": 35.0,
        "annotation": "The man is holding the banana above the bowl. The group in the background is still excited."
      },
      {
        "timestamp": 36.0,
        "annotation": "The man is putting the banana back into the bowl. The group in the background is still excited."
      },
      {
        "timestamp": 37.0,
        "annotation": "The man is pushing the banana down into the bowl with both hands. The group in the background is still excited."
      },
      {
        "timestamp": 38.0,
        "annotation": "The man is pushing the banana down into the bowl with both hands. Some of the pink water is spilling out of the bowl onto the table. The group in the background is still excited."
      },
      {
        "timestamp": 39.0,
        "annotation": "The man is pushing the banana down into the bowl with both hands. More pink water is spilling out of the bowl onto the table. The group in the background is still excited."
      },
      {
        "timestamp": 40.0,
        "annotation": "The man is seen with his hands in a blue bowl filled with a blue substance. The group in the background is excited and reacting to the scene. No significant change from the previous frame."
      },
      {
        "timestamp": 41.0,
        "annotation": "The man is still with his hands in the blue bowl. The group in the background continues to react excitedly. No significant change from the previous frame."
      },
      {
        "timestamp": 42.0,
        "annotation": "The man is lifting his hands out of the blue bowl. The group in the background is still excited and reacting. Noticeable change: The man's hands are coming out of the bowl."
      },
      {
        "timestamp": 43.0,
        "annotation": "The man has his hands out of the bowl and is showing them to the camera. The group in the background is laughing and reacting. Noticeable change: The man's hands are now out of the bowl."
      },
      {
        "timestamp": 44.0,
        "annotation": "The man is seen with his hands spread out, showing that nothing is in them. The group in the background is still reacting excitedly. Noticeable change: The man is spreading his hands to show they are empty."
      }
    ],
    "whole_video_annotation": "The video depicts a group of people engaged in a fun and interactive activity involving cotton candy and water. The participants take turns dissolving cotton candy balls (in pink and blue colors) into a clear bowl of water, observing the color changes as the cotton candy dissolves. The reactions of the people in the background are lively and enthusiastic throughout the process.\n\nAfter the sixth cotton candy (the second blue one) is fully dissolved, a banana appears in the bowl. The man then interacts with the banana, pushing it down into the bowl, causing some of the colored water to spill out. Subsequently, the man places his hands in a blue bowl filled with a blue substance, but nothing significant is revealed from this action.\n\nGiven the sequence of events, the correct answer to the question \"What happens after the sixth cotton candy dissolves?\" is:\n\nA. A banana appears.",
    "annotations_summary": "### Summary of Frame-Level Descriptions:\n\nThe video shows a group of people engaged in an interactive activity involving cotton candy and water. Here are the key events:\n\n1. **Initial Setup (0.0s - 5.0s)**:\n   - A woman dissolves a pink cotton candy ball in a clear bowl, turning the water pink.\n   - The background crowd reacts with excitement and amusement.\n\n2. **Second Cotton Candy (6.0s - 13.0s)**:\n   - The woman dissolves a blue cotton candy ball in the same bowl, turning the water purple.\n   - The crowd remains enthusiastic.\n\n3. **Reveal (14.0s - 19.0s)**:\n   - After the blue cotton candy is fully dissolved, the woman finds a green object (a phone) in the water.\n   - The crowd cheers and claps.\n\n4. **Second Round (20.0s - 25.0s)**:\n   - A man takes over and dissolves another pink cotton candy ball in a new bowl of water.\n   - The water turns pink, and the crowd continues to cheer.\n\n5. **Third Cotton Candy (26.0s - 29.0s)**:\n   - The man dissolves a blue cotton candy ball in the pink water, turning it a mix of pink and blue.\n   - A banana appears in the bowl.\n\n6. **Banana Interaction (30.0s - 39.0s)**:\n   - The man interacts with the banana, pushing it down into the bowl and causing some water to spill.\n   - The crowd remains excited.\n\n7. **Blue Substance (40.0s - 44.0s)**:\n   - The man places his hands in a blue bowl filled with a blue substance but reveals nothing significant.\n   - The crowd continues to react excitedly.\n\n### Summary of Video-Level Description:\n\nThe video features a group of people dissolving cotton candy balls (in pink and blue) into water, observing the color changes. The crowd's reactions are lively and enthusiastic throughout. After the sixth cotton candy (the second blue one) is fully dissolved, a banana appears in the bowl. The man then interacts with the banana, causing some colored water to spill. Finally, the man places his hands in a blue bowl filled with a blue substance, but nothing significant is revealed.\n\n### Answer to the Question:\n\n**What happens after the sixth cotton candy dissolves?**\n\n**A. A banana appears.**"
  }
}