{
  "qid": "0410-3",
  "video_id": "ZQQ6XGuLtyU",
  "video_path": "videos\\0410_ZQQ6XGuLtyU.mp4",
  "main_question": "After the sixth cotton candy dissolves, is a phone revealed in the bowl?",
  "sub_questions": "To better understand the video and answer the main question, consider the following sub-questions:\n\n1. **What is the sequence of items being dissolved in the bowl before the sixth cotton candy?**\n   - Understanding the order of items can help determine if a phone is expected to be revealed after the sixth cotton candy.\n\n2. **Is there any indication or hint given in the video about what might be revealed after the sixth cotton candy?**\n   - This could include visual cues, verbal hints, or any other form of foreshadowing.\n\n3. **Has the video shown any preparation or placement of a phone in the bowl prior to the dissolution process?**\n   - Knowing if a phone was placed in the bowl at any point can directly answer the main question.",
  "annotations": {
    "frame_annotations": [
      {
        "timestamp": 0.0,
        "annotation": "A group of people is gathered around a table. There are several large cotton candies placed on the table, and a clear bowl in the center. The people appear to be excited and are looking at the cotton candies."
      },
      {
        "timestamp": 1.0,
        "annotation": "A woman in the foreground is reaching towards one of the pink cotton candies. The group's expressions remain excited and anticipatory."
      },
      {
        "timestamp": 2.0,
        "annotation": "The woman is now holding the pink cotton candy above the clear bowl. The group's reactions are heightened, with some people opening their mouths in surprise or anticipation."
      },
      {
        "timestamp": 3.0,
        "annotation": "The pink cotton candy is being lowered into the bowl. The liquid in the bowl starts to dissolve the cotton candy."
      },
      {
        "timestamp": 4.0,
        "annotation": "The pink cotton candy is almost fully submerged in the bowl. The liquid is rapidly dissolving the cotton candy, turning the liquid pink."
      },
      {
        "timestamp": 5.0,
        "annotation": "The pink cotton candy is fully dissolved in the bowl. The liquid is now a solid pink color."
      },
      {
        "timestamp": 6.0,
        "annotation": "A man in the foreground is now reaching towards one of the blue cotton candies. The group's expressions remain excited and anticipatory."
      },
      {
        "timestamp": 7.0,
        "annotation": "The man is now holding the blue cotton candy above the pink liquid in the bowl. The group's reactions are heightened, with some people opening their mouths in surprise or anticipation."
      },
      {
        "timestamp": 8.0,
        "annotation": "The blue cotton candy is being lowered into the bowl with the pink liquid. The liquid starts to dissolve the blue cotton candy, turning the liquid a darker shade."
      },
      {
        "timestamp": 9.0,
        "annotation": "The blue cotton candy is fully dissolved in the bowl. The liquid is now a dark purple color."
      },
      {
        "timestamp": 10.0,
        "annotation": "The man in the foreground is placing a pink cotton candy into a blue bowl. The group in the background appears to be reacting with surprise and amusement."
      },
      {
        "timestamp": 11.0,
        "annotation": "The man continues to push the pink cotton candy into the bowl. The reactions from the group in the background remain similar, with expressions of surprise and excitement."
      },
      {
        "timestamp": 12.0,
        "annotation": "The pink cotton candy is now fully submerged in the bowl. The group's reactions are still intense, with some members appearing to cover their mouths in anticipation."
      },
      {
        "timestamp": 13.0,
        "annotation": "The man is now holding a spoon and appears to be stirring the contents of the bowl. The pink cotton candy is beginning to dissolve, turning the liquid a light pink color. The group's reactions are still very animated."
      },
      {
        "timestamp": 14.0,
        "annotation": "The man continues to stir the mixture in the bowl. The pink cotton candy is further dissolving, and the liquid is becoming more uniformly pink. The group's reactions remain excited and engaged."
      },
      {
        "timestamp": 15.0,
        "annotation": "The man is still stirring the bowl, and the pink cotton candy is nearly fully dissolved. The liquid in the bowl is now a darker shade of pink. The group's reactions are still very animated."
      },
      {
        "timestamp": 16.0,
        "annotation": "The pink cotton candy is fully dissolved in the bowl. The liquid is now a dark pink color. The man is lifting the spoon out of the bowl, and the group's reactions are still intense."
      },
      {
        "timestamp": 17.0,
        "annotation": "The man is now holding a green object, possibly a toy or prop, and showing it to the camera. The group's reactions are a mix of surprise and laughter. The bowl contains a dark pink liquid."
      },
      {
        "timestamp": 18.0,
        "annotation": "The man is placing the green object back into the bowl. The group's reactions are still very animated, with some members appearing to be in disbelief or shock."
      },
      {
        "timestamp": 19.0,
        "annotation": "The man is stirring the bowl again, and the green object is submerged in the dark pink liquid. The group's reactions are a mix of surprise and amusement."
      },
      {
        "timestamp": 20.0,
        "annotation": "The man is holding a pink cotton candy above a bowl of dark pink liquid. The group in the background appears excited and amused, with some members reacting with surprise."
      },
      {
        "timestamp": 21.0,
        "annotation": "The man is lowering the pink cotton candy into the bowl. The group's reactions remain enthusiastic, with some members laughing and others showing anticipation."
      },
      {
        "timestamp": 22.0,
        "annotation": "The pink cotton candy is now fully submerged in the bowl. The group continues to react with excitement and amusement, some members covering their mouths in surprise."
      },
      {
        "timestamp": 23.0,
        "annotation": "The man is now holding a blue cotton candy above the bowl. The group's reactions are still lively, with a mix of laughter and anticipation."
      },
      {
        "timestamp": 24.0,
        "annotation": "The man is lowering the blue cotton candy into the bowl. The group's excitement increases, with more members showing surprised expressions."
      },
      {
        "timestamp": 25.0,
        "annotation": "The blue cotton candy is now fully submerged in the bowl. The group's reactions are at a peak, with many members laughing and showing exaggerated expressions of surprise."
      },
      {
        "timestamp": 26.0,
        "annotation": "The man is stirring the bowl with a spoon. The group's reactions start to calm down slightly, but they are still engaged and amused."
      },
      {
        "timestamp": 27.0,
        "annotation": "The man continues to stir the bowl. The group's reactions are more subdued compared to earlier, but they are still watching intently."
      },
      {
        "timestamp": 28.0,
        "annotation": "The man is lifting the spoon out of the bowl. The group's reactions show curiosity and anticipation, wondering what will be revealed."
      },
      {
        "timestamp": 29.0,
        "annotation": "A banana is revealed as the man lifts the spoon. The group's reactions are a mix of surprise and laughter, with some members pointing and others covering their mouths."
      },
      {
        "timestamp": 30.0,
        "annotation": "A man in a gray shirt and cap is holding a large pink cotton candy in a bowl. The group around him is reacting with surprise and excitement, some with their mouths open and others pointing at the cotton candy."
      },
      {
        "timestamp": 31.0,
        "annotation": "The man starts to dissolve the pink cotton candy with his fingers. The group's reactions remain the same, with continued expressions of surprise and amusement."
      },
      {
        "timestamp": 32.0,
        "annotation": "The pink cotton candy is partially dissolved, revealing more of the bowl's contents. The group's reactions are still filled with surprise and excitement."
      },
      {
        "timestamp": 33.0,
        "annotation": "The man continues to dissolve the pink cotton candy, now revealing a red substance underneath. The group's reactions intensify with more open mouths and exaggerated expressions."
      },
      {
        "timestamp": 34.0,
        "annotation": "The pink cotton candy is almost fully dissolved, showing more of the red substance. The group's reactions are at their peak, with some members laughing and others in disbelief."
      },
      {
        "timestamp": 35.0,
        "annotation": "The pink cotton candy is fully dissolved, revealing a red liquid in the bowl. The man looks surprised as well, and the group's reactions are a mix of shock and amusement."
      },
      {
        "timestamp": 36.0,
        "annotation": "The man starts to stir the red liquid with a spoon. The group's reactions begin to calm down slightly, but they are still engaged and watching closely."
      },
      {
        "timestamp": 37.0,
        "annotation": "The man continues to stir the red liquid, which starts to splatter slightly. The group's reactions show a mix of anticipation and curiosity."
      },
      {
        "timestamp": 38.0,
        "annotation": "The man lifts the spoon, revealing that the red liquid is actually a thick, gooey substance. The group's reactions are filled with surprise and confusion."
      },
      {
        "timestamp": 39.0,
        "annotation": "The man looks at the gooey substance on the spoon, and the group's reactions are a mix of disbelief and amusement. No phone is revealed in the bowl."
      },
      {
        "timestamp": 40.0,
        "annotation": "The man is leaning over a bowl of blue cotton candy, appearing surprised or shocked. The group in the background continues to react with a mix of disbelief and amusement. No phone is revealed in the bowl."
      },
      {
        "timestamp": 41.0,
        "annotation": "The man is still leaning over the bowl, with his hands slightly raised. The group's reactions remain similar to the previous frame, showing continued surprise and amusement. No phone is revealed in the bowl."
      },
      {
        "timestamp": 42.0,
        "annotation": "The man is now touching the cotton candy in the bowl with both hands, appearing to mix or dissolve it. The group's reactions are consistent with the previous frames, showing ongoing surprise and amusement. No phone is revealed in the bowl."
      },
      {
        "timestamp": 43.0,
        "annotation": "The man is actively mixing the cotton candy with his hands, and the substance appears to be dissolving. The group's reactions are still a mix of disbelief and amusement. No phone is revealed in the bowl."
      },
      {
        "timestamp": 44.0,
        "annotation": "The man has stopped mixing and is looking at the dissolved cotton candy in the bowl. The group's reactions remain similar, showing continued surprise and amusement. No phone is revealed in the bowl."
      }
    ],
    "whole_video_annotation": "The video depicts a group of people engaged in a series of playful and surprising experiments involving cotton candy and various liquids. The participants take turns dissolving cotton candy of different colors in bowls of liquid, observing the color changes and reactions. The group's expressions range from excitement and anticipation to surprise and amusement as they watch each cotton candy dissolve, revealing unexpected results. Throughout the video, various objects and substances are introduced into the bowls, leading to humorous and unexpected outcomes. However, no phone is revealed in the bowl after the sixth cotton candy dissolves or at any other point in the video.",
    "annotations_summary": "The video features a group of people participating in a fun and surprising activity involving cotton candy and liquids. Here's a brief summary:\n\n- **Setting**: A group of people is gathered around a table with cotton candies and bowls of liquid.\n- **Activity**: Participants take turns dissolving cotton candy of different colors (pink, blue, green) in bowls of liquid, observing the color changes and reactions.\n- **Reactions**: The group's expressions range from excitement and anticipation to surprise and amusement as they watch each cotton candy dissolve, revealing unexpected results.\n- **Key Moments**:\n  - A woman and a man dissolve pink and blue cotton candies in a clear bowl, turning the liquid pink and then dark purple.\n  - The man introduces a green object into the bowl, stirring it into the dark pink liquid.\n  - A pink cotton candy is dissolved in a blue bowl, turning the liquid light pink.\n  - A banana is revealed after stirring the mixture in the bowl.\n  - The man dissolves a pink cotton candy with his fingers, revealing a red substance underneath, which turns out to be a thick, gooey substance.\n  - The man mixes blue cotton candy in a bowl, with no phone revealed at any point.\n\nThroughout the video, various objects and substances are introduced into the bowls, leading to humorous and unexpected outcomes."
  }
}