{
  "qid": "0416-3",
  "video_id": "b7h58LOBMcE",
  "video_path": "videos\\0416_b7h58LOBMcE.mp4",
  "main_question": "Was the man surprised because the egg he showed under the cup disappeared and reappeared in unexpected places?",
  "sub_questions": "To better understand the video in relation to the main question, consider the following sub-questions:\n\n1. **What specific actions did the man perform with the cup and the egg?**\n   - This will help clarify the sequence of events and whether the disappearance and reappearance of the egg were part of a trick or illusion.\n\n2. **Were there any audience reactions or comments that indicated surprise?**\n   - Observing the reactions of others can provide context for whether the man's surprise was genuine or part of a performance.\n\n3. **Did the video show any close-ups or detailed shots of the cup and the egg?**\n   - Detailed shots can reveal any sleight of hand or mechanisms used, which might explain how the egg disappeared and reappeared.",
  "annotations": {
    "frame_annotations": [
      {
        "timestamp": 0.0,
        "annotation": "Two men are sitting at a table. The man on the right is holding a small metal cup in his left hand and an egg in his right hand, showing them to the man on the left."
      },
      {
        "timestamp": 1.0,
        "annotation": "The man on the right is still holding the cup and the egg, but he has moved the egg closer to the cup. The man on the left is watching attentively."
      },
      {
        "timestamp": 2.0,
        "annotation": "The man on the right appears to be placing the egg under the cup. The man on the left is looking closely at the action."
      },
      {
        "timestamp": 3.0,
        "annotation": "The egg is now completely under the cup. The man on the right is lifting his hands away from the cup. The man on the left is observing intently."
      },
      {
        "timestamp": 4.0,
        "annotation": "The man on the right is pointing at the cup with his right hand, while his left hand is resting on the table. The man on the left is still watching closely."
      },
      {
        "timestamp": 5.0,
        "annotation": "The man on the right is now lifting the cup slightly with his left hand, revealing that the egg is no longer under it. The man on the left looks surprised."
      },
      {
        "timestamp": 6.0,
        "annotation": "The man on the right is placing the cup back down on the table. The man on the left continues to look surprised and confused."
      },
      {
        "timestamp": 7.0,
        "annotation": "The man on the right is now holding the egg in his right hand again, showing it to the man on the left. The man on the left looks even more surprised."
      },
      {
        "timestamp": 8.0,
        "annotation": "The man on the right is placing the egg back under the cup with his right hand. The man on the left is watching closely again."
      },
      {
        "timestamp": 9.0,
        "annotation": "The man on the right is lifting his hands away from the cup again. The man on the left is observing intently, seemingly trying to figure out the trick."
      },
      {
        "timestamp": 10.0,
        "annotation": "The man on the right is holding an egg in his right hand above a cup. The man on the left is observing closely, showing a focused expression."
      },
      {
        "timestamp": 11.0,
        "annotation": "The man on the right is placing the egg into the cup. The man on the left continues to watch intently."
      },
      {
        "timestamp": 12.0,
        "annotation": "The man on the right is lifting his hands away from the cup. The man on the left is observing intently, seemingly trying to figure out the trick."
      },
      {
        "timestamp": 13.0,
        "annotation": "The man on the right is lifting his hands away from the cup. The man on the left is observing intently, seemingly trying to figure out the trick."
      },
      {
        "timestamp": 14.0,
        "annotation": "The man on the right is lifting his hands away from the cup. The man on the left is observing intently, seemingly trying to figure out the trick."
      },
      {
        "timestamp": 15.0,
        "annotation": "The man on the right is lifting his hands away from the cup. The man on the left is observing intently, seemingly trying to figure out the trick."
      },
      {
        "timestamp": 16.0,
        "annotation": "The man on the right is lifting his hands away from the cup. The man on the left is observing intently, seemingly trying to figure out the trick."
      },
      {
        "timestamp": 17.0,
        "annotation": "The man on the right is lifting his hands away from the cup. The man on the left is observing intently, seemingly trying to figure out the trick."
      },
      {
        "timestamp": 18.0,
        "annotation": "The man on the right is lifting his hands away from the cup. The man on the left is observing intently, seemingly trying to figure out the trick."
      },
      {
        "timestamp": 19.0,
        "annotation": "The man on the right is lifting his hands away from the cup. The man on the left is observing intently, seemingly trying to figure out the trick."
      },
      {
        "timestamp": 20.0,
        "annotation": "The man on the right is holding a cup above the table, and the man on the left is observing closely. No significant change from the previous frame."
      },
      {
        "timestamp": 21.0,
        "annotation": "The man on the right is lifting his hands away from the cup, revealing the inside of the cup. The man on the left is still observing intently."
      },
      {
        "timestamp": 22.0,
        "annotation": "The man on the right has both hands away from the cup, showing it is empty. The man on the left appears surprised and is looking closely at the cup."
      },
      {
        "timestamp": 23.0,
        "annotation": "The man on the right is now placing his hand under the cup, seemingly preparing to reveal something. The man on the left is still focused on the cup."
      },
      {
        "timestamp": 24.0,
        "annotation": "The man on the right is lifting the cup slightly, and the man on the left is leaning in even closer, anticipating what might happen next."
      },
      {
        "timestamp": 25.0,
        "annotation": "The man on the right is lifting the cup higher, and the man on the left is looking under the cup, seemingly trying to figure out the trick."
      },
      {
        "timestamp": 26.0,
        "annotation": "The man on the right is holding the cup up, and the man on the left is looking under it, appearing confused or surprised by what he sees or doesn't see."
      }
    ],
    "whole_video_annotation": "The video depicts a magic trick involving a man performing an egg and cup illusion for another man. The performer starts by showing an egg and a cup, then places the egg under the cup. He repeatedly lifts the cup to reveal that the egg has disappeared, only to show the egg again in his hand or under the cup in subsequent actions. The observer is initially attentive, then becomes increasingly surprised and confused as the trick progresses, trying to figure out how the egg disappears and reappears. The trick involves sleight of hand and misdirection, leaving the observer bewildered by the unexpected movements of the egg.",
    "annotations_summary": "The video shows a magic trick where one man performs an egg and cup illusion for another man. The performer begins by showing an egg and a cup, then places the egg under the cup. He repeatedly lifts the cup to reveal that the egg has disappeared, only to show the egg again in his hand or under the cup in subsequent actions. The observer starts attentively watching but becomes increasingly surprised and confused as the trick progresses, trying to figure out how the egg disappears and reappears. The trick relies on sleight of hand and misdirection, leaving the observer bewildered by the unexpected movements of the egg."
  }
}