{
  "qid": "0417-0",
  "video_id": "KwKJ6gtOGpQ",
  "video_path": "videos\\0417_KwKJ6gtOGpQ.mp4",
  "main_question": "Why is the person on the left trying hard not to laugh\uff1f",
  "sub_questions": "To better understand why the person on the left is trying hard not to laugh, consider the following sub-questions:\n\n1. **What is happening in the scene that might be amusing?**\n   - Are there any jokes, funny situations, or humorous actions taking place that could be triggering laughter?\n\n2. **What is the context or setting of the video?**\n   - Understanding the environment and the circumstances can provide clues about why the person might find something funny.\n\n3. **How are the other people in the video reacting?**\n   - Observing the reactions of others can help determine if there is a shared humorous element or if the person on the left is reacting to something specific.",
  "annotations": {
    "frame_annotations": [
      {
        "timestamp": 0.0,
        "annotation": "Two individuals in military uniforms are standing at attention. The person on the left appears to be trying hard not to laugh, while the person on the right is holding a flag."
      },
      {
        "timestamp": 1.0,
        "annotation": "The person on the right begins to raise the flag. The person on the left's expression remains tense, still trying not to laugh."
      },
      {
        "timestamp": 2.0,
        "annotation": "The flag is now fully raised. The person on the left's effort to maintain composure is more evident."
      },
      {
        "timestamp": 3.0,
        "annotation": "Both individuals are now at attention with the flag fully raised. The person on the left's struggle to suppress laughter is noticeable."
      },
      {
        "timestamp": 4.0,
        "annotation": "The person on the right starts to lower the flag. The person on the left's facial expression shows increasing difficulty in controlling laughter."
      },
      {
        "timestamp": 5.0,
        "annotation": "The flag is being lowered further. The person on the left's body language indicates a growing struggle to maintain a serious demeanor."
      },
      {
        "timestamp": 6.0,
        "annotation": "The flag is almost fully lowered. The person on the left's efforts to suppress laughter are very apparent, with visible signs of strain in their facial expression."
      }
    ],
    "whole_video_annotation": "The video depicts a ceremonial flag-raising and lowering event involving two individuals in military uniforms. The person on the right is responsible for raising and lowering the flag, while the person on the left stands at attention. Throughout the sequence, the individual on the left appears to be struggling to maintain a serious expression and is visibly trying hard not to laugh, despite the formal and solemn nature of the ceremony.",
    "annotations_summary": "The video shows a ceremonial flag-raising and lowering event featuring two individuals in military uniforms. The person on the right raises and lowers the flag while the person on the left stands at attention. Throughout the ceremony, the individual on the left struggles to maintain a serious expression, visibly trying hard not to laugh, which adds a humorous contrast to the formal and solemn nature of the event."
  }
}