{
  "qid": "0427-0",
  "video_id": "c0YNnrHBARc",
  "video_path": "videos\\0427_c0YNnrHBARc.mp4",
  "main_question": "How did the man achieve taking out a whole watermelon and cutting it?",
  "sub_questions": "To better understand the video where a man achieves taking out a whole watermelon and cutting it, consider the following sub-questions:\n\n1. **What is the context or setting of the video?**\n   - Is the man in a confined space, like a car or a small room, and if so, how does he manage to maneuver the watermelon?\n   - Are there any specific tools or equipment he uses to assist in removing and cutting the watermelon?\n\n2. **What techniques or methods does the man use to remove the watermelon?**\n   - Does he use any special techniques to extract the watermelon without damaging it?\n   - Are there any steps or processes he follows to ensure the watermelon remains intact during removal?\n\n3. **How does the man cut the watermelon, and what tools does he use?**\n   - What type of knife or cutting tool does he use to cut the watermelon?\n   - Does he follow a specific method or pattern for cutting the watermelon, and if so, what is it?",
  "annotations": {
    "frame_annotations": [
      {
        "timestamp": 0.0,
        "annotation": "A man in a cowboy hat and plaid shirt stands behind a wooden counter with a sign that reads 'WATERMELON FOR SALE.' There are several whole watermelons visible in front of the counter."
      },
      {
        "timestamp": 0.96,
        "annotation": "The man reaches down towards a watermelon on the counter. No noticeable change from the previous frame."
      },
      {
        "timestamp": 1.92,
        "annotation": "The man lifts a whole watermelon from the counter. The watermelon is now in his hands, and he is starting to move it upward."
      },
      {
        "timestamp": 2.88,
        "annotation": "The man continues to lift the watermelon, bringing it closer to the cutting area on the counter."
      },
      {
        "timestamp": 3.84,
        "annotation": "The man places the watermelon on the cutting area. The watermelon is now positioned for cutting."
      },
      {
        "timestamp": 4.8,
        "annotation": "The man holds the watermelon steady with one hand while preparing to cut it with the other hand. No noticeable change from the previous frame."
      },
      {
        "timestamp": 5.76,
        "annotation": "The man starts cutting the watermelon. The knife is visible, and the cutting action has begun."
      },
      {
        "timestamp": 6.72,
        "annotation": "The man continues cutting the watermelon. The watermelon is being sliced in half."
      },
      {
        "timestamp": 7.67,
        "annotation": "The man finishes cutting the watermelon in half. Both halves are now visible on the cutting area."
      },
      {
        "timestamp": 8.63,
        "annotation": "The man holds one half of the watermelon, showing the cut side. The other half remains on the cutting area."
      },
      {
        "timestamp": 9.59,
        "annotation": "The man holds one half of the watermelon, showing the cut side. The other half remains on the cutting area. No noticeable change from the previous frame."
      },
      {
        "timestamp": 10.55,
        "annotation": "The man is still holding one half of the watermelon, showing the cut side. The other half remains on the cutting area. No noticeable change from the previous frame."
      },
      {
        "timestamp": 11.51,
        "annotation": "The man is still holding one half of the watermelon, showing the cut side. The other half remains on the cutting area. No noticeable change from the previous frame."
      },
      {
        "timestamp": 12.47,
        "annotation": "The man is still holding one half of the watermelon, showing the cut side. The other half remains on the cutting area. No noticeable change from the previous frame."
      },
      {
        "timestamp": 13.43,
        "annotation": "The man is still holding one half of the watermelon, showing the cut side. The other half remains on the cutting area. No noticeable change from the previous frame."
      },
      {
        "timestamp": 14.39,
        "annotation": "The man is still holding one half of the watermelon, showing the cut side. The other half remains on the cutting area. No noticeable change from the previous frame."
      },
      {
        "timestamp": 15.35,
        "annotation": "The man is still holding one half of the watermelon, showing the cut side. The other half remains on the cutting area. No noticeable change from the previous frame."
      },
      {
        "timestamp": 16.31,
        "annotation": "The man is still holding one half of the watermelon, showing the cut side. The other half remains on the cutting area. No noticeable change from the previous frame."
      },
      {
        "timestamp": 17.27,
        "annotation": "The man is still holding one half of the watermelon, showing the cut side. The other half remains on the cutting area. No noticeable change from the previous frame."
      },
      {
        "timestamp": 18.23,
        "annotation": "The man is still holding one half of the watermelon, showing the cut side. The other half remains on the cutting area. No noticeable change from the previous frame."
      },
      {
        "timestamp": 19.19,
        "annotation": "The man is still holding one half of the watermelon, showing the cut side. The other half remains on the cutting area. No noticeable change from the previous frame."
      },
      {
        "timestamp": 20.15,
        "annotation": "The man is still holding one half of the watermelon, showing the cut side. The other half remains on the cutting area. No noticeable change from the previous frame."
      },
      {
        "timestamp": 21.1,
        "annotation": "The man is still holding one half of the watermelon, showing the cut side. The other half remains on the cutting area. No noticeable change from the previous frame."
      },
      {
        "timestamp": 22.06,
        "annotation": "The man is still holding one half of the watermelon, showing the cut side. The other half remains on the cutting area. No noticeable change from the previous frame."
      },
      {
        "timestamp": 23.02,
        "annotation": "The man is still holding one half of the watermelon, showing the cut side. The other half remains on the cutting area. No noticeable change from the previous frame."
      },
      {
        "timestamp": 23.98,
        "annotation": "The man is still holding one half of the watermelon, showing the cut side. The other half remains on the cutting area. No noticeable change from the previous frame."
      },
      {
        "timestamp": 24.94,
        "annotation": "The man is still holding one half of the watermelon, showing the cut side. The other half remains on the cutting area. No noticeable change from the previous frame."
      },
      {
        "timestamp": 25.9,
        "annotation": "The man is still holding one half of the watermelon, showing the cut side. The other half remains on the cutting area. No noticeable change from the previous frame."
      },
      {
        "timestamp": 26.86,
        "annotation": "The man is still holding one half of the watermelon, showing the cut side. The other half remains on the cutting area. No noticeable change from the previous frame."
      },
      {
        "timestamp": 27.82,
        "annotation": "The man is still holding one half of the watermelon, showing the cut side. The other half remains on the cutting area. No noticeable change from the previous frame."
      },
      {
        "timestamp": 28.78,
        "annotation": "The man is holding a half of a watermelon, showing the cut side to the camera. The other half is still on the cutting area. There is a sign in the background that reads 'WATERMELON FOR...' and several whole watermelons are visible at the bottom of the frame. No noticeable change from the previous frame."
      }
    ],
    "whole_video_annotation": "The video depicts a man in a cowboy hat and plaid shirt who is selling watermelons. He starts by lifting a whole watermelon from a counter where several watermelons are displayed. He then places the watermelon on a cutting area and proceeds to cut it in half using a knife. After cutting, he holds up one half of the watermelon to show the cut side, while the other half remains on the cutting area. The man continues to hold up the half watermelon for an extended period, with no further action taking place. The background features a sign that reads \"WATERMELON FOR SALE\" and additional whole watermelons.",
    "annotations_summary": "The video shows a man in a cowboy hat and plaid shirt selling watermelons. He lifts a whole watermelon from a counter, places it on a cutting area, and slices it in half with a knife. After cutting, he holds up one half of the watermelon to display the cut side, while the other half remains on the cutting area. The man continues to hold up the half watermelon for an extended period with no further action. The background includes a sign that reads \"WATERMELON FOR SALE\" and several whole watermelons."
  }
}