{
  "qid": "0430-2",
  "video_id": "ZGcot5Kgock",
  "video_path": "videos\\0430_ZGcot5Kgock.mp4",
  "main_question": "Was the phone's damage just a result of video editing effects?",
  "sub_questions": "To better understand the video and determine if the phone's damage was just a result of video editing effects, consider the following sub-questions:\n\n1. **What specific visual or auditory cues in the video suggest that the phone was damaged?**\n   - This can help identify the exact moments and types of damage depicted.\n\n2. **Are there any indications in the video that editing software was used to alter the appearance of the phone?**\n   - Look for signs such as unusual transitions, digital artifacts, or inconsistencies that might indicate editing.\n\n3. **Does the video provide any context or evidence that supports the authenticity of the phone's damage?**\n   - This could include multiple angles, slow-motion footage, or reactions from people in the video who are not aware of the filming.",
  "annotations": {
    "frame_annotations": [
      {
        "timestamp": 0.0,
        "annotation": "A smartphone is placed on a wooden surface. A hand is holding a blue device connected to the phone via a USB cable. A person in an orange jacket is visible in the bottom right corner, holding another smartphone."
      },
      {
        "timestamp": 0.97,
        "annotation": "The scene is the same as the previous frame. The person in the orange jacket is now visibly reacting with surprise or excitement."
      },
      {
        "timestamp": 1.94,
        "annotation": "The scene remains unchanged from the previous frame. The person in the orange jacket continues to react with surprise or excitement."
      },
      {
        "timestamp": 2.9,
        "annotation": "The smartphone screen now shows it is charging at 78%. The person in the orange jacket's reaction is still visible."
      },
      {
        "timestamp": 3.87,
        "annotation": "The charging percentage on the smartphone has increased to 112%. The person in the orange jacket continues to react with surprise."
      },
      {
        "timestamp": 4.84,
        "annotation": "The charging percentage on the smartphone has increased to 1632%. The person in the orange jacket's reaction remains the same."
      },
      {
        "timestamp": 5.81,
        "annotation": "The charging percentage on the smartphone has increased to 10000%. The person in the orange jacket continues to react with surprise."
      },
      {
        "timestamp": 6.77,
        "annotation": "The smartphone screen is now completely damaged, with visible cracks and smoke. The person in the orange jacket appears shocked."
      },
      {
        "timestamp": 7.74,
        "annotation": "The scene changes to a person in an orange jacket sitting at a table with a black smartphone in front of them. The person is making a thinking pose with their hand under their chin."
      },
      {
        "timestamp": 8.71,
        "annotation": "The person in the orange jacket is now holding a piece of cardboard with a drawing of a phone and some text on it. The black smartphone is still on the table in front of them."
      },
      {
        "timestamp": 9.68,
        "annotation": "The person in the orange jacket is holding a piece of cardboard with a drawing of a phone and some text on it. The black smartphone is still on the table in front of them. No noticeable change from the previous frame."
      },
      {
        "timestamp": 10.64,
        "annotation": "The person in the orange jacket is still holding the cardboard with the drawing of a phone. The black smartphone remains on the table. No noticeable change from the previous frame."
      },
      {
        "timestamp": 11.61,
        "annotation": "The person in the orange jacket is still holding the cardboard with the drawing of a phone. The black smartphone remains on the table. No noticeable change from the previous frame."
      },
      {
        "timestamp": 12.58,
        "annotation": "The person in the orange jacket is still holding the cardboard with the drawing of a phone. The black smartphone remains on the table. No noticeable change from the previous frame."
      },
      {
        "timestamp": 13.55,
        "annotation": "The person in the orange jacket is still holding the cardboard with the drawing of a phone. The black smartphone remains on the table. No noticeable change from the previous frame."
      },
      {
        "timestamp": 14.51,
        "annotation": "The person in the orange jacket is still holding the cardboard with the drawing of a phone. The black smartphone remains on the table. No noticeable change from the previous frame."
      },
      {
        "timestamp": 15.48,
        "annotation": "The person in the orange jacket is still holding the cardboard with the drawing of a phone. The black smartphone remains on the table. No noticeable change from the previous frame."
      },
      {
        "timestamp": 16.45,
        "annotation": "The person in the orange jacket is still holding the cardboard with the drawing of a phone. The black smartphone remains on the table. No noticeable change from the previous frame."
      },
      {
        "timestamp": 17.42,
        "annotation": "The person in the orange jacket is still holding the cardboard with the drawing of a phone. The black smartphone remains on the table. No noticeable change from the previous frame."
      },
      {
        "timestamp": 18.39,
        "annotation": "The person in the orange jacket is still holding the cardboard with the drawing of a phone. The black smartphone remains on the table. No noticeable change from the previous frame."
      },
      {
        "timestamp": 19.35,
        "annotation": "The person in the orange jacket is holding a real phone, not a cardboard cutout. The black smartphone remains on the table. Noticeable change from the previous frame: the cardboard cutout has been replaced with a real phone."
      },
      {
        "timestamp": 20.32,
        "annotation": "The person in the orange jacket is still holding the real phone. The black smartphone remains on the table. No noticeable change from the previous frame."
      },
      {
        "timestamp": 21.29,
        "annotation": "The person in the orange jacket is still holding the real phone. The black smartphone remains on the table. No noticeable change from the previous frame."
      },
      {
        "timestamp": 22.26,
        "annotation": "The person in the orange jacket is still holding the real phone. The black smartphone remains on the table. No noticeable change from the previous frame."
      },
      {
        "timestamp": 23.22,
        "annotation": "The person in the orange jacket is still holding the real phone. The black smartphone remains on the table. No noticeable change from the previous frame."
      },
      {
        "timestamp": 24.19,
        "annotation": "The person in the orange jacket is still holding the real phone. The black smartphone remains on the table. No noticeable change from the previous frame."
      },
      {
        "timestamp": 25.16,
        "annotation": "The person in the orange jacket is still holding the real phone. The black smartphone remains on the table. No noticeable change from the previous frame."
      },
      {
        "timestamp": 26.13,
        "annotation": "The person in the orange jacket is still holding the real phone. The black smartphone remains on the table. No noticeable change from the previous frame."
      },
      {
        "timestamp": 27.09,
        "annotation": "The person in the orange jacket is still holding the real phone. The black smartphone remains on the table. No noticeable change from the previous frame."
      },
      {
        "timestamp": 28.06,
        "annotation": "The person in the orange jacket is still holding the real phone. The black smartphone remains on the table. No noticeable change from the previous frame."
      },
      {
        "timestamp": 29.03,
        "annotation": "The person in the orange jacket is still holding the real phone. The black smartphone remains on the table. No noticeable change from the previous frame."
      },
      {
        "timestamp": 30.0,
        "annotation": "The person in the orange jacket is still holding the real phone. The black smartphone remains on the table. No noticeable change from the previous frame."
      },
      {
        "timestamp": 30.96,
        "annotation": "The person in the orange jacket is still holding the real phone. The black smartphone remains on the table. No noticeable change from the previous frame."
      },
      {
        "timestamp": 31.93,
        "annotation": "The person in the orange jacket is still holding the real phone. The black smartphone remains on the table. No noticeable change from the previous frame."
      },
      {
        "timestamp": 32.9,
        "annotation": "The person in the orange jacket is still holding the real phone. The black smartphone remains on the table. No noticeable change from the previous frame."
      },
      {
        "timestamp": 33.87,
        "annotation": "The person in the orange jacket is still holding the real phone. The black smartphone remains on the table. No noticeable change from the previous frame."
      },
      {
        "timestamp": 34.83,
        "annotation": "The person in the orange jacket is still holding the real phone. The black smartphone remains on the table. No noticeable change from the previous frame."
      },
      {
        "timestamp": 35.8,
        "annotation": "The person in the orange jacket is still holding the real phone. The black smartphone remains on the table. No noticeable change from the previous frame."
      },
      {
        "timestamp": 36.77,
        "annotation": "The person in the orange jacket is still holding the real phone. The black smartphone remains on the table. No noticeable change from the previous frame."
      },
      {
        "timestamp": 37.74,
        "annotation": "The person in the orange jacket is still holding the real phone. The black smartphone remains on the table. No noticeable change from the previous frame."
      },
      {
        "timestamp": 38.71,
        "annotation": "The person in the orange jacket is holding a blue object, possibly a tool, near a black smartphone. The smartphone appears to be intact. The person seems to be preparing to do something with the tool."
      },
      {
        "timestamp": 39.67,
        "annotation": "The person in the orange jacket is using the blue tool to interact with the black smartphone. Smoke or some effect is starting to appear around the phone, suggesting an action is being performed."
      },
      {
        "timestamp": 40.64,
        "annotation": "The black smartphone now appears to be damaged with visible cracks on the screen. The person in the orange jacket is still holding the blue tool near the phone. The smoke effect is more pronounced."
      },
      {
        "timestamp": 41.61,
        "annotation": "The person in the orange jacket is showing the damaged smartphone with both hands, emphasizing the damage. The blue tool is no longer in direct contact with the phone."
      }
    ],
    "whole_video_annotation": "The video appears to be a staged demonstration or a prank involving smartphone charging and damage. Here's a short general description of what is happening:\n\nThe video begins with a smartphone connected to a blue device via a USB cable, placed on a wooden surface. A person in an orange jacket reacts with surprise or excitement as the smartphone's charging percentage rapidly increases to unrealistic levels (78%, 112%, 1632%, 10000%). The smartphone screen then shows signs of damage, with visible cracks and smoke.\n\nThe scene shifts to the person in the orange jacket sitting at a table with a black smartphone. The person initially holds a piece of cardboard with a drawing of a phone and some text, but later switches to holding a real phone. The person then uses a blue tool to interact with the black smartphone, causing it to appear damaged with visible cracks on the screen. The person emphasizes the damage by showing the smartphone with both hands.\n\nGiven the unrealistic charging percentages and the sudden appearance of damage, it is likely that the phone's damage is a result of video editing effects and staged actions.",
    "annotations_summary": "The video is a staged demonstration or prank involving smartphone charging and damage. It starts with a smartphone connected to a blue device, showing unrealistically high charging percentages (78%, 112%, 1632%, 10000%) and eventually displaying damage with cracks and smoke. The scene then shifts to a person in an orange jacket who initially holds a cardboard cutout of a phone and later uses a blue tool to seemingly damage a real black smartphone, emphasizing the damage by showing it with both hands. The video likely uses editing effects to create the illusion of rapid charging and sudden damage."
  }
}