{
  "qid": "0432-1",
  "video_id": "YRgXg-FY49o",
  "video_path": "videos\\0432_YRgXg-FY49o.mp4",
  "main_question": "What are the last few targets in the video?",
  "sub_questions": "To better understand the video and identify the last few targets, consider the following sub-questions:\n\n1. **What is the total duration of the video?**\n   - Knowing the length of the video can help determine what is considered the \"last few\" targets.\n\n2. **Are there any specific markers or timestamps mentioned in the video that indicate significant events or targets?**\n   - This can help pinpoint where the last few targets might be located.\n\n3. **What type of targets are we looking for in the video?**\n   - Understanding the nature of the targets (e.g., objects, actions, specific scenes) can aid in identifying them more accurately.",
  "annotations": {
    "frame_annotations": [
      {
        "timestamp": 0.0,
        "annotation": "A man and a woman are standing on a shooting range. The man is holding a shotgun, and they appear to be preparing for a shot. There are no visible targets or significant action."
      },
      {
        "timestamp": 0.97,
        "annotation": "The man is now aiming the shotgun at a target in the distance. The woman is standing beside him, observing. No noticeable change in the targets from the previous frame."
      },
      {
        "timestamp": 1.94,
        "annotation": "The man has fired the shotgun. Smoke and pink debris are visible in the air, indicating a hit on a target. The woman is still observing."
      },
      {
        "timestamp": 2.9,
        "annotation": "The smoke and debris are dispersing. The man is lowering the shotgun. The woman is still standing beside him. No new targets are visible."
      },
      {
        "timestamp": 3.87,
        "annotation": "The man is reloading or preparing to fire again. The woman is still observing. No noticeable change in the targets from the previous frame."
      },
      {
        "timestamp": 4.84,
        "annotation": "The man is aiming the shotgun at another target. The woman is still observing. A new orange target is visible in the distance."
      },
      {
        "timestamp": 5.81,
        "annotation": "The man has fired the shotgun again. Smoke and pink debris are visible, indicating a hit on the new target. The woman is still observing."
      },
      {
        "timestamp": 6.77,
        "annotation": "The smoke and debris are dispersing. The man is lowering the shotgun. The woman is still standing beside him. No new targets are visible."
      },
      {
        "timestamp": 7.74,
        "annotation": "The man is reloading or preparing to fire again. The woman is still observing. No noticeable change in the targets from the previous frame."
      },
      {
        "timestamp": 8.71,
        "annotation": "The man is aiming the shotgun at another target. The woman is still observing. No new targets are visible in this frame."
      },
      {
        "timestamp": 9.68,
        "annotation": "The man is aiming the shotgun at another target. The woman is still observing. No new targets are visible in this frame."
      },
      {
        "timestamp": 10.64,
        "annotation": "The man is firing the shotgun. The woman is observing the shot. No new targets are visible in this frame."
      },
      {
        "timestamp": 11.61,
        "annotation": "The man has just fired the shotgun. Smoke is visible from the shot. The woman is observing the shot. No new targets are visible in this frame."
      },
      {
        "timestamp": 12.58,
        "annotation": "The man is lowering the shotgun. The woman is observing the shot. No new targets are visible in this frame."
      },
      {
        "timestamp": 13.55,
        "annotation": "The man is handing the shotgun to the woman. The woman is reaching out to receive the shotgun. No new targets are visible in this frame."
      },
      {
        "timestamp": 14.51,
        "annotation": "The woman is holding the shotgun. The man is observing. No new targets are visible in this frame."
      },
      {
        "timestamp": 15.48,
        "annotation": "The woman is aiming the shotgun. The man is observing. No new targets are visible in this frame."
      },
      {
        "timestamp": 16.45,
        "annotation": "The woman is lowering the shotgun. The man is observing. No new targets are visible in this frame."
      }
    ],
    "whole_video_annotation": "The video depicts a scene at a shooting range where a man and a woman are practicing with a shotgun. The man initially takes several shots at targets, hitting them as indicated by the smoke and debris. After firing a few times, he hands the shotgun to the woman, who then takes her turn aiming and handling the shotgun.\n\nRegarding the targets:\n- The first target hit is not specified by color but is indicated by pink debris.\n- The second target hit is orange.\n- Subsequent targets are not specified by color in the provided frames.\n\nThe last few visible targets in the video include:\n- An orange target hit by the man (Frame 6).\n- Subsequent targets are not specified by color but are engaged by both the man and the woman in the later frames.",
    "annotations_summary": "The video shows a man and a woman at a shooting range practicing with a shotgun. The man takes several shots, hitting targets as indicated by visible smoke and debris. Specifically, he hits a target with pink debris and an orange target. After firing a few times, he hands the shotgun to the woman, who then aims and handles the shotgun, although it is not specified if she hits any targets. The sequence captures the preparation, firing, and reloading process for both individuals."
  }
}