{
  "qid": "0441-2",
  "video_id": "3Ts9BX6AKuU",
  "video_path": "videos\\0441_3Ts9BX6AKuU.mp4",
  "main_question": "Is the muscular man actually running or is he staying in the same spot?",
  "sub_questions": "To better understand whether the muscular man in the video is actually running or staying in the same spot, consider the following sub-questions:\n\n1. **Are there any visual indicators of movement relative to the background?**\n   - Does the background appear to be moving past the man, or does it stay static?\n\n2. **Is there any change in the man's position over time?**\n   - Does his position relative to other objects or landmarks in the video change as time progresses?\n\n3. **Are there any signs of effort or fatigue that suggest continuous running?**\n   - Does the man show signs of exertion, such as increased breathing, sweating, or changes in facial expression, that would be consistent with running in place?",
  "annotations": {
    "frame_annotations": [
      {
        "timestamp": 0.0,
        "annotation": "A muscular man is standing in an outdoor setting, shirtless, wearing black shorts and a black cap. His arms are outstretched to the sides. There is text overlay that reads: '*What people expect the flintlockwood run to look like*'"
      },
      {
        "timestamp": 0.98,
        "annotation": "The man starts to move his arms forward, beginning a running motion. The background remains the same with other people visible in the distance. The text overlay is still present."
      },
      {
        "timestamp": 1.95,
        "annotation": "The man continues his running motion, his arms are now more forward and his legs are slightly bent. The background and text overlay remain unchanged."
      },
      {
        "timestamp": 2.93,
        "annotation": "The man's running motion is more pronounced, with his arms swinging and legs lifting off the ground. The background and text overlay stay the same."
      },
      {
        "timestamp": 3.91,
        "annotation": "The man is in mid-stride, his right leg is lifted higher and his left arm is forward. The background and text overlay are consistent."
      },
      {
        "timestamp": 4.88,
        "annotation": "The man's left leg is now lifted higher, and his right arm is forward. The background and text overlay remain unchanged."
      },
      {
        "timestamp": 5.86,
        "annotation": "The man continues running with both arms and legs in motion. The background and text overlay are the same."
      },
      {
        "timestamp": 6.84,
        "annotation": "The man is still running, his body is slightly leaned forward. The background and text overlay remain consistent."
      },
      {
        "timestamp": 7.81,
        "annotation": "The man's running motion is ongoing, with his arms and legs in continuous movement. The background and text overlay are unchanged."
      },
      {
        "timestamp": 8.79,
        "annotation": "The scene changes to a different perspective showing the man running towards the camera. The text overlay now reads: '*What they see*'"
      },
      {
        "timestamp": 9.77,
        "annotation": "The muscular man is running towards the camera. His legs are lifted high, and his arms are pumping. The background shows a crowd of people and tents, indicating an outdoor event. The text overlay reads: '*What they see*'"
      },
      {
        "timestamp": 10.74,
        "annotation": "The muscular man continues running towards the camera. His posture and the background remain consistent with the previous frame, suggesting continuous motion. The text overlay remains the same: '*What they see*'"
      },
      {
        "timestamp": 11.72,
        "annotation": "The muscular man is still running towards the camera. His legs are in mid-stride, and his arms are still pumping. The background and text overlay remain unchanged, reinforcing the impression of continuous movement."
      }
    ],
    "whole_video_annotation": "The video appears to be a humorous comparison between an idealized or exaggerated expectation and the reality of a running event, specifically referred to as the \"Flintlockwood Run.\" Here's a short general description:\n\nThe video starts with a muscular man standing shirtless in an outdoor setting, with his arms outstretched. The text overlay reads, \"*What people expect the Flintlockwood run to look like.*\" The man then begins to mimic a running motion, with his arms swinging and legs lifting, but he appears to be staying in the same spot. The background remains static, suggesting that he is not actually moving forward.\n\nThe scene then shifts to a different perspective, showing the man running towards the camera. The text overlay changes to \"*What they see.*\" In this part, the man is depicted as actually running, with his legs lifting high and arms pumping, and the background shows a crowd of people and tents, indicating an outdoor event. This contrast highlights the difference between the idealized expectation and the reality of the event.",
    "annotations_summary": "The video humorously contrasts the idealized expectation versus the reality of the \"Flintlockwood Run.\" Initially, it shows a muscular, shirtless man standing outdoors with his arms outstretched, mimicking a running motion while staying in place. The text overlay reads, \"*What people expect the Flintlockwood run to look like.*\" The background remains static, emphasizing the unrealistic nature of this expectation.\n\nThe scene then shifts to a different perspective where the man is shown running towards the camera. The text overlay changes to \"*What they see.*\" Here, the man is depicted as actually running with high leg lifts and pumping arms, and the background shows a crowd and tents, indicating an outdoor event. This contrast highlights the difference between the exaggerated expectation and the actual experience of the event."
  }
}