{
  "qid": "0456-3",
  "video_id": "-Tf9VMl4krk",
  "video_path": "videos\\0456_-Tf9VMl4krk.mp4",
  "main_question": "Did the man use 14 nails in the experiment, with seven in each mug?",
  "sub_questions": "To better understand the video and address the main question, consider the following sub-questions:\n\n1. **How many mugs were used in the experiment?**\n   - This will help determine if there were indeed two mugs, each supposedly receiving seven nails.\n\n2. **What was the total number of nails mentioned or shown in the experiment?**\n   - This will clarify if 14 nails were used in total, which is a prerequisite for having seven in each mug.\n\n3. **Were there any instructions or demonstrations showing the placement of nails in the mugs?**\n   - This will provide context on how the nails were distributed and whether the claim of seven nails per mug was visually supported.\n\nThese sub-questions should help gather the necessary information to accurately answer the main question.",
  "annotations": {
    "frame_annotations": [
      {
        "timestamp": 0.0,
        "annotation": "A man is standing on a wooden surface, holding two clear mugs filled with water. There is a comment overlay on the image stating 'Monster energy drink works better and faster'."
      },
      {
        "timestamp": 1.0,
        "annotation": "The man is placing nails into each mug. No noticeable change from the previous frame as this is the first action frame."
      },
      {
        "timestamp": 2.0,
        "annotation": "The man is continuing to place nails into the mugs. The number of nails in each mug is increasing."
      },
      {
        "timestamp": 3.0,
        "annotation": "The man has placed multiple nails into each mug. The nails are standing upright in the water."
      },
      {
        "timestamp": 4.0,
        "annotation": "The man is pouring a liquid from a bottle into one of the mugs. The liquid appears to be white vinegar."
      },
      {
        "timestamp": 5.0,
        "annotation": "The man is pouring the liquid into the second mug. The liquid is being poured slowly and steadily."
      },
      {
        "timestamp": 6.0,
        "annotation": "The liquid has been poured into both mugs. The nails in the mugs are now submerged in the liquid."
      },
      {
        "timestamp": 7.0,
        "annotation": "The man is holding a can of Monster energy drink. He appears to be preparing to pour it into one of the mugs."
      },
      {
        "timestamp": 8.0,
        "annotation": "The man is pouring the Monster energy drink into one of the mugs. The drink is a dark color, contrasting with the white vinegar."
      },
      {
        "timestamp": 9.0,
        "annotation": "The Monster energy drink has been poured into both mugs. The nails in the mugs are now submerged in a mixture of white vinegar and Monster energy drink."
      },
      {
        "timestamp": 10.0,
        "annotation": "The Monster energy drink continues to be poured into both mugs. The nails in the mugs remain submerged in the mixture of white vinegar and Monster energy drink."
      },
      {
        "timestamp": 11.0,
        "annotation": "The Monster energy drink is still being poured into both mugs. No noticeable change from the previous frame."
      },
      {
        "timestamp": 12.0,
        "annotation": "The pouring of the Monster energy drink into both mugs is nearly complete. No noticeable change from the previous frame."
      },
      {
        "timestamp": 13.0,
        "annotation": "The pouring of the Monster energy drink into both mugs is complete. No noticeable change from the previous frame."
      },
      {
        "timestamp": 14.0,
        "annotation": "The mugs are now filled with the mixture of white vinegar and Monster energy drink. No noticeable change from the previous frame."
      },
      {
        "timestamp": 15.0,
        "annotation": "The mugs remain filled with the mixture. No noticeable change from the previous frame."
      },
      {
        "timestamp": 16.0,
        "annotation": "The mugs remain filled with the mixture. No noticeable change from the previous frame."
      },
      {
        "timestamp": 17.0,
        "annotation": "The mugs remain filled with the mixture. No noticeable change from the previous frame."
      },
      {
        "timestamp": 18.0,
        "annotation": "The mugs remain filled with the mixture. No noticeable change from the previous frame."
      },
      {
        "timestamp": 19.0,
        "annotation": "The mugs remain filled with the mixture. No noticeable change from the previous frame."
      },
      {
        "timestamp": 20.0,
        "annotation": "The mugs remain filled with the mixture. No noticeable change from the previous frame."
      },
      {
        "timestamp": 21.0,
        "annotation": "The mugs remain filled with the mixture. No noticeable change from the previous frame."
      },
      {
        "timestamp": 22.0,
        "annotation": "The mugs remain filled with the mixture. No noticeable change from the previous frame."
      },
      {
        "timestamp": 23.0,
        "annotation": "The mugs remain filled with the mixture. No noticeable change from the previous frame."
      },
      {
        "timestamp": 24.0,
        "annotation": "The mugs remain filled with the mixture. No noticeable change from the previous frame."
      },
      {
        "timestamp": 25.0,
        "annotation": "The mugs remain filled with the mixture. No noticeable change from the previous frame."
      },
      {
        "timestamp": 26.0,
        "annotation": "The mugs remain filled with the mixture. No noticeable change from the previous frame."
      },
      {
        "timestamp": 27.0,
        "annotation": "The mugs remain filled with the mixture. No noticeable change from the previous frame."
      },
      {
        "timestamp": 28.0,
        "annotation": "The mugs remain filled with the mixture. No noticeable change from the previous frame."
      },
      {
        "timestamp": 29.0,
        "annotation": "The mugs remain filled with the mixture. No noticeable change from the previous frame."
      },
      {
        "timestamp": 30.0,
        "annotation": "A man is using a pressure washer to clean a concrete surface. Several nails are embedded in the concrete. No noticeable change from the previous frame."
      },
      {
        "timestamp": 31.0,
        "annotation": "The man continues to use the pressure washer. The water stream is directed at the nails. No noticeable change from the previous frame."
      },
      {
        "timestamp": 32.0,
        "annotation": "The man adjusts his stance slightly while continuing to use the pressure washer. No noticeable change from the previous frame."
      },
      {
        "timestamp": 33.0,
        "annotation": "The man is still using the pressure washer. The water stream is focused on the nails. No noticeable change from the previous frame."
      },
      {
        "timestamp": 34.0,
        "annotation": "The man pauses and bends down to pick up one of the nails. Noticeable change: the man stops using the pressure washer and bends down."
      },
      {
        "timestamp": 35.0,
        "annotation": "The man holds up the nail for a closer look. Noticeable change: the man is no longer using the pressure washer and is holding a nail."
      },
      {
        "timestamp": 36.0,
        "annotation": "The man examines the nail closely, showing its condition. Noticeable change: the man is focusing on the nail's condition."
      },
      {
        "timestamp": 37.0,
        "annotation": "The man continues to inspect the nail, turning it to show different angles. Noticeable change: the man turns the nail to inspect it from different angles."
      },
      {
        "timestamp": 38.0,
        "annotation": "The man holds up two nails side by side for comparison. Noticeable change: the man is now holding two nails."
      },
      {
        "timestamp": 39.0,
        "annotation": "The man examines the tips of the two nails, showing the difference in their condition. Noticeable change: the man focuses on the tips of the nails."
      },
      {
        "timestamp": 40.0,
        "annotation": "The man continues to examine the tips of the two nails, showing the difference in their condition. Noticeable change: None."
      },
      {
        "timestamp": 41.0,
        "annotation": "The man continues to examine the tips of the two nails, showing the difference in their condition. Noticeable change: None."
      },
      {
        "timestamp": 42.0,
        "annotation": "The man continues to examine the tips of the two nails, showing the difference in their condition. Noticeable change: None."
      },
      {
        "timestamp": 43.0,
        "annotation": "The man continues to examine the tips of the two nails, showing the difference in their condition. Noticeable change: None."
      },
      {
        "timestamp": 44.0,
        "annotation": "The man continues to examine the tips of the two nails, showing the difference in their condition. Noticeable change: None."
      },
      {
        "timestamp": 45.0,
        "annotation": "The man continues to examine the tips of the two nails, showing the difference in their condition. Noticeable change: None."
      },
      {
        "timestamp": 46.0,
        "annotation": "The man continues to examine the tips of the two nails, showing the difference in their condition. Noticeable change: None."
      }
    ],
    "whole_video_annotation": "The video appears to be a demonstration or experiment involving nails, water, white vinegar, and Monster energy drink. Here's a general description of what is happening:\n\nA man conducts an experiment by placing nails into two mugs filled with water. He then pours white vinegar into both mugs, submerging the nails. Subsequently, he adds Monster energy drink to one of the mugs, creating a mixture of white vinegar and the energy drink in both mugs. After allowing the mixture to sit for a period, the man uses a pressure washer to clean a concrete surface with embedded nails. He then picks up and examines the nails, comparing their conditions, likely to demonstrate the effects of the different solutions on the nails.\n\nRegarding the user's question: The exact number of nails used in the experiment is not specified in the frame descriptions provided. Therefore, it is not possible to confirm whether the man used 14 nails in total, with seven in each mug.",
    "annotations_summary": "The video demonstrates an experiment involving nails, water, white vinegar, and Monster energy drink. Here's a brief summary:\n\n1. **Setup**:\n   - A man places nails into two mugs filled with water.\n   - He pours white vinegar into both mugs, submerging the nails.\n\n2. **Adding Monster Energy Drink**:\n   - The man adds Monster energy drink to both mugs, creating a mixture of white vinegar and the energy drink.\n\n3. **Waiting Period**:\n   - The mixture is allowed to sit for approximately 20 seconds.\n\n4. **Cleaning and Examination**:\n   - The man uses a pressure washer to clean a concrete surface with embedded nails.\n   - He picks up and examines the nails, comparing their conditions to demonstrate the effects of the different solutions on the nails.\n\nThe exact number of nails used in the experiment is not specified in the frame descriptions provided."
  }
}