{
  "qid": "0456-7",
  "video_id": "-Tf9VMl4krk",
  "video_path": "videos\\0456_-Tf9VMl4krk.mp4",
  "main_question": "How many nails did the man use in the experiment?\nA. 2.\nB. 10\nC. 14\nD. 6",
  "sub_questions": "To better understand the video and determine how many nails the man used in the experiment, consider the following sub-questions:\n\n1. **Can you describe the experiment involving the nails?**\n   - Understanding the context of the experiment will help clarify the purpose and method, which might indicate the number of nails used.\n\n2. **Were there any visual cues or counts shown in the video that might indicate the number of nails?**\n   - This can help verify the options provided (2, 10, 14, 6) by matching them with what was shown in the video.\n\n3. **Did the man mention or show the number of nails he was using at any point during the experiment?**\n   - Direct statements or visual demonstrations by the man can provide clear evidence of the number of nails used.",
  "annotations": {
    "frame_annotations": [
      {
        "timestamp": 0.0,
        "annotation": "A man is standing on a wooden plank with a glass container in one hand and a hammer in the other. The background shows an outdoor setting with a pool and greenery."
      },
      {
        "timestamp": 1.0,
        "annotation": "The man is now holding two empty glass containers filled with water. No noticeable change in the background or the man's position."
      },
      {
        "timestamp": 2.0,
        "annotation": "The man is inserting two nails into each of the glass containers. The nails are positioned vertically in the water."
      },
      {
        "timestamp": 3.0,
        "annotation": "The man has fully inserted the nails into the water in both containers. The position of the nails and the containers remains the same."
      },
      {
        "timestamp": 4.0,
        "annotation": "The man is pouring a liquid from a bottle into one of the glass containers with nails. The liquid appears to be white vinegar."
      },
      {
        "timestamp": 5.0,
        "annotation": "The container on the left is now filled with white vinegar, submerging the nails completely. The other container remains with just water and nails."
      },
      {
        "timestamp": 6.0,
        "annotation": "The man is pouring the same liquid (white vinegar) into the second container, which now also has the nails submerged in vinegar."
      },
      {
        "timestamp": 7.0,
        "annotation": "Both containers now have nails submerged in white vinegar. The man is observing the containers."
      },
      {
        "timestamp": 8.0,
        "annotation": "The vinegar in both containers appears to be reacting with the nails, causing some discoloration and possible rusting."
      },
      {
        "timestamp": 9.0,
        "annotation": "The man is now pouring a Monster energy drink into one of the containers. The drink is dark in color, contrasting with the white vinegar."
      },
      {
        "timestamp": 10.0,
        "annotation": "The man continues to pour Monster energy drink into the container. The liquid level is rising steadily. No noticeable change from the previous frame."
      },
      {
        "timestamp": 11.0,
        "annotation": "The man continues to pour Monster energy drink into the container. The liquid level is rising steadily. No noticeable change from the previous frame."
      },
      {
        "timestamp": 12.0,
        "annotation": "The man continues to pour Monster energy drink into the container. The liquid level is rising steadily. No noticeable change from the previous frame."
      },
      {
        "timestamp": 13.0,
        "annotation": "The man continues to pour Monster energy drink into the container. The liquid level is rising steadily. No noticeable change from the previous frame."
      },
      {
        "timestamp": 14.0,
        "annotation": "The man continues to pour Monster energy drink into the container. The liquid level is rising steadily. No noticeable change from the previous frame."
      },
      {
        "timestamp": 15.0,
        "annotation": "The man continues to pour Monster energy drink into the container. The liquid level is rising steadily. No noticeable change from the previous frame."
      },
      {
        "timestamp": 16.0,
        "annotation": "The man continues to pour Monster energy drink into the container. The liquid level is rising steadily. No noticeable change from the previous frame."
      },
      {
        "timestamp": 17.0,
        "annotation": "The man continues to pour Monster energy drink into the container. The liquid level is rising steadily. No noticeable change from the previous frame."
      },
      {
        "timestamp": 18.0,
        "annotation": "The man continues to pour Monster energy drink into the container. The liquid level is rising steadily. No noticeable change from the previous frame."
      },
      {
        "timestamp": 19.0,
        "annotation": "The man continues to pour Monster energy drink into the container. The liquid level is rising steadily. No noticeable change from the previous frame."
      },
      {
        "timestamp": 20.0,
        "annotation": "The man continues to pour Monster energy drink into the container. The liquid level is rising steadily. No noticeable change from the previous frame."
      },
      {
        "timestamp": 21.0,
        "annotation": "The man continues to pour Monster energy drink into the container. The liquid level is rising steadily. No noticeable change from the previous frame."
      },
      {
        "timestamp": 22.0,
        "annotation": "The man continues to pour Monster energy drink into the container. The liquid level is rising steadily. No noticeable change from the previous frame."
      },
      {
        "timestamp": 23.0,
        "annotation": "The man continues to pour Monster energy drink into the container. The liquid level is rising steadily. No noticeable change from the previous frame."
      },
      {
        "timestamp": 24.0,
        "annotation": "The man continues to pour Monster energy drink into the container. The liquid level is rising steadily. No noticeable change from the previous frame."
      },
      {
        "timestamp": 25.0,
        "annotation": "The man continues to pour Monster energy drink into the container. The liquid level is rising steadily. No noticeable change from the previous frame."
      },
      {
        "timestamp": 26.0,
        "annotation": "The man continues to pour Monster energy drink into the container. The liquid level is rising steadily. No noticeable change from the previous frame."
      },
      {
        "timestamp": 27.0,
        "annotation": "The man continues to pour Monster energy drink into the container. The liquid level is rising steadily. No noticeable change from the previous frame."
      },
      {
        "timestamp": 28.0,
        "annotation": "The man continues to pour Monster energy drink into the container. The liquid level is rising steadily. No noticeable change from the previous frame."
      },
      {
        "timestamp": 29.0,
        "annotation": "The man continues to pour Monster energy drink into the container. The liquid level is rising steadily. No noticeable change from the previous frame."
      },
      {
        "timestamp": 30.0,
        "annotation": "The man continues to pour Monster energy drink into the container. The liquid level is rising steadily. No noticeable change from the previous frame."
      },
      {
        "timestamp": 31.0,
        "annotation": "The man continues to pour Monster energy drink into the container. The liquid level is rising steadily. No noticeable change from the previous frame."
      },
      {
        "timestamp": 32.0,
        "annotation": "The man continues to pour Monster energy drink into the container. The liquid level is rising steadily. No noticeable change from the previous frame."
      },
      {
        "timestamp": 33.0,
        "annotation": "The man continues to pour Monster energy drink into the container. The liquid level is rising steadily. No noticeable change from the previous frame."
      },
      {
        "timestamp": 34.0,
        "annotation": "The man continues to pour Monster energy drink into the container. The liquid level is rising steadily. No noticeable change from the previous frame."
      },
      {
        "timestamp": 35.0,
        "annotation": "The man continues to pour Monster energy drink into the container. The liquid level is rising steadily. No noticeable change from the previous frame."
      },
      {
        "timestamp": 36.0,
        "annotation": "The man continues to pour Monster energy drink into the container. The liquid level is rising steadily. No noticeable change from the previous frame."
      },
      {
        "timestamp": 37.0,
        "annotation": "The man continues to pour Monster energy drink into the container. The liquid level is rising steadily. No noticeable change from the previous frame."
      },
      {
        "timestamp": 38.0,
        "annotation": "The man continues to pour Monster energy drink into the container. The liquid level is rising steadily. No noticeable change from the previous frame."
      },
      {
        "timestamp": 39.0,
        "annotation": "The man continues to pour Monster energy drink into the container. The liquid level is rising steadily. No noticeable change from the previous frame."
      },
      {
        "timestamp": 40.0,
        "annotation": "The man continues to pour Monster energy drink into the container. The liquid level is rising steadily. No noticeable change from the previous frame."
      },
      {
        "timestamp": 41.0,
        "annotation": "The man continues to pour Monster energy drink into the container. The liquid level is rising steadily. No noticeable change from the previous frame."
      },
      {
        "timestamp": 42.0,
        "annotation": "The man continues to pour Monster energy drink into the container. The liquid level is rising steadily. No noticeable change from the previous frame."
      },
      {
        "timestamp": 43.0,
        "annotation": "The man continues to pour Monster energy drink into the container. The liquid level is rising steadily. No noticeable change from the previous frame."
      },
      {
        "timestamp": 44.0,
        "annotation": "The man continues to pour Monster energy drink into the container. The liquid level is rising steadily. No noticeable change from the previous frame."
      },
      {
        "timestamp": 45.0,
        "annotation": "The man continues to pour Monster energy drink into the container. The liquid level is rising steadily. No noticeable change from the previous frame."
      },
      {
        "timestamp": 46.0,
        "annotation": "The man continues to pour Monster energy drink into the container. The liquid level is rising steadily. No noticeable change from the previous frame."
      }
    ],
    "whole_video_annotation": "In the video, a man is conducting an experiment involving nails and different liquids. Here's a brief description of the sequence of events:\n\nThe man starts by standing on a wooden plank outdoors, holding a glass container and a hammer. He then fills two glass containers with water and inserts two nails into each container, positioning them vertically. Next, he pours white vinegar into both containers, submerging the nails completely. After observing the reaction between the vinegar and the nails, he proceeds to pour a Monster energy drink into one of the containers, gradually filling it.\n\nThe experiment seems to be focused on observing the chemical reactions between the nails and the different liquids (water, vinegar, and Monster energy drink).\n\nRegarding the question about the number of nails used:\n\nThe man inserts two nails into each of the two glass containers. Therefore, the total number of nails used is 4.\n\nSince none of the provided options (A. 2, B. 10, C. 14, D. 6) match the correct number of nails (4), it appears there might be an error in the options presented.",
    "annotations_summary": "### Summary of the Video Descriptions\n\n**Frame-Level Descriptions:**\nThe video shows a man conducting an experiment outdoors. Initially, he stands on a wooden plank with a glass container and a hammer. He fills two glass containers with water and inserts two nails vertically into each container. He then pours white vinegar into both containers, submerging the nails completely. After observing the reaction between the vinegar and the nails, he pours a Monster energy drink into one of the containers, gradually filling it. The experiment appears to focus on observing the chemical reactions between the nails and the different liquids.\n\n**Video-Level Description:**\nThe man starts by standing on a wooden plank outdoors, holding a glass container and a hammer. He fills two glass containers with water and inserts two nails into each container. He then pours white vinegar into both containers, submerging the nails completely. After observing the reaction, he pours a Monster energy drink into one of the containers, gradually filling it. The experiment is designed to observe the chemical reactions between the nails and the different liquids (water, vinegar, and Monster energy drink).\n\n**Number of Nails Used:**\nThe man inserts two nails into each of the two glass containers, making a total of 4 nails used in the experiment. None of the provided options (A. 2, B. 10, C. 14, D. 6) match the correct number of nails (4), indicating a possible error in the options presented."
  }
}