{
  "qid": "0466-7",
  "video_id": "_TrCxTyakH0",
  "video_path": "videos\\0466__TrCxTyakH0.mp4",
  "main_question": "How many optical illusion images are shown in the video?\nA. 5\nB. 6\nC. 4\nD. 7",
  "sub_questions": "To better understand the video and determine the number of optical illusion images shown, consider the following sub-questions:\n\n1. **Can you describe the content of the video?**\n   - What is the duration of the video?\n   - What is the general theme or subject matter of the video?\n\n2. **How are the optical illusions presented in the video?**\n   - Are the optical illusions shown one by one, or are they part of a sequence or montage?\n   - Is there any narration or text that accompanies the optical illusions?\n\n3. **Are there any visual cues or transitions that indicate the start of a new optical illusion?**\n   - Do the optical illusions appear in a specific order or pattern?\n   - Are there any distinct visual or auditory signals that mark the beginning or end of each optical illusion?",
  "annotations": {
    "frame_annotations": [
      {
        "timestamp": 0.0,
        "annotation": "A man is captured mid-air while performing a jump off a diving board into a pool. There are people sitting by the pool, and a house is visible in the background. The image has text overlays: 'THIS IS WHY WOMEN LIVE LONGER THAN MEN'."
      },
      {
        "timestamp": 1.0,
        "annotation": "The man is still in mid-air, slightly higher than in the previous frame. The background and other elements remain the same.",
        "change": "The man's position is slightly higher."
      },
      {
        "timestamp": 2.0,
        "annotation": "The man is still in mid-air, but slightly lower than in the previous frame. The background and other elements remain the same.",
        "change": "The man's position is slightly lower."
      },
      {
        "timestamp": 3.0,
        "annotation": "The man is still in mid-air, but slightly lower than in the previous frame. The background and other elements remain the same.",
        "change": "The man's position is slightly lower."
      },
      {
        "timestamp": 4.0,
        "annotation": "The man is still in mid-air, but slightly lower than in the previous frame. The background and other elements remain the same.",
        "change": "The man's position is slightly lower."
      },
      {
        "timestamp": 5.0,
        "annotation": "The man is still in mid-air, but slightly lower than in the previous frame. The background and other elements remain the same.",
        "change": "The man's position is slightly lower."
      },
      {
        "timestamp": 6.0,
        "annotation": "A seagull is standing on a wet pavement near a body of water. A person is walking in the background.",
        "change": "The scene has changed to a seagull on a wet pavement."
      },
      {
        "timestamp": 7.0,
        "annotation": "The seagull is still standing in the same position. The walking person is slightly closer.",
        "change": "The walking person is slightly closer."
      },
      {
        "timestamp": 8.0,
        "annotation": "The seagull is still standing in the same position. The walking person is slightly closer.",
        "change": "The walking person is slightly closer."
      },
      {
        "timestamp": 9.0,
        "annotation": "An airplane is captured in flight with the sun positioned directly behind it, creating an optical illusion where the plane appears to be carrying the sun. The landscape below is visible.",
        "change": "The scene has changed to an airplane flying with the sun behind it."
      },
      {
        "timestamp": 10.0,
        "annotation": "An airplane is captured in flight with the sun positioned directly behind it, creating an optical illusion where the plane appears to be carrying the sun. The landscape below is visible.",
        "change": "The scene has changed to an airplane flying with the sun behind it."
      },
      {
        "timestamp": 11.0,
        "annotation": "The airplane continues to fly with the sun directly behind it, maintaining the optical illusion. The landscape below remains visible.",
        "change": "No noticeable change from the previous frame."
      },
      {
        "timestamp": 12.0,
        "annotation": "The airplane is still in flight with the sun behind it, keeping the optical illusion intact. The landscape below is consistent.",
        "change": "No noticeable change from the previous frame."
      },
      {
        "timestamp": 13.0,
        "annotation": "The airplane persists in its flight with the sun behind it, continuing the optical illusion. The landscape below is unchanged.",
        "change": "No noticeable change from the previous frame."
      },
      {
        "timestamp": 14.0,
        "annotation": "The airplane remains in flight with the sun positioned directly behind it, sustaining the optical illusion. The landscape below is visible.",
        "change": "No noticeable change from the previous frame."
      },
      {
        "timestamp": 15.0,
        "annotation": "The airplane continues its flight with the sun behind it, maintaining the optical illusion. The landscape below is consistent.",
        "change": "No noticeable change from the previous frame."
      },
      {
        "timestamp": 16.0,
        "annotation": "The airplane is still in flight with the sun directly behind it, keeping the optical illusion. The landscape below remains visible.",
        "change": "No noticeable change from the previous frame."
      },
      {
        "timestamp": 17.0,
        "annotation": "The airplane persists in its flight with the sun behind it, continuing the optical illusion. The landscape below is unchanged.",
        "change": "No noticeable change from the previous frame."
      },
      {
        "timestamp": 18.0,
        "annotation": "The airplane remains in flight with the sun positioned directly behind it, sustaining the optical illusion. The landscape below is visible.",
        "change": "No noticeable change from the previous frame."
      },
      {
        "timestamp": 19.0,
        "annotation": "The airplane continues its flight with the sun behind it, maintaining the optical illusion. The landscape below is consistent.",
        "change": "No noticeable change from the previous frame."
      },
      {
        "timestamp": 20.0,
        "annotation": "The Statue of Liberty is silhouetted against a sunset with the sun low on the horizon. The sky features contrails from airplanes, creating an optical illusion."
      }
    ],
    "whole_video_annotation": "The video appears to be a compilation of various scenes that create optical illusions or interesting visual effects. Here's a short general description:\n\nThe video begins with a man diving off a diving board into a pool, with a humorous text overlay suggesting a commentary on gender longevity. This segment lasts for the first five seconds. Following this, there is a brief scene of a seagull standing on a wet pavement near a body of water, with a person walking in the background. The majority of the video, from the ninth second to the twentieth second, features an airplane in flight with the sun positioned directly behind it, creating an optical illusion where the plane appears to be carrying the sun. The final frame shows the Statue of Liberty silhouetted against a sunset with contrails from airplanes, creating another optical illusion.\n\nTo answer the user's question: There are 3 optical illusion images shown in the video. The airplane with the sun behind it (frames 9 to 19) counts as one optical illusion, and the Statue of Liberty with contrails (frame 20) counts as another. Therefore, the correct answer is not listed among the options provided.",
    "annotations_summary": "The video is a compilation of various scenes that create optical illusions or interesting visual effects. Here's a brief summary:\n\n1. **Diving Scene (0-5 seconds)**:\n   - A man is seen diving off a diving board into a pool.\n   - There are people sitting by the pool, and a house is visible in the background.\n   - A humorous text overlay reads: 'THIS IS WHY WOMEN LIVE LONGER THAN MEN'.\n\n2. **Seagull Scene (6-8 seconds)**:\n   - A seagull stands on a wet pavement near a body of water.\n   - A person is walking in the background.\n\n3. **Airplane Optical Illusion (9-19 seconds)**:\n   - An airplane is captured in flight with the sun positioned directly behind it, creating an optical illusion where the plane appears to be carrying the sun.\n   - The landscape below remains visible throughout this segment.\n\n4. **Statue of Liberty Optical Illusion (20 seconds)**:\n   - The Statue of Liberty is silhouetted against a sunset with the sun low on the horizon.\n   - Contrails from airplanes create an optical illusion in the sky.\n\nThe video features three distinct optical illusions: the airplane with the sun behind it, the Statue of Liberty with contrails, and the humorous text overlay during the diving scene."
  }
}