{
  "qid": "0468-1",
  "video_id": "Se8JkJUt7YE",
  "video_path": "videos\\0468_Se8JkJUt7YE.mp4",
  "main_question": "Who was able to walk down the stairs successfully in the video?\n",
  "sub_questions": "To better understand the video and answer the main question, consider the following sub-questions:\n\n1. **Who are the individuals featured in the video?**\n   - Understanding who is involved will help identify who is attempting to walk down the stairs.\n\n2. **What is the context or setting of the video?**\n   - Knowing the context can provide insights into any challenges or conditions that might affect someone's ability to walk down the stairs.\n\n3. **Are there any notable events or actions that occur before the individuals attempt to walk down the stairs?**\n   - This can help determine if there are any factors that might influence their success, such as preparation, assistance, or obstacles.",
  "annotations": {
    "frame_annotations": [
      {
        "timestamp": 0.0,
        "annotation": "The video starts with a close-up view of a carpeted staircase. The carpet has a whirlpool effect, and the perspective is from the top of the stairs looking down. The text overlay reads: 'So I tried to walk down the stairs with the whirlpool effect on...' with two laughing emojis."
      },
      {
        "timestamp": 1.0,
        "annotation": "The view remains focused on the whirlpool-patterned carpet. The perspective is slightly lower, showing more of the staircase. The text overlay is the same as in the previous frame."
      },
      {
        "timestamp": 2.0,
        "annotation": "The perspective has shifted slightly downward, revealing more of the staircase. The whirlpool pattern on the carpet is more visible. The text overlay remains unchanged."
      },
      {
        "timestamp": 3.0,
        "annotation": "The view continues to move downward, showing additional steps of the staircase. The whirlpool effect on the carpet is prominent. The text overlay is consistent with the previous frames."
      },
      {
        "timestamp": 4.0,
        "annotation": "The perspective has shifted further down the staircase. More steps are visible, and the whirlpool pattern is clearly seen. The text overlay remains the same."
      },
      {
        "timestamp": 5.0,
        "annotation": "The view is now closer to the bottom of the staircase. The whirlpool effect on the carpet is still visible. The text overlay is unchanged."
      },
      {
        "timestamp": 6.0,
        "annotation": "The perspective is at the bottom of the staircase. The entire staircase with the whirlpool-patterned carpet is visible. The text overlay remains consistent."
      },
      {
        "timestamp": 7.0,
        "annotation": "The view is from the bottom of the staircase looking up. The whirlpool effect on the carpet is visible from this angle. The text overlay is the same as in the previous frames."
      },
      {
        "timestamp": 8.0,
        "annotation": "The perspective remains at the bottom of the staircase. The whirlpool pattern on the carpet is clearly seen. The text overlay is unchanged."
      },
      {
        "timestamp": 9.0,
        "annotation": "The view is slightly blurred, focusing on the whirlpool-patterned carpet. The text overlay reads: 'So I tried to walk down the stairs with the whirlpool effect on...' with two laughing emojis."
      },
      {
        "timestamp": 10.0,
        "annotation": "The view is slightly blurred, focusing on the whirlpool-patterned carpet. The text overlay reads: 'So I tried to walk down the stairs with the whirlpool effect on...' with two laughing emojis. The person's feet are visible at the bottom of the frame, starting to descend the stairs."
      },
      {
        "timestamp": 11.0,
        "annotation": "The view remains slightly blurred, focusing on the whirlpool-patterned carpet. The person's feet are more visible as they begin to step down onto the first stair. The text overlay is still present."
      },
      {
        "timestamp": 12.0,
        "annotation": "The view is still slightly blurred, focusing on the whirlpool-patterned carpet. The person's feet are more clearly visible as they continue to descend the stairs. The text overlay is still present."
      },
      {
        "timestamp": 13.0,
        "annotation": "The view is slightly blurred, focusing on the whirlpool-patterned carpet. The person's feet are visible as they navigate the whirlpool pattern, appearing to struggle slightly. The text overlay is still present."
      },
      {
        "timestamp": 14.0,
        "annotation": "The view is slightly blurred, focusing on the whirlpool-patterned carpet. The person's feet are visible as they continue to descend, the whirlpool pattern making it challenging. The text overlay is still present."
      },
      {
        "timestamp": 15.0,
        "annotation": "The view is slightly blurred, focusing on the whirlpool-patterned carpet. The person's feet are visible as they navigate the stairs, the whirlpool pattern causing some difficulty. The text overlay is still present."
      },
      {
        "timestamp": 16.0,
        "annotation": "The view is slightly blurred, focusing on the whirlpool-patterned carpet. The person's feet are visible as they continue to descend, the whirlpool pattern making it challenging. The text overlay is still present."
      },
      {
        "timestamp": 17.0,
        "annotation": "The view is slightly blurred, focusing on the whirlpool-patterned carpet. The person's feet are visible as they navigate the stairs, the whirlpool pattern causing some difficulty. The text overlay is still present."
      },
      {
        "timestamp": 18.0,
        "annotation": "The view is slightly blurred, focusing on the whirlpool-patterned carpet. The person's feet are visible as they continue to descend, the whirlpool pattern making it challenging. The text overlay is still present."
      },
      {
        "timestamp": 19.0,
        "annotation": "The view is slightly blurred, focusing on the whirlpool-patterned carpet. The person's feet are visible as they navigate the stairs, the whirlpool pattern causing some difficulty. The text overlay is still present."
      },
      {
        "timestamp": 20.0,
        "annotation": "The view is slightly blurred, focusing on the whirlpool-patterned carpet. The person's feet are visible as they navigate the stairs, the whirlpool pattern causing some difficulty. The text overlay is still present. No noticeable change from the previous frame."
      },
      {
        "timestamp": 21.0,
        "annotation": "The person's feet are still visible on the stairs, continuing to navigate the whirlpool-patterned carpet. The view remains slightly blurred. The text overlay is still present. The person's right foot is slightly more forward compared to the previous frame, indicating movement down the stairs."
      },
      {
        "timestamp": 22.0,
        "annotation": "The person's feet are still on the stairs, with the right foot slightly more advanced than in the previous frame. The whirlpool pattern of the carpet is still prominent, and the view is slightly blurred. The text overlay is still present. The person's left foot is now more visible, suggesting continued descent."
      },
      {
        "timestamp": 23.0,
        "annotation": "The person's feet are still navigating the stairs, with both feet visible on the whirlpool-patterned carpet. The view remains slightly blurred, and the text overlay is still present. The person's right foot is now more forward, indicating further progress down the stairs."
      },
      {
        "timestamp": 24.0,
        "annotation": "The person's feet are still on the stairs, with the right foot further ahead than in the previous frame. The whirlpool pattern of the carpet is still visible, and the view is slightly blurred. The text overlay is still present. The person appears to be successfully navigating the stairs despite the challenging pattern."
      }
    ],
    "whole_video_annotation": "The video shows a person attempting to walk down a staircase with a whirlpool-patterned carpet. The perspective shifts from the top to the bottom of the staircase, highlighting the challenging pattern of the carpet. The person's feet are visible as they navigate the stairs, and the text overlay indicates that the person is trying to walk down the stairs with the whirlpool effect on, accompanied by laughing emojis. The person appears to struggle slightly due to the pattern but continues to make progress down the stairs.\n\nIn response to the user's question: \"Who was able to walk down the stairs successfully in the video?\" The person in the video is able to walk down the stairs successfully, despite the challenging whirlpool pattern on the carpet.",
    "annotations_summary": "The video depicts a person attempting to walk down a staircase with a whirlpool-patterned carpet. The perspective of the video shifts from the top to the bottom of the staircase, emphasizing the intricate and challenging design of the carpet. Throughout the video, the person's feet are visible as they navigate the stairs, and a text overlay indicates that the person is trying to walk down the stairs with the whirlpool effect on, accompanied by laughing emojis. Despite some initial struggles due to the pattern, the person successfully makes their way down the stairs."
  }
}