{
  "qid": "0500-1",
  "video_id": "nBaWVmaLh1A",
  "video_path": "videos\\0500_nBaWVmaLh1A.mp4",
  "main_question": "What is the total number of ping-pong balls shown in the video?",
  "sub_questions": "To better understand the video and accurately determine the total number of ping-pong balls shown, consider the following sub-questions:\n\n1. **Are the ping-pong balls shown all at once or in separate scenes?**\n   - This will help in identifying whether the balls are counted in a single frame or need to be summed across multiple scenes.\n\n2. **Are there any specific markers or indicators in the video that signify the start and end of counting the ping-pong balls?**\n   - This can include visual cues like a change in background, a voiceover, or text on the screen that indicates when the counting begins and ends.\n\n3. **Do the ping-pong balls move or change position throughout the video?**\n   - Understanding the movement or positioning of the balls can help in ensuring that each ball is counted only once and that none are missed.",
  "annotations": {
    "frame_annotations": [
      {
        "timestamp": 0.0,
        "annotation": "A person is standing on a tennis court, preparing to hit a tennis ball. The ball is in mid-air, approaching the person."
      },
      {
        "timestamp": 0.97,
        "annotation": "The tennis ball is very close to the person, who appears ready to hit it. No significant change from the previous frame."
      },
      {
        "timestamp": 1.94,
        "annotation": "The person has hit the tennis ball, which is now in mid-air, moving away from the person. Noticeable change: the ball is now farther from the person."
      },
      {
        "timestamp": 2.9,
        "annotation": "The tennis ball is higher in the air and farther from the person. Noticeable change: the ball's position has significantly changed."
      },
      {
        "timestamp": 3.87,
        "annotation": "The person is no longer visible. The scene has changed to an indoor setting with a person sitting on a couch and another person's legs in a salon chair in the foreground. Noticeable change: complete change of scene and setting."
      },
      {
        "timestamp": 4.84,
        "annotation": "The person in the salon chair is now holding a small white object in their hand. Noticeable change: the person is now holding an object."
      },
      {
        "timestamp": 5.81,
        "annotation": "The person in the salon chair is now holding a clear plastic bottle. Noticeable change: the object has changed from a small white item to a clear plastic bottle."
      },
      {
        "timestamp": 6.77,
        "annotation": "The scene has changed again. A person is standing on a snowy surface near a building, and a soccer ball is in mid-air. Noticeable change: complete change of scene and setting."
      },
      {
        "timestamp": 7.74,
        "annotation": "The soccer ball is closer to the person, who appears to be preparing to interact with it. Noticeable change: the ball is closer to the person."
      },
      {
        "timestamp": 8.71,
        "annotation": "The soccer ball is now between two vertical poles, and the person is in the background. Noticeable change: the ball's position has changed, and it is now between the poles."
      },
      {
        "timestamp": 9.68,
        "annotation": "A person is holding a ping-pong ball in their hand above a bottle. Noticeable change: The scene has changed from a soccer ball between poles to a person holding a ping-pong ball."
      },
      {
        "timestamp": 10.64,
        "annotation": "The person is now juggling two ping-pong balls in the air. Noticeable change: An additional ping-pong ball has appeared, and the person is juggling."
      },
      {
        "timestamp": 11.61,
        "annotation": "The person continues to juggle the two ping-pong balls. Noticeable change: The position of the balls has slightly changed as they move in the air."
      },
      {
        "timestamp": 12.58,
        "annotation": "The person is still juggling the two ping-pong balls. Noticeable change: The balls are in different positions compared to the previous frame."
      },
      {
        "timestamp": 13.55,
        "annotation": "The person is juggling the two ping-pong balls. Noticeable change: The balls are in yet different positions as the juggling continues."
      },
      {
        "timestamp": 14.51,
        "annotation": "The person is juggling the two ping-pong balls. Noticeable change: The balls are in different positions compared to the previous frame."
      },
      {
        "timestamp": 15.48,
        "annotation": "The person is juggling the two ping-pong balls. Noticeable change: The balls are in different positions as the juggling continues."
      },
      {
        "timestamp": 16.45,
        "annotation": "The person is juggling the two ping-pong balls. Noticeable change: The balls are in different positions compared to the previous frame."
      },
      {
        "timestamp": 17.42,
        "annotation": "The person is juggling the two ping-pong balls. Noticeable change: The balls are in different positions as the juggling continues."
      },
      {
        "timestamp": 18.39,
        "annotation": "The scene has changed to a person sitting on the floor in a room with wooden planks and a dartboard. Noticeable change: The scene has shifted from outdoor juggling to an indoor setting with no ping-pong balls visible."
      },
      {
        "timestamp": 19.35,
        "annotation": "The scene shows a person sitting on the floor in a room with wooden planks and a dartboard. Noticeable change: No change from the previous frame."
      },
      {
        "timestamp": 20.32,
        "annotation": "The scene shows a person sitting on the floor in a room with wooden planks and a dartboard. Noticeable change: No change from the previous frame."
      },
      {
        "timestamp": 21.29,
        "annotation": "The scene shows a person sitting on the floor in a room with wooden planks and a dartboard. Noticeable change: No change from the previous frame."
      },
      {
        "timestamp": 22.26,
        "annotation": "The scene shows a person sitting on the floor in a room with wooden planks and a dartboard. Noticeable change: No change from the previous frame."
      },
      {
        "timestamp": 23.22,
        "annotation": "The scene shows a person sitting on the floor in a room with wooden planks and a dartboard. Noticeable change: No change from the previous frame."
      },
      {
        "timestamp": 24.19,
        "annotation": "The scene shows a person sitting on the floor in a room with wooden planks and a dartboard. Noticeable change: No change from the previous frame."
      },
      {
        "timestamp": 25.16,
        "annotation": "The scene shows a person sitting on the floor in a room with wooden planks and a dartboard. Noticeable change: No change from the previous frame."
      },
      {
        "timestamp": 26.13,
        "annotation": "The scene shows a person sitting on the floor in a room with wooden planks and a dartboard. Noticeable change: No change from the previous frame."
      },
      {
        "timestamp": 27.09,
        "annotation": "The scene shows a person sitting on the floor in a room with wooden planks and a dartboard. Noticeable change: No change from the previous frame."
      },
      {
        "timestamp": 28.06,
        "annotation": "The scene shows a person sitting on the floor in a room with wooden planks and a dartboard. Noticeable change: No change from the previous frame."
      },
      {
        "timestamp": 29.03,
        "annotation": "The scene shows two people standing on a grassy field with a large red and yellow ring suspended in the air. There are two ping-pong balls on the ground in front of them. Noticeable change: The scene changes from indoors to outdoors."
      },
      {
        "timestamp": 30.0,
        "annotation": "The two people are now in motion, likely kicking or moving the ping-pong balls towards the ring. Noticeable change: The people and balls are in motion compared to the previous frame."
      },
      {
        "timestamp": 30.96,
        "annotation": "The two ping-pong balls are now in mid-air, moving towards the ring. Noticeable change: The balls are now airborne."
      },
      {
        "timestamp": 31.93,
        "annotation": "The two ping-pong balls are passing through the ring. Noticeable change: The balls are now inside the ring."
      },
      {
        "timestamp": 32.9,
        "annotation": "The two ping-pong balls have passed through the ring and are visible on the other side. Noticeable change: The balls have completely passed through the ring."
      }
    ],
    "whole_video_annotation": "The video appears to be a montage of various scenes involving different activities and settings. Here's a brief description of what happens:\n\n1. **Tennis Scene**: A person is playing tennis, hitting a tennis ball.\n2. **Salon Scene**: The scene shifts to an indoor setting where a person is getting a pedicure.\n3. **Snowy Scene**: The scene changes to a snowy outdoor setting where a person is interacting with a soccer ball.\n4. **Ping-Pong Juggling**: The scene shifts to a person juggling two ping-pong balls.\n5. **Dartboard Scene**: The scene changes to a person sitting in a room with a dartboard.\n6. **Outdoor Ring Scene**: The final scene shows two people on a grassy field attempting to kick or move two ping-pong balls through a suspended ring.\n\nRegarding the user's question: \"What is the total number of ping-pong balls shown in the video?\"\n\nThere are a total of **four ping-pong balls** shown in the video:\n- Two ping-pong balls are juggled by a person (Frames 10-18).\n- Two ping-pong balls are on the ground and then kicked through a ring (Frames 30-34).",
    "annotations_summary": "The video is a montage of various scenes involving different activities and settings. Here's a brief summary of the descriptions:\n\n1. **Tennis Scene (0.0s - 2.9s)**:\n   - A person is playing tennis, hitting a tennis ball on a tennis court.\n\n2. **Salon Scene (3.9s - 5.8s)**:\n   - The scene shifts to an indoor setting where one person is sitting on a couch and another is getting a pedicure in a salon chair.\n\n3. **Snowy Scene (6.8s - 8.7s)**:\n   - The scene changes to a snowy outdoor setting where a person is interacting with a soccer ball, which moves between two vertical poles.\n\n4. **Ping-Pong Juggling (9.7s - 17.4s)**:\n   - The scene shifts to a person juggling two ping-pong balls.\n\n5. **Dartboard Scene (18.4s - 29.0s)**:\n   - The scene changes to a person sitting in a room with wooden planks and a dartboard.\n\n6. **Outdoor Ring Scene (29.0s - 32.9s)**:\n   - The final scene shows two people on a grassy field attempting to kick or move two ping-pong balls through a suspended ring.\n\nRegarding the user's question: \"What is the total number of ping-pong balls shown in the video?\"\nThere are a total of **four ping-pong balls** shown in the video:\n- Two ping-pong balls are juggled by a person (Frames 10-18).\n- Two ping-pong balls are on the ground and then kicked through a ring (Frames 30-34)."
  }
}