{
  "qid": "0501-2",
  "video_id": "fyq0pd_pFvE",
  "video_path": "videos\\0501_fyq0pd_pFvE.mp4",
  "main_question": "Does the man in purple have 5 soup dumplings on his plate?",
  "sub_questions": "To better understand the video and answer the main question \"Does the man in purple have 5 soup dumplings on his plate?\", consider the following sub-questions:\n\n1. **Can you clearly see the man in purple and his plate?**\n   - This will help determine if the man and his plate are visible in the video.\n\n2. **How many dumplings are on the man's plate?**\n   - This will provide the specific count of dumplings, which is crucial for answering the main question.\n\n3. **Are the dumplings on the plate soup dumplings?**\n   - This will confirm the type of dumplings, ensuring they are indeed soup dumplings as specified in the main question.",
  "annotations": {
    "frame_annotations": [
      {
        "timestamp": 0.0,
        "annotation": "A man in a purple shirt is holding a tray with several dumplings. He is standing in a kitchen area with other people around. The man in the purple shirt is looking down at the tray."
      },
      {
        "timestamp": 1.0,
        "annotation": "The man in purple is still holding the tray with dumplings. He is now looking up, possibly at someone or something in front of him. No noticeable change in the number of dumplings on the tray."
      },
      {
        "timestamp": 2.0,
        "annotation": "The man in purple is now looking down at the tray again. The dumplings on the tray appear to be the same in number and arrangement as in the previous frames."
      },
      {
        "timestamp": 3.0,
        "annotation": "The man in purple starts to bend down towards the table where two women are seated. The tray with dumplings is still in his hands."
      },
      {
        "timestamp": 4.0,
        "annotation": "The man in purple is placing the tray with dumplings on the table in front of the two women. The number of dumplings on the tray appears to be consistent with previous frames."
      },
      {
        "timestamp": 5.0,
        "annotation": "The man in purple is now standing upright after placing the tray on the table. The two women are looking at the tray of dumplings. No noticeable change in the number of dumplings."
      },
      {
        "timestamp": 6.0,
        "annotation": "The man in purple is now sitting down at the table with the two women. He is looking at the tray of dumplings. The number of dumplings on the tray remains the same."
      },
      {
        "timestamp": 7.0,
        "annotation": "The man in purple is reaching for a dumpling on the tray. The two women are still seated and observing. No noticeable change in the number of dumplings."
      },
      {
        "timestamp": 8.0,
        "annotation": "The man in purple has picked up a dumpling and is bringing it to his mouth. The two women are still seated and watching. No noticeable change in the number of dumplings on the tray."
      },
      {
        "timestamp": 9.0,
        "annotation": "The man in purple is eating the dumpling. The two women are engaged in conversation. The number of dumplings on the tray appears to have decreased by one."
      },
      {
        "timestamp": 10.0,
        "annotation": "The man in purple is still eating the dumpling. The two women are engaged in conversation. The number of dumplings on the tray appears to have decreased by one."
      },
      {
        "timestamp": 11.0,
        "annotation": "The man in purple continues to eat the dumpling. The two women are still engaged in conversation. No noticeable change in the number of dumplings on the tray."
      },
      {
        "timestamp": 12.0,
        "annotation": "The man in purple is still eating the dumpling. The two women are engaged in conversation. No noticeable change in the number of dumplings on the tray."
      },
      {
        "timestamp": 13.0,
        "annotation": "The man in purple is still eating the dumpling. The two women are engaged in conversation. No noticeable change in the number of dumplings on the tray."
      },
      {
        "timestamp": 14.0,
        "annotation": "The man in purple is still eating the dumpling. The two women are engaged in conversation. No noticeable change in the number of dumplings on the tray."
      },
      {
        "timestamp": 15.0,
        "annotation": "The man in purple is still eating the dumpling. The two women are engaged in conversation. No noticeable change in the number of dumplings on the tray."
      },
      {
        "timestamp": 16.0,
        "annotation": "The man in purple is still eating the dumpling. The two women are engaged in conversation. No noticeable change in the number of dumplings on the tray."
      },
      {
        "timestamp": 17.0,
        "annotation": "The man in purple is still eating the dumpling. The two women are engaged in conversation. No noticeable change in the number of dumplings on the tray."
      },
      {
        "timestamp": 18.0,
        "annotation": "The man in purple is still eating the dumpling. The two women are engaged in conversation. No noticeable change in the number of dumplings on the tray."
      },
      {
        "timestamp": 19.0,
        "annotation": "The man in purple is still eating the dumpling. The two women are engaged in conversation. No noticeable change in the number of dumplings on the tray."
      },
      {
        "timestamp": 20.0,
        "annotation": "The man in purple is still eating the dumpling. The two women are engaged in conversation. No noticeable change in the number of dumplings on the tray."
      },
      {
        "timestamp": 21.0,
        "annotation": "The man in purple continues to eat the dumpling. The two women are still engaged in conversation. No noticeable change in the number of dumplings on the tray."
      },
      {
        "timestamp": 22.0,
        "annotation": "The man in purple is still eating the dumpling. The two women are engaged in conversation. No noticeable change in the number of dumplings on the tray."
      },
      {
        "timestamp": 23.0,
        "annotation": "The man in purple is still eating the dumpling. The two women are engaged in conversation. No noticeable change in the number of dumplings on the tray."
      },
      {
        "timestamp": 24.0,
        "annotation": "The man in purple is still eating the dumpling. The two women are engaged in conversation. No noticeable change in the number of dumplings on the tray."
      },
      {
        "timestamp": 25.0,
        "annotation": "The man in purple is still eating the dumpling. The two women are engaged in conversation. No noticeable change in the number of dumplings on the tray."
      },
      {
        "timestamp": 26.0,
        "annotation": "The man in purple is still eating the dumpling. The two women are engaged in conversation. No noticeable change in the number of dumplings on the tray."
      },
      {
        "timestamp": 27.0,
        "annotation": "The man in purple is still eating the dumpling. The two women are engaged in conversation. No noticeable change in the number of dumplings on the tray."
      },
      {
        "timestamp": 28.0,
        "annotation": "The man in purple is still eating the dumpling. The two women are engaged in conversation. No noticeable change in the number of dumplings on the tray."
      },
      {
        "timestamp": 29.0,
        "annotation": "The man in purple is still eating the dumpling. The two women are engaged in conversation. No noticeable change in the number of dumplings on the tray."
      },
      {
        "timestamp": 30.0,
        "annotation": "The man in purple is still eating the dumpling. The two women are engaged in conversation. No noticeable change in the number of dumplings on the tray."
      },
      {
        "timestamp": 31.0,
        "annotation": "The man in purple continues to eat the dumpling. The two women are still engaged in conversation. No noticeable change in the number of dumplings on the tray."
      },
      {
        "timestamp": 32.0,
        "annotation": "The man in purple is still eating the dumpling. The two women are engaged in conversation. No noticeable change in the number of dumplings on the tray."
      },
      {
        "timestamp": 33.0,
        "annotation": "The man in purple is still eating the dumpling. The two women are engaged in conversation. No noticeable change in the number of dumplings on the tray."
      },
      {
        "timestamp": 34.0,
        "annotation": "The man in purple is still eating the dumpling. The two women are engaged in conversation. No noticeable change in the number of dumplings on the tray."
      },
      {
        "timestamp": 35.0,
        "annotation": "The man in purple is still eating the dumpling. The two women are engaged in conversation. No noticeable change in the number of dumplings on the tray."
      },
      {
        "timestamp": 36.0,
        "annotation": "The man in purple is still eating the dumpling. The two women are engaged in conversation. No noticeable change in the number of dumplings on the tray."
      },
      {
        "timestamp": 37.0,
        "annotation": "The man in purple is still eating the dumpling. The two women are engaged in conversation. No noticeable change in the number of dumplings on the tray."
      },
      {
        "timestamp": 38.0,
        "annotation": "The man in purple is still eating the dumpling. The two women are engaged in conversation. No noticeable change in the number of dumplings on the tray."
      },
      {
        "timestamp": 39.0,
        "annotation": "The man in purple is still eating the dumpling. The two women are engaged in conversation. No noticeable change in the number of dumplings on the tray."
      },
      {
        "timestamp": 40.0,
        "annotation": "The man in purple is still eating the dumpling. The two women are engaged in conversation. No noticeable change in the number of dumplings on the tray."
      },
      {
        "timestamp": 41.0,
        "annotation": "The man in purple continues to eat the dumpling. The woman in black is holding a red packet, possibly a condiment or sauce packet. The other woman is still engaged in conversation. No noticeable change in the number of dumplings on the tray."
      },
      {
        "timestamp": 42.0,
        "annotation": "The man in purple is still eating. The woman in black is now opening the red packet. The other woman is still engaged in conversation. No noticeable change in the number of dumplings on the tray."
      },
      {
        "timestamp": 43.0,
        "annotation": "The man in purple is still eating. The woman in black is pouring the contents of the red packet onto the tray. The other woman is still engaged in conversation. No noticeable change in the number of dumplings on the tray."
      },
      {
        "timestamp": 44.0,
        "annotation": "The man in purple is still eating. The woman in black has finished pouring the contents of the red packet onto the tray. The other woman is still engaged in conversation. No noticeable change in the number of dumplings on the tray."
      },
      {
        "timestamp": 45.0,
        "annotation": "The man in purple is still eating. The woman in black is now raising her hand, possibly in a gesture of excitement or surprise. The other woman is still engaged in conversation. No noticeable change in the number of dumplings on the tray."
      },
      {
        "timestamp": 46.0,
        "annotation": "The man in purple is still eating. The woman in black is now standing up, possibly reacting to something. The other woman is still engaged in conversation. No noticeable change in the number of dumplings on the tray."
      }
    ],
    "whole_video_annotation": "The video depicts a man in a purple shirt interacting with a tray of dumplings in a kitchen setting with other people around. Here's a brief description of the sequence of events:\n\n1. **Initial Setup**: The man in the purple shirt is holding a tray with several dumplings. He is initially looking down at the tray and then looks up, possibly at someone or something in front of him.\n2. **Placing the Tray**: He bends down and places the tray of dumplings on a table in front of two women who are seated.\n3. **Eating a Dumpling**: The man sits down at the table and reaches for a dumpling, eventually eating it while the two women engage in conversation.\n4. **Interaction with Condiments**: One of the women holds and opens a red packet, possibly containing a condiment or sauce, and pours its contents onto the tray. She then reacts with a gesture and stands up, possibly in response to something unexpected.\n\nRegarding the specific question: \"Does the man in purple have 5 soup dumplings on his plate?\" The annotations do not provide a specific count of the dumplings on the tray. Therefore, it is not possible to confirm whether there are exactly 5 soup dumplings on the tray based on the given information.",
    "annotations_summary": "### Summary of the Video Descriptions\n\n**Frame-Level Descriptions:**\nThe video shows a man in a purple shirt interacting with a tray of dumplings in a kitchen setting. Initially, he holds the tray and looks down at it, then up at something or someone. He places the tray on a table in front of two seated women. The man then sits down, picks up a dumpling, and eats it while the women converse. One of the women opens a red packet, pours its contents onto the tray, and reacts by standing up.\n\n**Key Events:**\n1. **Initial Setup (0.0s - 2.0s):** The man in purple holds a tray of dumplings and looks down at it, then up.\n2. **Placing the Tray (3.0s - 6.0s):** He bends down and places the tray on a table in front of two women.\n3. **Eating a Dumpling (7.0s - 40.0s):** The man sits down, picks up a dumpling, and eats it while the women converse.\n4. **Interaction with Condiments (41.0s - 46.0s):** One woman opens a red packet, pours its contents onto the tray, and stands up.\n\n**Video-Level Description:**\nThe video depicts a man in a purple shirt interacting with a tray of dumplings in a kitchen setting. He places the tray on a table in front of two women, eats a dumpling, and one of the women interacts with a red packet, possibly containing a condiment, and stands up.\n\n**Specific Question:**\nThe annotations do not provide a specific count of the dumplings on the tray, so it is not possible to confirm whether there are exactly 5 soup dumplings on the tray based on the given information."
  }
}