{
  "qid": "0512-2",
  "video_id": "FkNdEfxYYc4",
  "video_path": "videos\\0512_FkNdEfxYYc4.mp4",
  "main_question": "Did the ping-pong ball hit seven pots at the beginning of the video?",
  "sub_questions": "To better understand the video and answer the main question, consider the following sub-questions:\n\n1. **How many pots are visible at the beginning of the video?**\n   - This will help determine if there are indeed seven pots present for the ping-pong ball to hit.\n\n2. **What is the trajectory of the ping-pong ball at the start of the video?**\n   - Understanding the ball's path can indicate whether it has the potential to hit multiple pots.\n\n3. **Are there any obstacles or distractions that might affect the ball's path at the beginning of the video?**\n   - This can help assess if the ball's movement is straightforward or if there are factors that could influence its interaction with the pots.",
  "annotations": {
    "frame_annotations": [
      {
        "timestamp": 0.0,
        "annotation": "A hand is seen holding a ping-pong ball above a shelf with several black cylindrical objects."
      },
      {
        "timestamp": 1.0,
        "annotation": "The ping-pong ball is seen rolling off a ruler placed on top of stacked boxes. No pots are visible in this frame."
      },
      {
        "timestamp": 2.0,
        "annotation": "The ping-pong ball is in mid-air, moving towards the black cylindrical objects. No pots are visible in this frame."
      },
      {
        "timestamp": 3.0,
        "annotation": "The ping-pong ball is seen bouncing off one of the black cylindrical objects. No pots are visible in this frame."
      },
      {
        "timestamp": 4.0,
        "annotation": "The ping-pong ball is seen bouncing off another black cylindrical object. No pots are visible in this frame."
      },
      {
        "timestamp": 5.0,
        "annotation": "The scene changes to a slingshot setup aimed at a target. No pots are visible in this frame."
      },
      {
        "timestamp": 6.0,
        "annotation": "The slingshot is seen from a different angle, still aimed at the target. No pots are visible in this frame."
      },
      {
        "timestamp": 7.0,
        "annotation": "The slingshot is seen from another angle, with the target visible. No pots are visible in this frame."
      },
      {
        "timestamp": 8.0,
        "annotation": "The slingshot is seen from a lower angle, with the target and some text visible. No pots are visible in this frame."
      },
      {
        "timestamp": 9.0,
        "annotation": "The slingshot is seen from a side angle, with the target and more text visible. No pots are visible in this frame."
      },
      {
        "timestamp": 10.0,
        "annotation": "The slingshot is seen from a side angle, with the target and more text visible. No pots are visible in this frame."
      },
      {
        "timestamp": 11.0,
        "annotation": "The slingshot is seen from a side angle, with the target and more text visible. No pots are visible in this frame. The slingshot is slightly more visible than in the previous frame."
      },
      {
        "timestamp": 12.0,
        "annotation": "The slingshot is seen from a side angle, with the target and more text visible. No pots are visible in this frame. The slingshot is slightly more visible than in the previous frame."
      },
      {
        "timestamp": 13.0,
        "annotation": "The slingshot is seen from a side angle, with the target and more text visible. No pots are visible in this frame. The slingshot is slightly more visible than in the previous frame."
      },
      {
        "timestamp": 14.0,
        "annotation": "The slingshot is seen from a side angle, with the target and more text visible. No pots are visible in this frame. The slingshot is slightly more visible than in the previous frame."
      },
      {
        "timestamp": 15.0,
        "annotation": "The slingshot is seen from a side angle, with the target and more text visible. No pots are visible in this frame. The slingshot is slightly more visible than in the previous frame."
      },
      {
        "timestamp": 16.0,
        "annotation": "The slingshot is seen from a side angle, with the target and more text visible. No pots are visible in this frame. The slingshot is slightly more visible than in the previous frame."
      },
      {
        "timestamp": 17.0,
        "annotation": "The slingshot is seen from a side angle, with the target and more text visible. No pots are visible in this frame. The slingshot is slightly more visible than in the previous frame."
      },
      {
        "timestamp": 18.0,
        "annotation": "The slingshot is seen from a side angle, with the target and more text visible. No pots are visible in this frame. The slingshot is slightly more visible than in the previous frame."
      },
      {
        "timestamp": 19.0,
        "annotation": "The slingshot is seen from a side angle, with the target and more text visible. No pots are visible in this frame. The slingshot is slightly more visible than in the previous frame."
      },
      {
        "timestamp": 20.0,
        "annotation": "The slingshot is seen from a side angle, with the target and more text visible. No pots are visible in this frame. The slingshot is slightly more visible than in the previous frame."
      },
      {
        "timestamp": 21.0,
        "annotation": "The slingshot is seen from a side angle, with the target and more text visible. No pots are visible in this frame. The slingshot is slightly more visible than in the previous frame."
      },
      {
        "timestamp": 22.0,
        "annotation": "The slingshot is seen from a side angle, with the target and more text visible. No pots are visible in this frame. The slingshot is slightly more visible than in the previous frame."
      },
      {
        "timestamp": 23.0,
        "annotation": "The slingshot is seen from a side angle, with the target and more text visible. No pots are visible in this frame. The slingshot is slightly more visible than in the previous frame."
      },
      {
        "timestamp": 24.0,
        "annotation": "The slingshot is seen from a side angle, with the target and more text visible. No pots are visible in this frame. The slingshot is slightly more visible than in the previous frame."
      },
      {
        "timestamp": 25.0,
        "annotation": "The slingshot is seen from a side angle, with the target and more text visible. No pots are visible in this frame. The slingshot is slightly more visible than in the previous frame."
      },
      {
        "timestamp": 26.0,
        "annotation": "The slingshot is seen from a side angle, with the target and more text visible. No pots are visible in this frame. The slingshot is slightly more visible than in the previous frame."
      },
      {
        "timestamp": 27.0,
        "annotation": "The slingshot is seen from a side angle, with the target and more text visible. No pots are visible in this frame. The slingshot is slightly more visible than in the previous frame."
      },
      {
        "timestamp": 28.0,
        "annotation": "The slingshot is seen from a side angle, with the target and more text visible. No pots are visible in this frame. The slingshot is slightly more visible than in the previous frame."
      },
      {
        "timestamp": 29.0,
        "annotation": "The slingshot is seen from a side angle, with the target and more text visible. No pots are visible in this frame. The slingshot is slightly more visible than in the previous frame."
      },
      {
        "timestamp": 30.0,
        "annotation": "The slingshot is seen from a side angle, with the target and more text visible. No pots are visible in this frame. The slingshot is slightly more visible than in the previous frame."
      },
      {
        "timestamp": 31.0,
        "annotation": "The slingshot is seen from a side angle, with the target and more text visible. No pots are visible in this frame. The slingshot is slightly more visible than in the previous frame."
      },
      {
        "timestamp": 32.0,
        "annotation": "The slingshot is seen from a side angle, with the target and more text visible. No pots are visible in this frame. The slingshot is slightly more visible than in the previous frame."
      },
      {
        "timestamp": 33.0,
        "annotation": "The slingshot is seen from a side angle, with the target and more text visible. No pots are visible in this frame. The slingshot is slightly more visible than in the previous frame."
      },
      {
        "timestamp": 34.0,
        "annotation": "The slingshot is seen from a side angle, with the target and more text visible. No pots are visible in this frame. The slingshot is slightly more visible than in the previous frame."
      },
      {
        "timestamp": 35.0,
        "annotation": "The slingshot is seen from a side angle, with the target and more text visible. No pots are visible in this frame. The slingshot is slightly more visible than in the previous frame."
      },
      {
        "timestamp": 36.0,
        "annotation": "The slingshot is seen from a side angle, with the target and more text visible. No pots are visible in this frame. The slingshot is slightly more visible than in the previous frame."
      },
      {
        "timestamp": 37.0,
        "annotation": "The slingshot is seen from a side angle, with the target and more text visible. No pots are visible in this frame. The slingshot is slightly more visible than in the previous frame."
      },
      {
        "timestamp": 38.0,
        "annotation": "The slingshot is seen from a side angle, with the target and more text visible. No pots are visible in this frame. The slingshot is slightly more visible than in the previous frame."
      },
      {
        "timestamp": 39.0,
        "annotation": "The slingshot is seen from a side angle, with the target and more text visible. No pots are visible in this frame. The slingshot is slightly more visible than in the previous frame."
      },
      {
        "timestamp": 40.0,
        "annotation": "The ping-pong ball is seen traveling towards a green target board with numbers and text. The ball is in mid-air, and no pots are visible in this frame. The scene is outdoors with a clear view of the sky and some greenery."
      },
      {
        "timestamp": 41.0,
        "annotation": "The ping-pong ball continues its trajectory towards the target board. The ball is still in mid-air, and no pots are visible. The background remains the same with the outdoor setting."
      },
      {
        "timestamp": 42.0,
        "annotation": "The ping-pong ball is closer to the target board. The ball is still in mid-air, and no pots are visible. The scene remains consistent with the previous frames."
      },
      {
        "timestamp": 43.0,
        "annotation": "The ping-pong ball is about to reach the target board. The ball is still in mid-air, and no pots are visible. The outdoor setting is unchanged."
      },
      {
        "timestamp": 44.0,
        "annotation": "The ping-pong ball hits the target board. The ball makes contact with the board, and no pots are visible. The scene remains the same."
      },
      {
        "timestamp": 45.0,
        "annotation": "The ping-pong ball is seen bouncing off the target board. The ball is in mid-air again, and no pots are visible. The background is consistent with previous frames."
      },
      {
        "timestamp": 46.0,
        "annotation": "The ping-pong ball continues to move away from the target board. The ball is still in mid-air, and no pots are visible. The outdoor setting remains the same."
      },
      {
        "timestamp": 47.0,
        "annotation": "The ping-pong ball is further away from the target board. The ball is still in mid-air, and no pots are visible. The scene is consistent with the previous frames."
      },
      {
        "timestamp": 48.0,
        "annotation": "The ping-pong ball is seen traveling away from the target board. The ball is still in mid-air, and no pots are visible. The outdoor setting remains unchanged."
      }
    ],
    "whole_video_annotation": "The video appears to be a sequence of two distinct scenes:\n\n1. **Initial Scene (0.00 to 4.00 seconds):** A hand is seen holding a ping-pong ball above a shelf with several black cylindrical objects. The ball is then rolled off a ruler placed on top of stacked boxes and bounces off two of the black cylindrical objects.\n\n2. **Slingshot Scene (5.00 to 48.00 seconds):** The scene changes to a slingshot setup aimed at a target. The slingshot is shown from various angles, and eventually, the ping-pong ball is seen traveling towards a green target board outdoors. The ball hits the target board and bounces off, continuing to move away from it.\n\nRegarding the user's question: \"Did the ping-pong ball hit seven pots at the beginning of the video?\" Based on the provided frames, there are no pots visible in the video. The ping-pong ball interacts with black cylindrical objects and a target board, but no pots are present.",
    "annotations_summary": "### Summary of the Video Descriptions\n\nThe video consists of two distinct scenes:\n\n1. **Initial Scene (0.00 to 4.00 seconds):**\n   - A hand holds a ping-pong ball above a shelf with several black cylindrical objects.\n   - The ball is rolled off a ruler placed on top of stacked boxes.\n   - The ball bounces off two of the black cylindrical objects.\n\n2. **Slingshot Scene (5.00 to 48.00 seconds):**\n   - The scene transitions to a slingshot setup aimed at a target.\n   - The slingshot is shown from various angles.\n   - The ping-pong ball is launched towards a green target board outdoors.\n   - The ball hits the target board and bounces off, continuing to move away from it.\n\n### Key Points:\n- **Objects Involved:** Ping-pong ball, black cylindrical objects, ruler, stacked boxes, slingshot, target board.\n- **No Pots Visible:** Throughout the video, no pots are visible in any frame.\n- **Outdoor Setting:** The latter part of the video takes place outdoors with a clear view of the sky and some greenery.\n\n### User's Question:\n- **Did the ping-pong ball hit seven pots at the beginning of the video?**\n  - **Answer:** No, the ping-pong ball did not hit any pots. There are no pots visible in the video. The ball interacts with black cylindrical objects and a target board."
  }
}