{
  "qid": "0520-2",
  "video_id": "SdvMPe6XF7w",
  "video_path": "videos\\0520_SdvMPe6XF7w.mp4",
  "main_question": "Do the letters 'I,' 'V,' and 'W' need only one person each to form in the video?",
  "sub_questions": "To better understand the video and address the main question, consider the following sub-questions:\n\n1. **What are the specific instructions or rules provided in the video for forming the letters 'I,' 'V,' and 'W'?**\n   - Understanding the rules will help determine if the formation of these letters requires one person or more.\n\n2. **Are there any visual examples or demonstrations in the video showing how the letters 'I,' 'V,' and 'W' are formed?**\n   - Observing the demonstrations can provide clarity on the number of people needed for each letter.\n\n3. **Does the video mention any constraints or limitations regarding the number of people that can be used to form each letter?**\n   - Knowing any constraints will help in assessing whether one person is sufficient or if more are required.",
  "annotations": {
    "frame_annotations": [
      {
        "timestamp": 0.0,
        "annotation": "Two individuals are standing side by side facing forward. No noticeable change from the previous frame as this is the first frame."
      },
      {
        "timestamp": 1.0,
        "annotation": "The two individuals are now forming the letter 'A' by bending at the waist and touching their feet to each other's hands. Noticeable change: Both individuals have bent forward and are interacting with each other."
      },
      {
        "timestamp": 2.0,
        "annotation": "A third person has joined, and they are now forming the letter 'B'. The new person is supporting the second individual who is lifting their leg. Noticeable change: Addition of a third person and a new formation."
      },
      {
        "timestamp": 3.0,
        "annotation": "The formation of the letter 'B' continues with the third person now lifting the second individual higher. Noticeable change: The second individual's leg is lifted higher."
      },
      {
        "timestamp": 4.0,
        "annotation": "The letter 'B' is fully formed with the second individual's leg extended horizontally. Noticeable change: The second individual's leg is now fully extended."
      },
      {
        "timestamp": 5.0,
        "annotation": "The two original individuals are now forming the letter 'C'. The second individual is kneeling and supporting the first individual who is bending forward. Noticeable change: The third person has left the frame, and a new formation has begun."
      },
      {
        "timestamp": 6.0,
        "annotation": "The letter 'C' is further developed with the first individual bending further forward and the second individual supporting her. Noticeable change: The first individual is bending further forward."
      },
      {
        "timestamp": 7.0,
        "annotation": "The letter 'C' is fully formed with the first individual's body parallel to the ground and the second individual supporting her. Noticeable change: The first individual's body is now parallel to the ground."
      },
      {
        "timestamp": 8.0,
        "annotation": "The two original individuals and the third person are now forming the letter 'D'. The third person is supporting the second individual who is kneeling and lifting the first individual's leg. Noticeable change: The third person has rejoined, and a new formation has begun."
      },
      {
        "timestamp": 9.0,
        "annotation": "The letter 'D' is further developed with the first individual's leg lifted higher and the third person providing support. Noticeable change: The first individual's leg is lifted higher."
      },
      {
        "timestamp": 10.0,
        "annotation": "The letter 'D' is fully formed with three individuals. The first individual is lifting their leg to form the curve of the 'D,' the second individual is lying on the ground forming the straight part of the 'D,' and the third individual is supporting the first. Noticeable change: No noticeable change from the previous frame."
      },
      {
        "timestamp": 11.0,
        "annotation": "The letter 'D' remains fully formed with three individuals in the same positions. Noticeable change: No noticeable change from the previous frame."
      },
      {
        "timestamp": 12.0,
        "annotation": "The letter 'D' remains fully formed with three individuals in the same positions. Noticeable change: No noticeable change from the previous frame."
      },
      {
        "timestamp": 13.0,
        "annotation": "The letter 'D' remains fully formed with three individuals in the same positions. Noticeable change: No noticeable change from the previous frame."
      },
      {
        "timestamp": 14.0,
        "annotation": "The letter 'D' remains fully formed with three individuals in the same positions. Noticeable change: No noticeable change from the previous frame."
      },
      {
        "timestamp": 15.0,
        "annotation": "The letter 'D' remains fully formed with three individuals in the same positions. Noticeable change: No noticeable change from the previous frame."
      },
      {
        "timestamp": 16.0,
        "annotation": "The letter 'D' remains fully formed with three individuals in the same positions. Noticeable change: No noticeable change from the previous frame."
      },
      {
        "timestamp": 17.0,
        "annotation": "The letter 'D' remains fully formed with three individuals in the same positions. Noticeable change: No noticeable change from the previous frame."
      },
      {
        "timestamp": 18.0,
        "annotation": "The letter 'D' remains fully formed with three individuals in the same positions. Noticeable change: No noticeable change from the previous frame."
      },
      {
        "timestamp": 19.0,
        "annotation": "The letter 'D' remains fully formed with three individuals in the same positions. Noticeable change: No noticeable change from the previous frame."
      },
      {
        "timestamp": 20.0,
        "annotation": "The letter 'D' remains fully formed with three individuals in the same positions. Noticeable change: No noticeable change from the previous frame."
      },
      {
        "timestamp": 21.0,
        "annotation": "The letter 'D' remains fully formed with three individuals in the same positions. Noticeable change: No noticeable change from the previous frame."
      },
      {
        "timestamp": 22.0,
        "annotation": "The letter 'D' remains fully formed with three individuals in the same positions. Noticeable change: No noticeable change from the previous frame."
      },
      {
        "timestamp": 23.0,
        "annotation": "The letter 'D' remains fully formed with three individuals in the same positions. Noticeable change: No noticeable change from the previous frame."
      },
      {
        "timestamp": 24.0,
        "annotation": "The letter 'D' remains fully formed with three individuals in the same positions. Noticeable change: No noticeable change from the previous frame."
      },
      {
        "timestamp": 25.0,
        "annotation": "The letter 'D' remains fully formed with three individuals in the same positions. Noticeable change: No noticeable change from the previous frame."
      },
      {
        "timestamp": 26.0,
        "annotation": "The letter 'D' remains fully formed with three individuals in the same positions. Noticeable change: No noticeable change from the previous frame."
      },
      {
        "timestamp": 27.0,
        "annotation": "The letter 'D' remains fully formed with three individuals in the same positions. Noticeable change: No noticeable change from the previous frame."
      },
      {
        "timestamp": 28.0,
        "annotation": "The letter 'D' remains fully formed with three individuals in the same positions. Noticeable change: No noticeable change from the previous frame."
      },
      {
        "timestamp": 29.0,
        "annotation": "The letter 'D' remains fully formed with three individuals in the same positions. Noticeable change: No noticeable change from the previous frame."
      },
      {
        "timestamp": 30.0,
        "annotation": "The letter 'D' remains fully formed with three individuals in the same positions. Noticeable change: No noticeable change from the previous frame."
      },
      {
        "timestamp": 31.0,
        "annotation": "The letter 'D' remains fully formed with three individuals in the same positions. Noticeable change: No noticeable change from the previous frame."
      },
      {
        "timestamp": 32.0,
        "annotation": "The letter 'D' remains fully formed with three individuals in the same positions. Noticeable change: No noticeable change from the previous frame."
      },
      {
        "timestamp": 33.0,
        "annotation": "The letter 'D' remains fully formed with three individuals in the same positions. Noticeable change: No noticeable change from the previous frame."
      },
      {
        "timestamp": 34.0,
        "annotation": "The letter 'D' remains fully formed with three individuals in the same positions. Noticeable change: No noticeable change from the previous frame."
      },
      {
        "timestamp": 35.0,
        "annotation": "The letter 'D' remains fully formed with three individuals in the same positions. Noticeable change: No noticeable change from the previous frame."
      },
      {
        "timestamp": 36.0,
        "annotation": "The letter 'D' remains fully formed with three individuals in the same positions. Noticeable change: No noticeable change from the previous frame."
      },
      {
        "timestamp": 37.0,
        "annotation": "The letter 'D' remains fully formed with three individuals in the same positions. Noticeable change: No noticeable change from the previous frame."
      },
      {
        "timestamp": 38.0,
        "annotation": "The letter 'D' remains fully formed with three individuals in the same positions. Noticeable change: No noticeable change from the previous frame."
      },
      {
        "timestamp": 39.0,
        "annotation": "The letter 'D' remains fully formed with three individuals in the same positions. Noticeable change: No noticeable change from the previous frame."
      },
      {
        "timestamp": 40.0,
        "annotation": "The letter 'D' remains fully formed with three individuals in the same positions. Noticeable change: No noticeable change from the previous frame."
      },
      {
        "timestamp": 41.0,
        "annotation": "The letter 'D' remains fully formed with three individuals in the same positions. Noticeable change: No noticeable change from the previous frame."
      },
      {
        "timestamp": 42.0,
        "annotation": "The letter 'D' remains fully formed with three individuals in the same positions. Noticeable change: No noticeable change from the previous frame."
      },
      {
        "timestamp": 43.0,
        "annotation": "The letter 'D' remains fully formed with three individuals in the same positions. Noticeable change: No noticeable change from the previous frame."
      },
      {
        "timestamp": 44.0,
        "annotation": "The letter 'D' remains fully formed with three individuals in the same positions. Noticeable change: No noticeable change from the previous frame."
      },
      {
        "timestamp": 45.0,
        "annotation": "The letter 'D' remains fully formed with three individuals in the same positions. Noticeable change: No noticeable change from the previous frame."
      },
      {
        "timestamp": 46.0,
        "annotation": "The letter 'D' remains fully formed with three individuals in the same positions. Noticeable change: No noticeable change from the previous frame."
      },
      {
        "timestamp": 47.0,
        "annotation": "The letter 'D' remains fully formed with three individuals in the same positions. Noticeable change: No noticeable change from the previous frame."
      },
      {
        "timestamp": 48.0,
        "annotation": "The letter 'D' remains fully formed with three individuals in the same positions. Noticeable change: No noticeable change from the previous frame."
      },
      {
        "timestamp": 49.0,
        "annotation": "The letter 'D' remains fully formed with three individuals in the same positions. Noticeable change: No noticeable change from the previous frame."
      },
      {
        "timestamp": 50.0,
        "annotation": "The letter 'D' remains fully formed with three individuals in the same positions. Noticeable change: No noticeable change from the previous frame."
      },
      {
        "timestamp": 51.0,
        "annotation": "The letter 'D' remains fully formed with three individuals in the same positions. Noticeable change: No noticeable change from the previous frame."
      },
      {
        "timestamp": 52.0,
        "annotation": "The letter 'D' remains fully formed with three individuals in the same positions. Noticeable change: No noticeable change from the previous frame."
      },
      {
        "timestamp": 53.0,
        "annotation": "The letter 'D' remains fully formed with three individuals in the same positions. Noticeable change: No noticeable change from the previous frame."
      },
      {
        "timestamp": 54.0,
        "annotation": "The letter 'D' remains fully formed with three individuals in the same positions. Noticeable change: No noticeable change from the previous frame."
      },
      {
        "timestamp": 55.0,
        "annotation": "The letter 'D' remains fully formed with three individuals in the same positions. Noticeable change: No noticeable change from the previous frame."
      },
      {
        "timestamp": 56.0,
        "annotation": "The letter 'D' remains fully formed with three individuals in the same positions. Noticeable change: No noticeable change from the previous frame."
      },
      {
        "timestamp": 57.0,
        "annotation": "The letter 'D' remains fully formed with three individuals in the same positions. Noticeable change: No noticeable change from the previous frame."
      }
    ],
    "whole_video_annotation": "In the video, three individuals are collaboratively forming various letters of the alphabet using their bodies. The sequence begins with two individuals forming the letter 'A' and progresses through different formations involving one, two, or three people to create the letters 'B,' 'C,' and 'D.' The formations require coordination, flexibility, and support from the participants to achieve the desired shapes.\n\nRegarding the letters 'I,' 'V,' and 'W,' the video does not provide information about these specific letters. However, generally:\n- The letter 'I' typically requires only one person standing upright.\n- The letter 'V' can be formed by one person with their arms raised to form the shape.\n- The letter 'W' usually requires two people, each forming one of the outer lines of the 'W' with their bodies.",
    "annotations_summary": "The video features three individuals collaborating to form various letters of the alphabet using their bodies. The sequence starts with two individuals forming the letter 'A' by bending at the waist and touching their feet to each other's hands. A third person then joins to form the letter 'B,' with the second individual lifting their leg and being supported by the third person. The formation of the letter 'C' involves the two original individuals, with the second person kneeling and supporting the first as they bend forward. Finally, all three individuals come together to form the letter 'D,' with the first individual lifting their leg to form the curve, the second lying on the ground to form the straight part, and the third providing support. The letter 'D' remains fully formed for an extended period, showcasing the participants' coordination, flexibility, and teamwork. The video does not include the letters 'I,' 'V,' or 'W.'"
  }
}