{
  "qid": "0530-1",
  "video_id": "yzlFm0LpRpM",
  "video_path": "videos\\0530_yzlFm0LpRpM.mp4",
  "main_question": "Which ball did the man in blue choose to kick in the fifth scene?",
  "sub_questions": "To better understand the video and answer the main question, consider the following sub-questions:\n\n1. **What are the different types of balls available in the scene?**\n   - This will help identify the options the man in blue had to choose from.\n\n2. **How is the man in blue identified or distinguished in the fifth scene?**\n   - This ensures you are focusing on the correct individual.\n\n3. **What actions does the man in blue perform with the balls in the fifth scene?**\n   - This will confirm which ball he chose to kick.\n\nThese sub-questions should help clarify the details needed to answer the main question accurately.",
  "annotations": {
    "frame_annotations": [
      {
        "timestamp": 0.0,
        "annotation": "The scene shows a paved walkway next to a grassy area with a building in the background. There is a bollard on the left side of the walkway."
      },
      {
        "timestamp": 1.0,
        "annotation": "The scene shifts to a grassy field with a concrete wall in the background. Two individuals are visible in the distance, one bending down and the other standing. No noticeable change from the previous frame as it is a different scene."
      },
      {
        "timestamp": 2.0,
        "annotation": "The two individuals are now closer, with one still bending down and the other standing nearby. The standing individual appears to be holding something small and white."
      },
      {
        "timestamp": 3.0,
        "annotation": "The scene changes again to an outdoor setting with a tree and a house in the background. A person is crouching down, and a white object is flying through the air."
      },
      {
        "timestamp": 4.0,
        "annotation": "The person is now standing and appears to be holding a bat, ready to hit the flying object. The object is closer to the bat."
      },
      {
        "timestamp": 5.0,
        "annotation": "The scene changes to an indoor setting with several people present. A person in an orange shirt is in the foreground, appearing to be in motion. The man in blue is not visible in this frame."
      },
      {
        "timestamp": 6.0,
        "annotation": "The person in the orange shirt is now closer to the camera, still in motion. Other people in the background are observing."
      },
      {
        "timestamp": 7.0,
        "annotation": "The scene changes to an outdoor urban setting. A person is performing a skateboard trick in mid-air near a set of stairs and a building."
      },
      {
        "timestamp": 8.0,
        "annotation": "The skateboarder is now closer to the ground, still in the process of landing the trick. The skateboard is tilted."
      },
      {
        "timestamp": 9.0,
        "annotation": "The skateboarder has landed the trick and is now riding away. The skateboard is back on the ground, and the rider is in a crouched position."
      },
      {
        "timestamp": 10.0,
        "annotation": "A skateboarder is in mid-air performing a trick in an indoor skatepark. The previous frame shows the skateboarder just before taking off."
      },
      {
        "timestamp": 11.0,
        "annotation": "The skateboarder is still in mid-air, continuing the trick. No significant change from the previous frame."
      },
      {
        "timestamp": 12.0,
        "annotation": "The skateboarder is beginning to descend, still in mid-air. No significant change from the previous frame."
      },
      {
        "timestamp": 13.0,
        "annotation": "The skateboarder is closer to the ground, about to land. No significant change from the previous frame."
      },
      {
        "timestamp": 14.0,
        "annotation": "The skateboarder has landed the trick and is now riding away. The skateboard is back on the ground, and the rider is in a crouched position. No significant change from the previous frame."
      },
      {
        "timestamp": 15.0,
        "annotation": "The skateboarder is riding away, maintaining the crouched position. No significant change from the previous frame."
      },
      {
        "timestamp": 16.0,
        "annotation": "The skateboarder is continuing to ride away, still in a crouched position. No significant change from the previous frame."
      },
      {
        "timestamp": 17.0,
        "annotation": "The skateboarder is riding away, maintaining the same posture. No significant change from the previous frame."
      },
      {
        "timestamp": 18.0,
        "annotation": "The skateboarder is riding away, still in a crouched position. No significant change from the previous frame."
      },
      {
        "timestamp": 19.0,
        "annotation": "The skateboarder is riding away, maintaining the same posture. No significant change from the previous frame."
      },
      {
        "timestamp": 20.0,
        "annotation": "A man in a blue shirt is preparing to kick a ball in an indoor sports hall. Another player is positioned nearby, ready to react."
      },
      {
        "timestamp": 21.0,
        "annotation": "The man in blue is in the process of kicking the ball. The ball is in mid-air, and the other player is still in position."
      },
      {
        "timestamp": 22.0,
        "annotation": "The ball has been kicked and is moving away from the man in blue. The other player is starting to move towards the ball."
      },
      {
        "timestamp": 23.0,
        "annotation": "The ball is continuing to move forward. The other player is adjusting their position to intercept the ball."
      },
      {
        "timestamp": 24.0,
        "annotation": "The ball is now closer to the other player. The man in blue is watching the ball's trajectory."
      },
      {
        "timestamp": 25.0,
        "annotation": "The other player is about to make contact with the ball. The man in blue is still observing."
      },
      {
        "timestamp": 26.0,
        "annotation": "The other player has made contact with the ball and is now controlling it. The man in blue is moving back."
      },
      {
        "timestamp": 27.0,
        "annotation": "The other player is now in full control of the ball, dribbling it away. The man in blue is further back, possibly preparing to defend."
      },
      {
        "timestamp": 28.0,
        "annotation": "The other player is continuing to dribble the ball forward. The man in blue is maintaining his defensive position."
      },
      {
        "timestamp": 29.0,
        "annotation": "The other player is still in control of the ball, moving it further away from the man in blue."
      },
      {
        "timestamp": 30.0,
        "annotation": "A person is standing on a diving board, preparing to jump into the pool. The pool is empty, and there are other people in the background, possibly waiting their turn."
      },
      {
        "timestamp": 31.0,
        "annotation": "The person has jumped off the diving board and is in mid-air above the pool. The scene is similar to the previous frame, with no significant changes in the background."
      },
      {
        "timestamp": 32.0,
        "annotation": "The person is now closer to the water, descending rapidly. The environment remains unchanged from the previous frame."
      },
      {
        "timestamp": 33.0,
        "annotation": "The person is about to enter the water. The scene is consistent with the previous frames, with no noticeable changes."
      }
    ],
    "whole_video_annotation": "The video appears to be a montage of various outdoor and indoor activities, each lasting a few seconds before transitioning to the next scene. Here is a general description of what is happening in the video:\n\n1. **Initial Scene (Frames 0-1):** The video starts with a paved walkway next to a grassy area, followed by a grassy field with two individuals in the distance.\n2. **Outdoor Activity (Frames 2-4):** Two individuals are seen interacting, with one holding a small white object. The scene then shifts to a person preparing to hit a flying white object with a bat, likely playing a game of cricket or baseball.\n3. **Indoor Activity (Frames 5-6):** The scene changes to an indoor setting with several people present. A person in an orange shirt is in motion, possibly playing a sport or engaging in an activity.\n4. **Skateboarding (Frames 7-19):** The video captures a skateboarder performing tricks in both outdoor and indoor settings. The skateboarder is seen in mid-air and then riding away after landing the tricks.\n5. **Indoor Sports (Frames 20-29):** The scene shifts to an indoor sports hall where a man in a blue shirt is preparing to kick a ball. Another player reacts and takes control of the ball, dribbling it away.\n6. **Diving (Frames 30-33):** The final scene shows a person standing on a diving board, preparing to jump into an empty pool. The person jumps and is seen descending towards the water.\n\nRegarding the specific question about the fifth scene: The fifth scene (starting from Frame 20) shows a man in a blue shirt kicking a ball in an indoor sports hall. The ball he kicks is a standard sports ball, likely a soccer ball, given the context of the indoor setting and the way it is being kicked and controlled by the players.",
    "annotations_summary": "The video is a montage of various outdoor and indoor activities, each lasting a few seconds before transitioning to the next scene. Here's a brief summary:\n\n1. **Initial Scenes (0-1s):**\n   - A paved walkway next to a grassy area with a building in the background.\n   - A grassy field with two individuals in the distance, one bending down and the other standing.\n\n2. **Outdoor Activity (2-4s):**\n   - Two individuals interacting, one holding a small white object.\n   - A person preparing to hit a flying white object with a bat, likely playing cricket or baseball.\n\n3. **Indoor Activity (5-6s):**\n   - An indoor setting with several people present.\n   - A person in an orange shirt in motion, possibly playing a sport or engaging in an activity.\n\n4. **Skateboarding (7-19s):**\n   - A skateboarder performing tricks in both outdoor and indoor settings.\n   - The skateboarder is seen in mid-air and then riding away after landing the tricks.\n\n5. **Indoor Sports (20-29s):**\n   - A man in a blue shirt kicking a ball in an indoor sports hall.\n   - Another player reacts, takes control of the ball, and dribbles it away.\n\n6. **Diving (30-33s):**\n   - A person standing on a diving board, preparing to jump into an empty pool.\n   - The person jumps and is seen descending towards the water."
  }
}