{
  "qid": "0541-3",
  "video_id": "zb6Bnsm3_zo",
  "video_path": "videos\\0541_zb6Bnsm3_zo.mp4",
  "main_question": "Does the number of visible teeth decrease to none as the water level rises in the video?",
  "sub_questions": "To better understand the video and address the main question, consider the following sub-questions:\n\n1. **What is the initial number of visible teeth when the water level is at its lowest?**\n   - This will help establish a baseline for comparison as the water level rises.\n\n2. **How does the water level change over the duration of the video?**\n   - Understanding the rate and manner in which the water level rises can provide context for how the visibility of the teeth might be affected.\n\n3. **At what points in the video do the teeth become partially or fully obscured by the water?**\n   - Identifying specific moments when the teeth start to disappear can help correlate the water level with the visibility of the teeth.",
  "annotations": {
    "frame_annotations": [
      {
        "timestamp": 0.0,
        "annotation": "A hand is holding a plastic bag with a drawing of lips and teeth over a container filled with a red liquid. The teeth are fully visible."
      },
      {
        "timestamp": 1.0,
        "annotation": "The plastic bag is slightly tilted, but the teeth are still fully visible. No significant change in the water level."
      },
      {
        "timestamp": 2.0,
        "annotation": "The bag is tilted further, and the water level inside the bag starts to rise, covering the bottom of the teeth."
      },
      {
        "timestamp": 3.0,
        "annotation": "The water level continues to rise, now covering more of the teeth. Some teeth are still visible."
      },
      {
        "timestamp": 4.0,
        "annotation": "The water level is higher, covering more teeth. Fewer teeth are visible compared to the previous frames."
      },
      {
        "timestamp": 5.0,
        "annotation": "The water level rises further, and even fewer teeth are visible. The top of the teeth is still above the water."
      },
      {
        "timestamp": 6.0,
        "annotation": "The water level is almost at the top of the teeth, with only a few teeth still visible."
      },
      {
        "timestamp": 7.0,
        "annotation": "The water level has risen to the point where no teeth are visible anymore. The lips are fully submerged."
      },
      {
        "timestamp": 8.0,
        "annotation": "The water level remains high, and no teeth are visible. The lips are completely underwater."
      },
      {
        "timestamp": 9.0,
        "annotation": "The water level is still high, and no teeth are visible. The situation remains the same as the previous frame."
      },
      {
        "timestamp": 10.0,
        "annotation": "The water level is still high, and no teeth are visible. The situation remains the same as the previous frame."
      },
      {
        "timestamp": 11.0,
        "annotation": "The water level remains high, and no teeth are visible. The situation remains the same as the previous frame."
      }
    ],
    "whole_video_annotation": "In the video, a hand is holding a plastic bag with a drawing of lips and teeth over a container filled with a red liquid. As the bag is gradually tilted, the water level inside the bag rises, progressively covering more of the teeth drawn on the bag. Initially, all the teeth are visible, but as the water level increases, the number of visible teeth decreases. Eventually, the water level rises to the point where no teeth are visible anymore, and the lips are fully submerged. The water level remains high for the rest of the video, with no teeth visible.",
    "annotations_summary": "The video shows a hand holding a plastic bag with a drawing of lips and teeth over a container filled with red liquid. The bag is gradually tilted, causing the liquid to rise inside the bag. Initially, all the teeth are visible, but as the liquid level increases, it progressively covers more of the teeth until none are visible. Eventually, the lips are also fully submerged. The water level remains high for the rest of the video, with no teeth visible."
  }
}