{
  "qid": "0561-0",
  "video_id": "PPLTAZ2pBK0",
  "video_path": "videos\\0561_PPLTAZ2pBK0.mp4",
  "main_question": "How many times does the watch the man is wearing appear in the video?",
  "sub_questions": "To better understand the video and answer the main question, consider the following sub-questions:\n\n1. **What is the duration of the video?**\n   - Knowing the length of the video will help in estimating the number of times the watch might appear.\n\n2. **Are there any close-up shots of the man's wrist or any specific scenes that focus on his watch?**\n   - This can provide clues about how frequently the watch is highlighted in the video.\n\n3. **Does the man perform any actions that would naturally draw attention to his watch, such as checking the time?**\n   - Actions like checking the time can increase the number of times the watch appears in the video.",
  "annotations": {
    "frame_annotations": [
      {
        "timestamp": 0.0,
        "annotation": "The image is blurry and indistinct. It is difficult to discern any specific details."
      },
      {
        "timestamp": 0.97,
        "annotation": "A man is holding a small puppy in front of a mirror. The man is smiling and holding a phone in his left hand. The puppy appears to be around 2 months old. The watch on the man's wrist is visible. The man is wearing a grey t-shirt."
      },
      {
        "timestamp": 1.94,
        "annotation": "The man and puppy remain in the same position. The man's smile is slightly more pronounced. The watch on the man's wrist is still visible. No significant changes from the previous frame."
      },
      {
        "timestamp": 2.9,
        "annotation": "The man and puppy are still in the same position. The man's posture and the puppy's position have not changed significantly. The watch on the man's wrist is visible. The man is still wearing the grey t-shirt."
      },
      {
        "timestamp": 3.87,
        "annotation": "The man is now holding the puppy with both hands. The puppy appears to be looking directly at the camera. The watch on the man's wrist is visible. The man is wearing a grey long-sleeve shirt and the text indicates the puppy is now 3 months old."
      },
      {
        "timestamp": 4.84,
        "annotation": "The man and puppy are still in the same position. The puppy's gaze is still directed towards the camera. The watch on the man's wrist is visible. No significant changes from the previous frame."
      },
      {
        "timestamp": 5.81,
        "annotation": "The image is blurry and indistinct, focusing on the puppy's head and the man's arm. The watch on the man's wrist is not visible in this frame. The text indicates the puppy is now 4 months old."
      },
      {
        "timestamp": 6.77,
        "annotation": "The man is holding the puppy with both hands again. The puppy is looking towards the camera. The watch on the man's wrist is visible. The man is wearing a grey t-shirt and blue shorts. The text indicates the puppy is 4 months old."
      },
      {
        "timestamp": 7.74,
        "annotation": "The man and puppy remain in the same position. The puppy's gaze is still directed towards the camera. The watch on the man's wrist is visible. No significant changes from the previous frame."
      },
      {
        "timestamp": 8.71,
        "annotation": "The image is blurry and indistinct. It is difficult to discern any specific details. The text indicates the puppy is now 5 months old."
      },
      {
        "timestamp": 9.68,
        "annotation": "The image is clear. A man is holding a golden retriever puppy in front of a mirror. The puppy appears to be around 5 months old. The man is smiling and holding a phone, likely taking a photo. The watch on the man's wrist is visible."
      },
      {
        "timestamp": 10.64,
        "annotation": "The image is similar to the previous frame. The man and the puppy are still in the same position. No significant changes are noticeable."
      },
      {
        "timestamp": 11.61,
        "annotation": "The image is similar to the previous frame. The man and the puppy are still in the same position. No significant changes are noticeable."
      },
      {
        "timestamp": 12.58,
        "annotation": "The image is similar to the previous frame. The man and the puppy are still in the same position. No significant changes are noticeable."
      },
      {
        "timestamp": 13.55,
        "annotation": "The image is similar to the previous frame. The man and the puppy are still in the same position. No significant changes are noticeable."
      },
      {
        "timestamp": 14.51,
        "annotation": "The image is similar to the previous frame. The man and the puppy are still in the same position. No significant changes are noticeable."
      },
      {
        "timestamp": 15.48,
        "annotation": "The image is similar to the previous frame. The man and the puppy are still in the same position. No significant changes are noticeable."
      },
      {
        "timestamp": 16.45,
        "annotation": "The image is similar to the previous frame. The man and the puppy are still in the same position. No significant changes are noticeable."
      },
      {
        "timestamp": 17.42,
        "annotation": "The image is similar to the previous frame. The man and the puppy are still in the same position. No significant changes are noticeable."
      },
      {
        "timestamp": 18.39,
        "annotation": "The image is similar to the previous frame. The man and the puppy are still in the same position. No significant changes are noticeable."
      },
      {
        "timestamp": 19.35,
        "annotation": "The man is holding a large golden retriever puppy in his arms. He is taking a selfie with the puppy in front of a mirror. The watch on the man's wrist is visible."
      },
      {
        "timestamp": 20.32,
        "annotation": "The image is similar to the previous frame. The man and the puppy are still in the same position. No significant changes are noticeable. The watch on the man's wrist is visible."
      },
      {
        "timestamp": 21.29,
        "annotation": "The image is blurry and out of focus, making it difficult to discern specific details. The watch on the man's wrist is not visible in this frame."
      }
    ],
    "whole_video_annotation": "### General Description of the Video\n\nThe video captures a series of moments featuring a man holding a golden retriever puppy in front of a mirror. The man appears to be taking selfies or photos with the puppy at various stages of its growth, from approximately 2 months to 5 months old. The man is consistently seen smiling and holding a phone in his left hand. Throughout the video, the man's watch is visible on his wrist in most frames, except for a few where the image is blurry or the watch is not in the frame.\n\n### Answer to the User's Question\n\nThe watch the man is wearing appears in 17 frames of the video.",
    "annotations_summary": "The video shows a man taking selfies with a golden retriever puppy in front of a mirror over several months, capturing the puppy's growth from approximately 2 months to 5 months old. Here are the key points:\n\n- **Man's Actions**: The man consistently holds the puppy and a phone in his left hand, smiling throughout the video.\n- **Puppy's Age**: The puppy's age progresses from 2 months to 5 months across different frames.\n- **Clothing**: The man wears a grey t-shirt in most frames, but at one point, he is seen in a grey long-sleeve shirt and later in blue shorts.\n- **Watch Visibility**: The man's watch is visible on his wrist in most frames (17 out of 22 frames), except when the image is blurry or the watch is out of the frame.\n- **Image Clarity**: Some frames are blurry, making it difficult to discern details, while others are clear and focused on the man and the puppy.\n\nThe video captures the joy and progression of the puppy's growth, with the man documenting these moments through selfies."
  }
}