{
  "qid": "0566-3",
  "video_id": "jyXFmTycx_k",
  "video_path": "videos\\0566_jyXFmTycx_k.mp4",
  "main_question": "Do the scenes with the broken pot of plant highlight the effectiveness of Neve toilet paper and wipes in cleaning up messes?",
  "sub_questions": "To better understand whether the scenes with the broken pot of plant highlight the effectiveness of Neve toilet paper and wipes in cleaning up messes, consider the following sub-questions:\n\n1. **What specific actions are taken with the Neve toilet paper and wipes in response to the broken pot of plant?**\n   - This will help identify the cleaning process and how the products are used.\n\n2. **Are there any before-and-after comparisons shown in the scenes involving the broken pot of plant?**\n   - This can provide visual evidence of the effectiveness of the Neve products in cleaning up the mess.\n\n3. **Do any characters or narrators explicitly comment on the effectiveness of Neve toilet paper and wipes in cleaning up the mess caused by the broken pot of plant?**\n   - This can offer direct testimonials or endorsements regarding the products' performance.",
  "annotations": {
    "frame_annotations": [
      {
        "timestamp": 0.0,
        "annotation": "The image is too blurry to discern any details."
      },
      {
        "timestamp": 1.0,
        "annotation": "A person is walking down a hallway. No noticeable change from the previous frame as it was too blurry."
      },
      {
        "timestamp": 2.0,
        "annotation": "The person continues walking down the hallway. The floor and some furniture are now visible."
      },
      {
        "timestamp": 3.0,
        "annotation": "The person is now stepping on a bathroom mat. The bathroom setting becomes clearer with visible mats on the floor."
      },
      {
        "timestamp": 4.0,
        "annotation": "A hand is reaching for a doorknob. Noticeable change from the previous frame as the perspective shifts to a close-up of the hand and doorknob."
      },
      {
        "timestamp": 5.0,
        "annotation": "The person is now in a bathroom, washing their hands at the sink. Noticeable change from the previous frame as the scene shifts to the bathroom sink area."
      },
      {
        "timestamp": 6.0,
        "annotation": "The person is still at the sink, with hands under running water. No noticeable change from the previous frame."
      },
      {
        "timestamp": 7.0,
        "annotation": "The person is now near a toilet, bending down. Noticeable change from the previous frame as the scene shifts to the toilet area."
      },
      {
        "timestamp": 8.0,
        "annotation": "The person is crouching down next to the toilet, appearing to clean or inspect something. No noticeable change from the previous frame."
      },
      {
        "timestamp": 9.0,
        "annotation": "The image shows a close-up of smoke or steam rising from an industrial chimney. Noticeable change from the previous frame as the scene shifts to an entirely different environment."
      },
      {
        "timestamp": 10.0,
        "annotation": "The image shows a close-up of smoke or steam rising from an industrial chimney. Noticeable change from the previous frame as the scene shifts to an entirely different environment."
      },
      {
        "timestamp": 11.0,
        "annotation": "The image continues to show smoke or steam rising from an industrial chimney. No noticeable change from the previous frame."
      },
      {
        "timestamp": 12.0,
        "annotation": "The image continues to show smoke or steam rising from an industrial chimney. No noticeable change from the previous frame."
      },
      {
        "timestamp": 13.0,
        "annotation": "The image continues to show smoke or steam rising from an industrial chimney. No noticeable change from the previous frame."
      },
      {
        "timestamp": 14.0,
        "annotation": "The image continues to show smoke or steam rising from an industrial chimney. No noticeable change from the previous frame."
      },
      {
        "timestamp": 15.0,
        "annotation": "The image continues to show smoke or steam rising from an industrial chimney. No noticeable change from the previous frame."
      },
      {
        "timestamp": 16.0,
        "annotation": "The image continues to show smoke or steam rising from an industrial chimney. No noticeable change from the previous frame."
      },
      {
        "timestamp": 17.0,
        "annotation": "The image continues to show smoke or steam rising from an industrial chimney. No noticeable change from the previous frame."
      },
      {
        "timestamp": 18.0,
        "annotation": "The image continues to show smoke or steam rising from an industrial chimney. No noticeable change from the previous frame."
      },
      {
        "timestamp": 19.0,
        "annotation": "The image continues to show smoke or steam rising from an industrial chimney. No noticeable change from the previous frame."
      },
      {
        "timestamp": 20.0,
        "annotation": "The image shows a construction vehicle, likely a backhoe loader, digging into a pile of dirt. Dust is being kicked up by the movement of the bucket."
      },
      {
        "timestamp": 21.0,
        "annotation": "The backhoe loader continues to dig into the dirt, with more dust being kicked up. The bucket is deeper into the pile compared to the previous frame."
      },
      {
        "timestamp": 22.0,
        "annotation": "The scene transitions to a close-up of a broken pot with soil and plant debris scattered on the floor. The pot is lying on its side, and the soil is spread out around it."
      },
      {
        "timestamp": 23.0,
        "annotation": "A hand is seen reaching towards the broken pot and the scattered soil. The hand appears to be preparing to clean up the mess."
      },
      {
        "timestamp": 24.0,
        "annotation": "The image is blurred, making it difficult to discern specific details. It appears to be a transition or effect shot."
      },
      {
        "timestamp": 25.0,
        "annotation": "The image is still blurred, suggesting a continued transition or effect. The scene is indistinct."
      },
      {
        "timestamp": 26.0,
        "annotation": "A hand is seen pulling toilet paper from a roll mounted on a holder. The toilet paper is being unrolled."
      },
      {
        "timestamp": 27.0,
        "annotation": "The hand continues to pull more toilet paper from the roll. The amount of toilet paper being unrolled increases."
      },
      {
        "timestamp": 28.0,
        "annotation": "The scene returns to the broken pot and scattered soil. A piece of toilet paper is being used to start cleaning up the mess."
      },
      {
        "timestamp": 29.0,
        "annotation": "The hand is seen using the toilet paper to wipe up the soil and plant debris. The cleaning process is in progress."
      },
      {
        "timestamp": 30.0,
        "annotation": "A hand is using toilet paper to wipe up soil and plant debris from the floor. The hand is holding a dustpan in the other hand. The cleaning process is in progress."
      },
      {
        "timestamp": 31.0,
        "annotation": "The hand continues to wipe up the soil and plant debris with toilet paper. The dustpan is still held in the other hand. No significant change from the previous frame."
      },
      {
        "timestamp": 32.0,
        "annotation": "The hand is still wiping up the mess with toilet paper. The dustpan is visible but not in use. No significant change from the previous frame."
      },
      {
        "timestamp": 33.0,
        "annotation": "The hand is actively wiping up the soil and plant debris. The dustpan is held steady in the other hand. No significant change from the previous frame."
      },
      {
        "timestamp": 34.0,
        "annotation": "The hand continues the cleaning process with toilet paper. The dustpan is still in the other hand. No significant change from the previous frame."
      },
      {
        "timestamp": 35.0,
        "annotation": "The hand is seen wiping up the remaining soil and plant debris. The dustpan is held in the other hand. No significant change from the previous frame."
      },
      {
        "timestamp": 36.0,
        "annotation": "The hand is using toilet paper to wipe up the last of the soil and plant debris. The dustpan is still held in the other hand. No significant change from the previous frame."
      },
      {
        "timestamp": 37.0,
        "annotation": "The hand finishes wiping up the mess with toilet paper. The dustpan is visible but not in use. No significant change from the previous frame."
      },
      {
        "timestamp": 38.0,
        "annotation": "The scene shifts to a close-up of a toilet with a roll of Neve toilet paper on the holder. The cleaning process is no longer in view."
      },
      {
        "timestamp": 39.0,
        "annotation": "The scene shows a pair of legs standing on a bathroom mat. The toilet and roll of Neve toilet paper are visible in the background. The cleaning process is concluded."
      },
      {
        "timestamp": 40.0,
        "annotation": "The scene shows a pair of legs standing on a bathroom mat. The toilet and roll of Neve toilet paper are visible in the background. The cleaning process is concluded."
      },
      {
        "timestamp": 41.0,
        "annotation": "The scene remains the same as the previous frame. The pair of legs is still standing on the bathroom mat, and the toilet with the roll of Neve toilet paper is visible in the background."
      },
      {
        "timestamp": 42.0,
        "annotation": "The scene remains the same as the previous frame. The pair of legs is still standing on the bathroom mat, and the toilet with the roll of Neve toilet paper is visible in the background."
      },
      {
        "timestamp": 43.0,
        "annotation": "The scene remains the same as the previous frame. The pair of legs is still standing on the bathroom mat, and the toilet with the roll of Neve toilet paper is visible in the background."
      },
      {
        "timestamp": 44.0,
        "annotation": "The scene remains the same as the previous frame. The pair of legs is still standing on the bathroom mat, and the toilet with the roll of Neve toilet paper is visible in the background."
      },
      {
        "timestamp": 45.0,
        "annotation": "The scene remains the same as the previous frame. The pair of legs is still standing on the bathroom mat, and the toilet with the roll of Neve toilet paper is visible in the background."
      },
      {
        "timestamp": 46.0,
        "annotation": "The scene remains the same as the previous frame. The pair of legs is still standing on the bathroom mat, and the toilet with the roll of Neve toilet paper is visible in the background."
      },
      {
        "timestamp": 47.0,
        "annotation": "The scene remains the same as the previous frame. The pair of legs is still standing on the bathroom mat, and the toilet with the roll of Neve toilet paper is visible in the background."
      },
      {
        "timestamp": 48.0,
        "annotation": "The scene remains the same as the previous frame. The pair of legs is still standing on the bathroom mat, and the toilet with the roll of Neve toilet paper is visible in the background."
      },
      {
        "timestamp": 49.0,
        "annotation": "The scene remains the same as the previous frame. The pair of legs is still standing on the bathroom mat, and the toilet with the roll of Neve toilet paper is visible in the background."
      },
      {
        "timestamp": 50.0,
        "annotation": "The scene shows a bathroom countertop with a floral-patterned pot, a pink lipstick, and a white object. The countertop appears clean and well-maintained. No significant changes from the previous frame as there is no previous frame."
      },
      {
        "timestamp": 51.0,
        "annotation": "The scene remains the same as the previous frame. The bathroom countertop with the floral-patterned pot, pink lipstick, and white object is still visible. No noticeable changes."
      },
      {
        "timestamp": 52.0,
        "annotation": "The scene remains the same as the previous frame. The bathroom countertop with the floral-patterned pot, pink lipstick, and white object is still visible. No noticeable changes."
      },
      {
        "timestamp": 53.0,
        "annotation": "The scene remains the same as the previous frame. The bathroom countertop with the floral-patterned pot, pink lipstick, and white object is still visible. No noticeable changes."
      },
      {
        "timestamp": 54.0,
        "annotation": "The scene remains the same as the previous frame. The bathroom countertop with the floral-patterned pot, pink lipstick, and white object is still visible. No noticeable changes."
      },
      {
        "timestamp": 55.0,
        "annotation": "The scene remains the same as the previous frame. The bathroom countertop with the floral-patterned pot, pink lipstick, and white object is still visible. No noticeable changes."
      },
      {
        "timestamp": 56.0,
        "annotation": "The scene remains the same as the previous frame. The bathroom countertop with the floral-patterned pot, pink lipstick, and white object is still visible. No noticeable changes."
      },
      {
        "timestamp": 57.0,
        "annotation": "The scene remains the same as the previous frame. The bathroom countertop with the floral-patterned pot, pink lipstick, and white object is still visible. No noticeable changes."
      },
      {
        "timestamp": 58.0,
        "annotation": "The scene remains the same as the previous frame. The bathroom countertop with the floral-patterned pot, pink lipstick, and white object is still visible. No noticeable changes."
      },
      {
        "timestamp": 59.0,
        "annotation": "The scene remains the same as the previous frame. The bathroom countertop with the floral-patterned pot, pink lipstick, and white object is still visible. No noticeable changes."
      },
      {
        "timestamp": 60.0,
        "annotation": "The image shows a text overlay on a blurred background. The text reads 'NEVE TOILET PAPER AND WIPES.' in English and includes Chinese characters below it. There is a promotional message at the bottom in Chinese."
      }
    ],
    "whole_video_annotation": "The video appears to be a promotional piece for Neve toilet paper and wipes. Here's a general description of what happens:\n\nThe video begins with a person walking down a hallway and entering a bathroom, where they wash their hands and then move to the toilet area. The scene abruptly shifts to an industrial setting with smoke or steam rising from a chimney, followed by a construction site where a backhoe loader is digging. The video then transitions to a close-up of a broken pot with soil and plant debris scattered on the floor. A hand uses toilet paper to clean up the mess, demonstrating the product's effectiveness. The scene concludes with shots of a bathroom countertop and a toilet with a roll of Neve toilet paper, reinforcing the brand's presence. The final frame features a text overlay promoting Neve toilet paper and wipes.\n\nRegarding the specific question about the scenes with the broken pot of plant: Yes, these scenes do highlight the effectiveness of Neve toilet paper and wipes in cleaning up messes. The hand using toilet paper to clean up the soil and plant debris serves as a practical demonstration of the product's utility.",
    "annotations_summary": "The video is a promotional piece for Neve toilet paper and wipes. It begins with a person walking down a hallway and entering a bathroom, where they wash their hands and move to the toilet area. The scene then shifts abruptly to an industrial setting with smoke or steam rising from a chimney, followed by a construction site where a backhoe loader is digging. The video transitions to a close-up of a broken pot with soil and plant debris scattered on the floor. A hand uses toilet paper to clean up the mess, demonstrating the product's effectiveness. The scene concludes with shots of a bathroom countertop and a toilet with a roll of Neve toilet paper, reinforcing the brand's presence. The final frame features a text overlay promoting Neve toilet paper and wipes. The scenes with the broken pot of plant highlight the practical use of Neve toilet paper in cleaning up messes."
  }
}