{
  "qid": "0567-7",
  "video_id": "trYIAMCLeOs",
  "video_path": "videos\\0567_trYIAMCLeOs.mp4",
  "main_question": "What is the hair color of the third person in the video?\nA. Black\nB. Blonde with dark roots\nC. Red\nD. Brown",
  "sub_questions": "To better understand the video and answer the main question, consider the following sub-questions:\n\n1. **How many people are visible in the video, and can you describe their positions relative to each other?**\n   - This will help identify who the third person is.\n\n2. **What are the distinct visual features of each person in the video, particularly focusing on hair color?**\n   - This will provide details about the hair colors of the individuals in the video.\n\n3. **Are there any clear shots or close-ups of the third person's face or hair in the video?**\n   - This will help confirm the hair color of the third person.",
  "annotations": {
    "frame_annotations": [
      {
        "timestamp": 0.0,
        "annotation": "A person is holding a large red bucket over a clear bowl on a kitchen counter. The person appears to be preparing to pour something into the bowl. There is a text overlay on the image that reads, 'when I want cereal:' and a comment bubble that says, 'please stop the junk food, they need healthy food!!'"
      },
      {
        "timestamp": 1.0,
        "annotation": "The person starts to tilt the red bucket, and cereal begins to pour out into the clear bowl. The person's expression is one of excitement or anticipation. No significant change in the surroundings."
      },
      {
        "timestamp": 2.0,
        "annotation": "More cereal is pouring out of the bucket into the bowl, which is now about half full. The person's mouth is open, possibly in an exaggerated reaction. No significant change in the surroundings."
      },
      {
        "timestamp": 3.0,
        "annotation": "The bowl is almost full of cereal, and the person is still pouring. The person's expression remains excited or exaggerated. No significant change in the surroundings."
      },
      {
        "timestamp": 4.0,
        "annotation": "The person is now pouring milk from two cartons into the bowl of cereal. The milk is splashing out, creating a messy scene. The person's expression is one of surprise or amusement. No significant change in the surroundings."
      },
      {
        "timestamp": 5.0,
        "annotation": "The bowl is overflowing with milk and cereal, creating a large mess on the counter. The person appears to be reacting dramatically to the mess. No significant change in the surroundings."
      },
      {
        "timestamp": 6.0,
        "annotation": "The person is pointing at the messy bowl of cereal and milk, with an expression of shock or disbelief. No significant change in the surroundings."
      },
      {
        "timestamp": 7.0,
        "annotation": "The person is now eating the messy cereal with a spoon, still reacting dramatically. No significant change in the surroundings."
      },
      {
        "timestamp": 8.0,
        "annotation": "The scene changes to a different person in a different kitchen. This person is holding an apple above a basket of fruits and vegetables. The text overlay reads, 'My wasting cereal reaction'."
      },
      {
        "timestamp": 9.0,
        "annotation": "The second person is now eating a spoonful of cereal, with a dramatic expression. The basket of fruits and vegetables is still visible in the background. The text overlay remains the same."
      },
      {
        "timestamp": 10.0,
        "annotation": "A close-up of a hand peeling a banana. The background is blurred, but it appears to be a kitchen setting with various fruits and vegetables visible. No noticeable change from the previous frame as it is the first frame being described."
      },
      {
        "timestamp": 11.0,
        "annotation": "The hand continues to peel the banana. The motion of peeling is more apparent in this frame. No noticeable change from the previous frame."
      },
      {
        "timestamp": 12.0,
        "annotation": "The banana is now fully peeled, and the hand is holding the peeled banana. The motion of peeling has stopped, and the focus is on the peeled banana. No noticeable change from the previous frame."
      },
      {
        "timestamp": 13.0,
        "annotation": "The peeled banana is being squeezed over a measuring jug containing orange juice. The text overlay reads 'natural juice' and 'jugo de frutas'. Noticeable change: The measuring jug and the orange juice are now visible."
      },
      {
        "timestamp": 14.0,
        "annotation": "The banana continues to be squeezed, releasing more juice into the measuring jug. The level of juice in the jug is rising. No noticeable change from the previous frame."
      },
      {
        "timestamp": 15.0,
        "annotation": "The hand is now squeezing a green fruit, likely a kiwi, over the measuring jug. The juice in the jug has turned green. Noticeable change: The color of the juice in the jug has changed from orange to green."
      },
      {
        "timestamp": 16.0,
        "annotation": "The green fruit continues to be squeezed, and the juice level in the jug is increasing. No noticeable change from the previous frame."
      },
      {
        "timestamp": 17.0,
        "annotation": "A person is seen in a kitchen setting, holding a large bowl filled with a white substance, likely sugar or flour. Several clear containers with similar white substances are visible on the counter. Noticeable change: The scene has shifted to a different setting with a person present."
      },
      {
        "timestamp": 18.0,
        "annotation": "The person is now holding a red substance, likely beetroot juice, and pouring it into one of the containers filled with the white substance. Noticeable change: The person is now interacting with the red substance."
      },
      {
        "timestamp": 19.0,
        "annotation": "A close-up of the red substance being poured into the white substance. The red substance is creating a smiley face on the surface of the white substance. Noticeable change: The close-up view focuses on the interaction between the red and white substances."
      },
      {
        "timestamp": 20.0,
        "annotation": "A close-up of a pink substance with a white border. The image is slightly blurred, focusing on the texture of the pink substance. Noticeable change: The view shifts from the interaction of red and white substances to a pink substance."
      },
      {
        "timestamp": 21.0,
        "annotation": "A close-up of layered colored substances, including green, pink, yellow, and white. The layers are distinct and neatly stacked. Noticeable change: The view changes to show multiple layers of different colors."
      },
      {
        "timestamp": 22.0,
        "annotation": "A woman in a floral dress and black hijab is seen in a kitchen, looking down at the layered substances. Noticeable change: A person appears in the frame, focusing on the layers of substances."
      },
      {
        "timestamp": 23.0,
        "annotation": "A close-up of a hand holding a tool, possibly a knife or spatula, above the green layer. Noticeable change: The focus shifts to a close-up of a hand with a tool."
      },
      {
        "timestamp": 24.0,
        "annotation": "A close-up of the green substance with a textured surface, resembling small circular patterns. Noticeable change: The view zooms in on the textured surface of the green substance."
      },
      {
        "timestamp": 25.0,
        "annotation": "The woman is using a tool to create patterns on the green substance. Noticeable change: The woman starts working on the green substance, creating patterns."
      },
      {
        "timestamp": 26.0,
        "annotation": "The woman continues to work on the green substance, focusing on the detailed patterns. Noticeable change: The woman's actions are more detailed, showing the intricacy of the patterns."
      },
      {
        "timestamp": 27.0,
        "annotation": "The woman is seen working on the green substance with the text '3 days of work' displayed. Noticeable change: Text appears on the screen indicating the effort involved."
      },
      {
        "timestamp": 28.0,
        "annotation": "A close-up of hands carefully placing small green circular pieces on the green substance. Noticeable change: The view focuses on the hands placing small green pieces."
      },
      {
        "timestamp": 29.0,
        "annotation": "The hands continue to place small green circular pieces, creating a detailed texture. Noticeable change: The detailed placement of green pieces continues, emphasizing the craftsmanship."
      },
      {
        "timestamp": 30.0,
        "annotation": "A close-up view of hands placing small green circular pieces, creating a detailed texture. The background is blurred, focusing on the craftsmanship. Noticeable change: The detailed placement of green pieces continues, emphasizing the craftsmanship."
      },
      {
        "timestamp": 31.0,
        "annotation": "The hands continue to place small green circular pieces, creating a detailed texture. The background remains blurred, maintaining focus on the craftsmanship. Noticeable change: The detailed placement of green pieces continues, emphasizing the craftsmanship."
      },
      {
        "timestamp": 32.0,
        "annotation": "The hands continue to place small green circular pieces, creating a detailed texture. The background remains blurred, maintaining focus on the craftsmanship. Noticeable change: The detailed placement of green pieces continues, emphasizing the craftsmanship."
      },
      {
        "timestamp": 33.0,
        "annotation": "The hands continue to place small green circular pieces, creating a detailed texture. The background remains blurred, maintaining focus on the craftsmanship. Noticeable change: The detailed placement of green pieces continues, emphasizing the craftsmanship."
      },
      {
        "timestamp": 34.0,
        "annotation": "The hands continue to place small green circular pieces, creating a detailed texture. The background remains blurred, maintaining focus on the craftsmanship. Noticeable change: The detailed placement of green pieces continues, emphasizing the craftsmanship."
      },
      {
        "timestamp": 35.0,
        "annotation": "The hands continue to place small green circular pieces, creating a detailed texture. The background remains blurred, maintaining focus on the craftsmanship. Noticeable change: The detailed placement of green pieces continues, emphasizing the craftsmanship."
      },
      {
        "timestamp": 36.0,
        "annotation": "The hands continue to place small green circular pieces, creating a detailed texture. The background remains blurred, maintaining focus on the craftsmanship. Noticeable change: The detailed placement of green pieces continues, emphasizing the craftsmanship."
      },
      {
        "timestamp": 37.0,
        "annotation": "The hands continue to place small green circular pieces, creating a detailed texture. The background remains blurred, maintaining focus on the craftsmanship. Noticeable change: The detailed placement of green pieces continues, emphasizing the craftsmanship."
      },
      {
        "timestamp": 38.0,
        "annotation": "The hands continue to place small green circular pieces, creating a detailed texture. The background remains blurred, maintaining focus on the craftsmanship. Noticeable change: The detailed placement of green pieces continues, emphasizing the craftsmanship."
      },
      {
        "timestamp": 39.0,
        "annotation": "The hands continue to place small green circular pieces, creating a detailed texture. The background remains blurred, maintaining focus on the craftsmanship. Noticeable change: The detailed placement of green pieces continues, emphasizing the craftsmanship."
      },
      {
        "timestamp": 40.0,
        "annotation": "A close-up view of a mixture of yogurt, strawberry juice, and honey. The ingredients are being combined, creating a smooth, pinkish texture. Noticeable change: Introduction of the ingredients and their blending process."
      },
      {
        "timestamp": 41.0,
        "annotation": "The mixture is being whisked with a fork, incorporating air and creating a more uniform consistency. Noticeable change: The whisking action is more prominent, showing the mixture becoming smoother."
      },
      {
        "timestamp": 42.0,
        "annotation": "The whisking continues, with the mixture becoming increasingly smooth and well-blended. Noticeable change: The texture of the mixture appears more homogeneous."
      },
      {
        "timestamp": 43.0,
        "annotation": "The mixture is now being poured into small plastic cups. Noticeable change: The focus shifts from blending to portioning the mixture into individual servings."
      },
      {
        "timestamp": 44.0,
        "annotation": "The pouring continues, filling up the cups with the pink mixture. Noticeable change: More cups are being filled, showing the progression of the portioning process."
      },
      {
        "timestamp": 45.0,
        "annotation": "The cups are now filled and arranged in rows on a table. Noticeable change: The focus shifts to the arrangement of the filled cups."
      },
      {
        "timestamp": 46.0,
        "annotation": "A close-up view of the filled cups, showing the mixture inside. Noticeable change: The perspective changes to a closer view of the cups."
      },
      {
        "timestamp": 47.0,
        "annotation": "A person is seen holding a tray with a baked item, possibly related to the previous mixture. Noticeable change: Introduction of a new element, the baked item, suggesting a different stage of the process."
      },
      {
        "timestamp": 48.0,
        "annotation": "A close-up view of a cup filled with the mixture, topped with various colorful ingredients such as dried fruits and nuts. Noticeable change: Addition of toppings to the mixture, enhancing its visual appeal."
      },
      {
        "timestamp": 49.0,
        "annotation": "Multiple cups filled with the mixture and topped with ingredients are arranged in rows. Noticeable change: The final presentation of the cups, ready for serving or display."
      },
      {
        "timestamp": 50.0,
        "annotation": "Multiple cups filled with a mixture and topped with various ingredients are arranged in rows. The scene appears to be in a kitchen or food preparation area. No noticeable change from the previous frame as it is the first frame being described."
      },
      {
        "timestamp": 51.0,
        "annotation": "The scene remains the same as the previous frame. Multiple cups filled with a mixture and topped with various ingredients are arranged in rows. No noticeable change from the previous frame."
      },
      {
        "timestamp": 52.0,
        "annotation": "The scene remains the same as the previous frame. Multiple cups filled with a mixture and topped with various ingredients are arranged in rows. No noticeable change from the previous frame."
      },
      {
        "timestamp": 53.0,
        "annotation": "The scene changes to an outdoor setting. A group of children and adults are gathered around a woman who is holding a tray of cups similar to those seen in the previous frames. The woman is distributing the cups to the children."
      },
      {
        "timestamp": 54.0,
        "annotation": "The scene continues in the outdoor setting. The woman is still distributing the cups to the children. Some children are already holding cups and appear to be eating the contents."
      },
      {
        "timestamp": 55.0,
        "annotation": "The scene continues in the outdoor setting. More children are receiving cups from the woman. The gathering appears to be a community event or a party."
      },
      {
        "timestamp": 56.0,
        "annotation": "The scene continues in the outdoor setting. Children are seen enjoying their cups. The woman is interacting with the children, ensuring everyone gets a cup."
      }
    ],
    "whole_video_annotation": "The video appears to be a compilation of various scenes related to food preparation and presentation, with a focus on contrasting unhealthy and healthy food choices. Here's a brief description of what happens:\n\n1. **Initial Scene (Frames 0-7):** A person is seen dramatically pouring cereal and milk into a bowl, creating a messy scene. This is contrasted with a text overlay suggesting a preference for junk food over healthy food.\n\n2. **Healthy Food Reaction (Frames 8-9):** Another person is shown holding an apple, emphasizing a healthier food choice, and then eating cereal dramatically, mimicking the first person's reaction.\n\n3. **Juice Preparation (Frames 10-16):** A hand is seen peeling a banana and squeezing it into a measuring jug with orange juice. Additionally, a green fruit, likely a kiwi, is squeezed into the jug, changing the juice color.\n\n4. **Artistic Food Presentation (Frames 17-39):** A woman in a floral dress and black hijab is seen creating intricate patterns on layered colored substances, possibly for a dessert or artistic food display. The process is detailed and time-consuming, as indicated by the text \"3 days of work.\"\n\n5. **Mixture Preparation (Frames 40-46):** A mixture of yogurt, strawberry juice, and honey is prepared, whisked, and poured into small plastic cups.\n\n6. **Final Presentation (Frames 47-52):** The cups are topped with various ingredients like dried fruits and nuts, and arranged neatly for serving or display.\n\n7. **Outdoor Distribution (Frames 53-56):** The scene shifts to an outdoor setting where a woman distributes the prepared cups to a group of children and adults, likely at a community event or party.\n\nRegarding the question about the hair color of the third person in the video:\n\nThe third person appears in Frame 17 and is described as a woman wearing a floral dress and a black hijab. The hijab covers her hair, making it impossible to determine her natural hair color from the provided frames. Therefore, based on the visual information given, none of the options (A. Black, B. Blonde with dark roots, C. Red, D. Brown) can be accurately determined.",
    "annotations_summary": "The video is a compilation of scenes that contrast unhealthy and healthy food choices, focusing on dramatic food preparation and artistic presentation. Here's a brief summary:\n\n1. **Unhealthy Food Choice (Frames 0-7):**\n   - A person dramatically pours cereal and milk into a bowl, creating a messy scene. The text overlay suggests a preference for junk food over healthy food.\n\n2. **Healthy Food Reaction (Frames 8-9):**\n   - Another person holds an apple, emphasizing a healthier choice, and then eats cereal dramatically, mimicking the first person's reaction.\n\n3. **Juice Preparation (Frames 10-16):**\n   - A hand peels a banana and squeezes it into a measuring jug with orange juice. A green fruit, likely a kiwi, is also squeezed into the jug, changing the juice color.\n\n4. **Artistic Food Presentation (Frames 17-39):**\n   - A woman in a floral dress and black hijab creates intricate patterns on layered colored substances, possibly for a dessert or artistic food display. The process is detailed and time-consuming, indicated by the text \"3 days of work.\"\n\n5. **Mixture Preparation (Frames 40-46):**\n   - A mixture of yogurt, strawberry juice, and honey is prepared, whisked, and poured into small plastic cups.\n\n6. **Final Presentation (Frames 47-52):**\n   - The cups are topped with various ingredients like dried fruits and nuts and arranged neatly for serving or display.\n\n7. **Outdoor Distribution (Frames 53-56):**\n   - The scene shifts to an outdoor setting where a woman distributes the prepared cups to a group of children and adults, likely at a community event or party.\n\nRegarding the hair color of the third person (the woman in the floral dress and black hijab), it is not possible to determine her natural hair color from the provided frames, as her hair is covered by the hijab."
  }
}