{
  "qid": "0567-3",
  "video_id": "trYIAMCLeOs",
  "video_path": "videos\\0567_trYIAMCLeOs.mp4",
  "main_question": "Is the third person in the video the one with blonde hair and dark roots?",
  "sub_questions": "To better understand the video and address the main question, here are three helpful sub-questions:\n\n1. **Can you describe the appearance of all three individuals in the video?**\n   - This will help identify the specific characteristics of each person, including hair color and any notable features.\n\n2. **Is there a clear view of the third person's hair throughout the video?**\n   - This will determine if there is sufficient visual evidence to accurately describe the third person's hair color and roots.\n\n3. **Are there any distinguishing features or actions that can help identify the third person apart from their hair?**\n   - This can provide additional context or visual cues to confirm the identity of the third person in the video.",
  "annotations": {
    "frame_annotations": [
      {
        "timestamp": 0.0,
        "annotation": "A person with blonde hair and dark roots is holding a large red bucket over a clear bowl on a kitchen counter. The person appears to be in the middle of pouring something into the bowl. There is a text overlay on the image that reads, 'when I want cereal:' and a comment bubble that says, 'please stop the junk food, they need healthy food!!'"
      },
      {
        "timestamp": 1.0,
        "annotation": "The person starts to pour cereal from the red bucket into the clear bowl. The cereal is flowing out in a steady stream. The person's expression is one of exaggerated excitement or anticipation. No significant change in the surroundings."
      },
      {
        "timestamp": 2.0,
        "annotation": "More cereal is being poured into the bowl, which is now about half full. The person's mouth is open, possibly indicating a sound of excitement or surprise. No significant change in the surroundings."
      },
      {
        "timestamp": 3.0,
        "annotation": "The bowl is nearly full of cereal. The person is still pouring, and the cereal is spilling over the sides of the bowl onto the counter. The person's expression remains one of exaggerated excitement. No significant change in the surroundings."
      },
      {
        "timestamp": 4.0,
        "annotation": "The person is now using two large white mitts to pour what appears to be milk over the cereal in the bowl. The milk is splashing out and mixing with the spilled cereal on the counter. The person's expression is one of playful exaggeration. No significant change in the surroundings."
      },
      {
        "timestamp": 5.0,
        "annotation": "The milk is continuing to pour over the cereal, creating a messy scene with cereal and milk spread across the counter. The person's arms are fully extended, emphasizing the action. No significant change in the surroundings."
      },
      {
        "timestamp": 6.0,
        "annotation": "The person is now using their hand to pick up a piece of cereal from the messy counter. Their expression is one of satisfaction or contentment. No significant change in the surroundings."
      },
      {
        "timestamp": 7.0,
        "annotation": "The person is bringing the piece of cereal to their mouth, appearing to take a bite. The messy counter with spilled cereal and milk is still visible. No significant change in the surroundings."
      },
      {
        "timestamp": 8.0,
        "annotation": "The scene changes to a different person, a woman with dark hair, holding an apple above her head in a kitchen. There are baskets of fruits and vegetables on the counter in front of her. The text overlay reads, 'My wasting cereal reaction'."
      },
      {
        "timestamp": 9.0,
        "annotation": "The woman is now bringing a spoonful of cereal to her mouth, appearing to take a bite. There is a large bowl of cereal on the counter in front of her, and the text overlay remains the same. Noticeable change: different person and setting."
      },
      {
        "timestamp": 10.0,
        "annotation": "A close-up of a hand peeling a banana. The background is blurred, focusing on the banana and the hand. Noticeable change: different person, setting, and activity compared to the previous annotation."
      },
      {
        "timestamp": 11.0,
        "annotation": "The hand is now squeezing the peeled banana over a measuring jug containing orange juice. The text overlay reads 'natural juice' and 'jugo de frutas'. Noticeable change: the banana is now being squeezed."
      },
      {
        "timestamp": 12.0,
        "annotation": "The hand continues to squeeze the banana, adding more pulp to the jug. The juice level in the jug rises slightly. Noticeable change: more banana pulp is added to the jug."
      },
      {
        "timestamp": 13.0,
        "annotation": "The hand releases the banana pulp into the jug, which now contains a greenish mixture. The text overlay remains the same. Noticeable change: the color of the juice changes to green."
      },
      {
        "timestamp": 14.0,
        "annotation": "A close-up of a measuring jug filled with dark red juice. The text overlay is not visible in this frame. Noticeable change: different juice color and no hand visible."
      },
      {
        "timestamp": 15.0,
        "annotation": "A woman in a kitchen holding a large bowl filled with a white substance, possibly flour or sugar. There are several clear containers with similar substances around her. Noticeable change: different setting and activity."
      },
      {
        "timestamp": 16.0,
        "annotation": "The woman is now holding a blender jar filled with a purple substance, likely a smoothie or juice. The same containers are visible on the counter. Noticeable change: the woman is holding a different item."
      },
      {
        "timestamp": 17.0,
        "annotation": "A close-up of a blender jar pouring purple substance into one of the clear containers filled with a white substance. Noticeable change: pouring action starts."
      },
      {
        "timestamp": 18.0,
        "annotation": "The purple substance is being poured into the white substance, creating a layered effect. Noticeable change: the pouring continues, creating a visible layer."
      },
      {
        "timestamp": 19.0,
        "annotation": "A close-up of mixed fruits: kiwi, mango, beetroot, and strawberry. The text overlay lists the fruits. Noticeable change: different focus on various fruits."
      },
      {
        "timestamp": 20.0,
        "annotation": "A close-up of a pink fondant layer on a cake. The background is blurred, focusing on the texture of the fondant. Noticeable change: Transition from mixed fruits to cake decoration."
      },
      {
        "timestamp": 21.0,
        "annotation": "A close-up of layered fondant in various colors: green, pink, yellow, and white. The focus is on the smooth layers. Noticeable change: Introduction of multiple colored fondant layers."
      },
      {
        "timestamp": 22.0,
        "annotation": "A person in a floral dress and black top is seen working on a cake. She is smoothing out the green fondant layer. Noticeable change: Introduction of a person actively working on the cake."
      },
      {
        "timestamp": 23.0,
        "annotation": "A close-up of a hand smoothing out the green fondant layer on the cake. Noticeable change: Focus shifts to the hand action."
      },
      {
        "timestamp": 24.0,
        "annotation": "A close-up of the green fondant layer showing a textured pattern, likely representing kiwi skin. Noticeable change: Introduction of texture details on the fondant."
      },
      {
        "timestamp": 25.0,
        "annotation": "The person is using a tool to create a detailed texture on the green fondant layer. Noticeable change: The person is actively texturing the fondant."
      },
      {
        "timestamp": 26.0,
        "annotation": "The person continues to work on the green fondant, creating a textured pattern. Noticeable change: The texturing process is ongoing."
      },
      {
        "timestamp": 27.0,
        "annotation": "The person is seen from a different angle, still working on the green fondant layer. The text '3 days of work' appears on the screen. Noticeable change: Introduction of text overlay indicating the effort involved."
      },
      {
        "timestamp": 28.0,
        "annotation": "A close-up of the hands creating small, round textures on the green fondant, resembling kiwi seeds. Noticeable change: Detailed view of the texturing process."
      },
      {
        "timestamp": 29.0,
        "annotation": "Another close-up of the hands continuing to create the textured pattern on the green fondant. Noticeable change: Continued focus on the detailed texturing work."
      },
      {
        "timestamp": 30.0,
        "annotation": "Close-up of a hand with long nails, one of which is black and the other green, holding a small piece of purple fondant. The background is blurred, focusing on the hand and the fondant. Noticeable change: Shift from texturing green fondant to handling purple fondant."
      },
      {
        "timestamp": 31.0,
        "annotation": "Close-up of a mixture of purple and white fondant pieces. The camera is focused on the textures and colors of the fondant. Noticeable change: Introduction of white fondant pieces alongside the purple ones."
      },
      {
        "timestamp": 32.0,
        "annotation": "Close-up of a mixture of purple and white fondant pieces from a slightly different angle. The camera is still focused on the textures and colors of the fondant. Noticeable change: Slight change in angle, providing a different perspective on the fondant mixture."
      },
      {
        "timestamp": 33.0,
        "annotation": "A spoon is seen pouring a liquid, likely yogurt, into a glass jar. The background is blurred, focusing on the pouring action. Noticeable change: Shift from fondant handling to yogurt pouring."
      },
      {
        "timestamp": 34.0,
        "annotation": "A hand is seen holding a jar of yogurt, with text overlay indicating 'homemade yogurt yogurt natural.' The background is blurred, focusing on the hand and the jar. Noticeable change: Introduction of a jar of yogurt and text overlay."
      },
      {
        "timestamp": 35.0,
        "annotation": "A close-up of a white kettle pouring liquid into glass jars filled with yogurt. The background is blurred, focusing on the pouring action. Noticeable change: Introduction of a kettle pouring liquid into the jars."
      },
      {
        "timestamp": 36.0,
        "annotation": "A woman is seen holding a white kettle, pouring liquid into glass jars of yogurt. The background shows a kitchen setting. Noticeable change: Introduction of the woman and a wider view of the kitchen."
      },
      {
        "timestamp": 37.0,
        "annotation": "A close-up of a hand holding a wooden spoon, scooping yogurt from a jar. The background is blurred, focusing on the hand and the spoon. Noticeable change: Shift from pouring to scooping yogurt."
      },
      {
        "timestamp": 38.0,
        "annotation": "A close-up of a wooden spoon with a scoop of yogurt being transferred to another jar. The background is blurred, focusing on the spoon and the yogurt. Noticeable change: Yogurt is being transferred to another jar."
      },
      {
        "timestamp": 39.0,
        "annotation": "A close-up of a wooden spoon with a scoop of yogurt above a jar, ready to be deposited. The background is blurred, focusing on the spoon and the yogurt. Noticeable change: The spoon is positioned above the jar, ready to deposit the yogurt."
      },
      {
        "timestamp": 40.0,
        "annotation": "A close-up of a wooden spoon with a scoop of yogurt above a jar, ready to be deposited. The background is blurred, focusing on the spoon and the yogurt. Noticeable change: The spoon is positioned above the jar, ready to deposit the yogurt."
      },
      {
        "timestamp": 41.0,
        "annotation": "The spoon begins to tilt slightly, starting to deposit the yogurt into the jar. Noticeable change: The angle of the spoon changes as it starts to pour the yogurt."
      },
      {
        "timestamp": 42.0,
        "annotation": "More yogurt is being poured into the jar. Noticeable change: The amount of yogurt in the spoon decreases as it continues to pour."
      },
      {
        "timestamp": 43.0,
        "annotation": "The yogurt is almost fully deposited into the jar. Noticeable change: The spoon is almost empty, with only a small amount of yogurt left."
      },
      {
        "timestamp": 44.0,
        "annotation": "The spoon is now empty, and the jar is filled with yogurt. Noticeable change: The spoon is empty, and the yogurt is fully in the jar."
      },
      {
        "timestamp": 45.0,
        "annotation": "Strawberry juice is being added to the yogurt in the jar. Noticeable change: A red liquid (strawberry juice) is visible being poured into the jar."
      },
      {
        "timestamp": 46.0,
        "annotation": "The strawberry juice is being mixed into the yogurt using a whisk. Noticeable change: A whisk appears in the frame, mixing the strawberry juice into the yogurt."
      },
      {
        "timestamp": 47.0,
        "annotation": "The mixture of yogurt and strawberry juice is becoming more homogeneous. Noticeable change: The color of the mixture is becoming more uniform."
      },
      {
        "timestamp": 48.0,
        "annotation": "Honey is being drizzled over the mixture. Noticeable change: A golden liquid (honey) is visible being poured over the mixture."
      },
      {
        "timestamp": 49.0,
        "annotation": "The mixture is ready, with yogurt, strawberry juice, and honey combined. Noticeable change: The final mixture is complete, with all ingredients visible."
      },
      {
        "timestamp": 50.0,
        "annotation": "A group of children and adults are gathered in a street. A woman in a floral dress is holding a tray with small cups filled with colorful toppings. Noticeable change: The scene shifts from an indoor setting with a mixture to an outdoor setting with people."
      },
      {
        "timestamp": 51.0,
        "annotation": "The woman in the floral dress is interacting with the children, who are reaching out to take the cups from the tray. Noticeable change: Children are now more actively engaging with the woman and the tray."
      },
      {
        "timestamp": 52.0,
        "annotation": "A man with a stick is seen in the background, seemingly unrelated to the main activity. The woman continues to distribute the cups. Noticeable change: A new person (the man with the stick) appears in the background."
      },
      {
        "timestamp": 53.0,
        "annotation": "The woman in the floral dress is now seen from a different angle, still distributing the cups. More children are visible, eagerly waiting their turn. Noticeable change: The perspective changes, showing more children in the scene."
      },
      {
        "timestamp": 54.0,
        "annotation": "The woman in the floral dress is now facing away from the camera, continuing to hand out the cups. The children are still eagerly reaching for the cups. Noticeable change: The woman's position relative to the camera changes."
      },
      {
        "timestamp": 55.0,
        "annotation": "The scene shows more children and adults gathered around, with some children already holding cups. The woman in the floral dress is still distributing the cups. Noticeable change: More people are now visible in the scene."
      },
      {
        "timestamp": 56.0,
        "annotation": "The woman in the floral dress is seen from the side, continuing to hand out the cups. The children are actively taking the cups and examining their contents. Noticeable change: The perspective changes again, showing the side view of the woman."
      }
    ],
    "whole_video_annotation": "The video appears to be a compilation of various scenes related to food preparation and presentation, with a focus on healthy eating and creative culinary techniques. Here's a general description of what is happening:\n\nThe video starts with a humorous segment where a person with blonde hair and dark roots is exaggeratedly pouring cereal and milk into a bowl, creating a messy scene. This is followed by a contrasting scene of a woman with dark hair holding an apple, emphasizing a healthier approach to eating.\n\nSubsequent scenes show different activities related to food preparation:\n- A hand peeling a banana and squeezing it into a jug of orange juice to make a natural juice.\n- A woman handling various substances, possibly flour or sugar, and blending a purple substance, likely a smoothie or juice.\n- Detailed cake decoration involving multiple layers of colored fondant, with a person meticulously texturing the fondant to resemble fruits like kiwi.\n- The preparation of homemade yogurt, with strawberry juice and honey being added to create a mixed yogurt drink.\n- Finally, the video shifts to an outdoor setting where a woman in a floral dress is distributing small cups filled with colorful toppings to a group of children and adults.\n\nRegarding the user's question: The third person in the video is not the one with blonde hair and dark roots. The third person is a woman with dark hair holding an apple, appearing in Frame 8.",
    "annotations_summary": "The video is a compilation of various scenes focused on food preparation and presentation, highlighting both humorous and healthy eating themes. Here's a brief summary:\n\n1. **Humorous Cereal Scene (0.0s - 7.0s):**\n   - A person with blonde hair and dark roots exaggeratedly pours cereal and milk into a bowl, creating a messy scene. The person's expressions and actions are playful and exaggerated.\n\n2. **Healthy Eating Contrast (8.0s - 9.0s):**\n   - A woman with dark hair holds an apple, emphasizing a healthier approach to eating. She is also seen eating cereal from a bowl, but the focus is on the healthier option.\n\n3. **Natural Juice Preparation (10.0s - 14.0s):**\n   - A hand peels a banana and squeezes it into a jug of orange juice, creating a natural juice mixture. The juice changes color as more banana pulp is added.\n\n4. **Food Handling and Blending (15.0s - 18.0s):**\n   - A woman handles substances like flour or sugar and blends a purple substance, likely a smoothie or juice. The blending process creates a layered effect in a clear container.\n\n5. **Cake Decoration (19.0s - 32.0s):**\n   - Detailed cake decoration involves multiple layers of colored fondant. A person meticulously textures the green fondant to resemble kiwi skin and seeds. The process is shown from various angles and close-ups.\n\n6. **Homemade Yogurt Preparation (33.0s - 49.0s):**\n   - The preparation of homemade yogurt is shown, with strawberry juice and honey being added to create a mixed yogurt drink. The process includes pouring, mixing, and drizzling ingredients.\n\n7. **Outdoor Food Distribution (50.0s - 56.0s):**\n   - The video shifts to an outdoor setting where a woman in a floral dress distributes small cups filled with colorful toppings to a group of children and adults. The scene is lively, with children eagerly reaching for the cups.\n\nThe video effectively contrasts humorous and messy food preparation with more structured and healthy food presentation, culminating in a community-focused outdoor scene."
  }
}