{
  "qid": "0571-3",
  "video_id": "ragJEXeqcbE",
  "video_path": "videos\\0571_ragJEXeqcbE.mp4",
  "main_question": "Is the man's ring worn on the ring finger of his right hand in the video?",
  "sub_questions": "To better understand the video and answer the main question, consider the following sub-questions:\n\n1. **Which hand is predominantly visible in the video?**\n   - This will help determine if the right hand is even visible and if the ring can be observed.\n\n2. **Are there any close-up shots of the man's hands, particularly the right hand?**\n   - Close-up shots would provide a clearer view of whether a ring is worn on the ring finger of the right hand.\n\n3. **Does the video show the man performing any actions that might reveal the ring on his right hand?**\n   - Actions such as gesturing, holding objects, or interacting with others might inadvertently show the ring finger of the right hand.",
  "annotations": {
    "frame_annotations": [
      {
        "timestamp": 0.0,
        "annotation": "A man is seen wearing a yellow shirt and a cap. He is holding a 3D puzzle made of black and white cubes. The man's hands are visible, and he appears to be in the process of assembling the puzzle."
      },
      {
        "timestamp": 0.96,
        "annotation": "The man continues to manipulate the 3D puzzle. No significant change in the puzzle's structure is observed from the previous frame."
      },
      {
        "timestamp": 1.92,
        "annotation": "The man is still working on the 3D puzzle. The puzzle appears to be taking a more defined shape, possibly forming a triangular structure."
      },
      {
        "timestamp": 2.88,
        "annotation": "The man has almost completed the assembly of the 3D puzzle. The structure now clearly resembles a triangular shape with an inner cutout."
      },
      {
        "timestamp": 3.84,
        "annotation": "The man has finished assembling the 3D puzzle. He is now holding the completed triangular structure with an inner cutout."
      },
      {
        "timestamp": 4.8,
        "annotation": "The man places the completed 3D puzzle on a green surface. His hands are visible, and he appears to be admiring the finished puzzle."
      },
      {
        "timestamp": 5.76,
        "annotation": "The man's hand is seen pointing at the completed 3D puzzle on the green surface. The puzzle remains unchanged."
      },
      {
        "timestamp": 6.72,
        "annotation": "The man's hand is still pointing at the 3D puzzle. The puzzle's position and appearance have not changed from the previous frame."
      },
      {
        "timestamp": 7.67,
        "annotation": "The man leans in closer to the 3D puzzle, with his face more visible. The puzzle remains in the same position on the green surface."
      },
      {
        "timestamp": 8.63,
        "annotation": "The 3D puzzle is shown in close-up, highlighting its triangular shape with an inner cutout. The man's hands are not visible in this frame."
      },
      {
        "timestamp": 9.59,
        "annotation": "The 3D puzzle is shown in close-up, highlighting its triangular shape with an inner cutout. The man's hands are not visible in this frame."
      },
      {
        "timestamp": 10.55,
        "annotation": "The 3D puzzle remains in close-up, with no visible change in its position or the man's hands, which are still not in the frame."
      },
      {
        "timestamp": 11.51,
        "annotation": "The 3D puzzle is still in close-up. The man's hands are not visible in this frame."
      },
      {
        "timestamp": 12.47,
        "annotation": "The 3D puzzle is shown in close-up. The man's hands are not visible in this frame."
      },
      {
        "timestamp": 13.43,
        "annotation": "The 3D puzzle is shown in close-up. The man's hands are not visible in this frame."
      },
      {
        "timestamp": 14.39,
        "annotation": "The 3D puzzle is shown in close-up. The man's hands are not visible in this frame."
      },
      {
        "timestamp": 15.35,
        "annotation": "The 3D puzzle is shown in close-up. The man's hands are not visible in this frame."
      },
      {
        "timestamp": 16.31,
        "annotation": "The 3D puzzle is shown in close-up. The man's hands are not visible in this frame."
      },
      {
        "timestamp": 17.27,
        "annotation": "The 3D puzzle is shown in close-up. The man's hands are not visible in this frame."
      },
      {
        "timestamp": 18.23,
        "annotation": "The man's hands are now visible, holding the 3D puzzle. The puzzle appears to be a triangular piece with an inner cutout. The man is wearing a yellow t-shirt with a bicycle design and has several tattoos on his arms. The ring is visible on the ring finger of his right hand."
      },
      {
        "timestamp": 19.19,
        "annotation": "The man is holding a 3D puzzle piece above a green surface. The puzzle piece appears to be a cube with an inner cutout. The man is wearing a yellow t-shirt with a bicycle design and has several tattoos on his arms. The ring is visible on the ring finger of his right hand."
      },
      {
        "timestamp": 20.15,
        "annotation": "The man is lowering the 3D puzzle piece towards the green surface. The ring remains visible on the ring finger of his right hand."
      },
      {
        "timestamp": 21.1,
        "annotation": "The man is placing the 3D puzzle piece onto the green surface. The ring is still visible on the ring finger of his right hand."
      },
      {
        "timestamp": 22.06,
        "annotation": "The man is holding the 3D puzzle piece with both hands, adjusting its position on the green surface. The ring is visible on the ring finger of his right hand."
      },
      {
        "timestamp": 23.02,
        "annotation": "The man is continuing to adjust the 3D puzzle piece. The ring is still visible on the ring finger of his right hand."
      },
      {
        "timestamp": 23.98,
        "annotation": "The man is lifting his left hand away from the 3D puzzle piece, while his right hand remains in place. The ring is visible on the ring finger of his right hand."
      },
      {
        "timestamp": 24.94,
        "annotation": "The man is now holding the 3D puzzle piece with his right hand only. The ring is visible on the ring finger of his right hand."
      },
      {
        "timestamp": 25.9,
        "annotation": "The man is lifting the 3D puzzle piece off the green surface. The ring is still visible on the ring finger of his right hand."
      },
      {
        "timestamp": 26.86,
        "annotation": "The man is holding the 3D puzzle piece above the green surface again. The ring is visible on the ring finger of his right hand."
      },
      {
        "timestamp": 27.82,
        "annotation": "The man is starting to disassemble the 3D puzzle piece. The ring is visible on the ring finger of his right hand."
      },
      {
        "timestamp": 28.78,
        "annotation": "The man continues to disassemble the 3D puzzle piece. The ring is visible on the ring finger of his right hand. No noticeable change from the previous frame."
      },
      {
        "timestamp": 29.74,
        "annotation": "The man continues to disassemble the 3D puzzle piece. The ring is visible on the ring finger of his right hand. No noticeable change from the previous frame."
      },
      {
        "timestamp": 30.7,
        "annotation": "The man continues to disassemble the 3D puzzle piece. The ring is visible on the ring finger of his right hand. No noticeable change from the previous frame."
      },
      {
        "timestamp": 31.66,
        "annotation": "The man continues to disassemble the 3D puzzle piece. The ring is visible on the ring finger of his right hand. No noticeable change from the previous frame."
      },
      {
        "timestamp": 32.62,
        "annotation": "The man continues to disassemble the 3D puzzle piece. The ring is visible on the ring finger of his right hand. No noticeable change from the previous frame."
      },
      {
        "timestamp": 33.58,
        "annotation": "The man continues to disassemble the 3D puzzle piece. The ring is visible on the ring finger of his right hand. No noticeable change from the previous frame."
      },
      {
        "timestamp": 34.53,
        "annotation": "The man continues to disassemble the 3D puzzle piece. The ring is visible on the ring finger of his right hand. No noticeable change from the previous frame."
      },
      {
        "timestamp": 35.49,
        "annotation": "The man continues to disassemble the 3D puzzle piece. The ring is visible on the ring finger of his right hand. No noticeable change from the previous frame."
      },
      {
        "timestamp": 36.45,
        "annotation": "The man continues to disassemble the 3D puzzle piece. The ring is visible on the ring finger of his right hand. No noticeable change from the previous frame."
      },
      {
        "timestamp": 37.41,
        "annotation": "The man continues to disassemble the 3D puzzle piece. The ring is visible on the ring finger of his right hand. No noticeable change from the previous frame."
      },
      {
        "timestamp": 38.37,
        "annotation": "The man continues to disassemble the 3D puzzle piece. The ring is visible on the ring finger of his right hand. No noticeable change from the previous frame."
      },
      {
        "timestamp": 39.33,
        "annotation": "The man continues to disassemble the 3D puzzle piece. The ring is visible on the ring finger of his right hand. No noticeable change from the previous frame."
      },
      {
        "timestamp": 40.29,
        "annotation": "The man continues to disassemble the 3D puzzle piece. The ring is visible on the ring finger of his right hand. No noticeable change from the previous frame."
      },
      {
        "timestamp": 41.25,
        "annotation": "The man continues to disassemble the 3D puzzle piece. The ring is visible on the ring finger of his right hand. No noticeable change from the previous frame."
      },
      {
        "timestamp": 42.21,
        "annotation": "The man continues to disassemble the 3D puzzle piece. The ring is visible on the ring finger of his right hand. No noticeable change from the previous frame."
      },
      {
        "timestamp": 43.17,
        "annotation": "The man continues to disassemble the 3D puzzle piece. The ring is visible on the ring finger of his right hand. No noticeable change from the previous frame."
      },
      {
        "timestamp": 44.13,
        "annotation": "The man continues to disassemble the 3D puzzle piece. The ring is visible on the ring finger of his right hand. No noticeable change from the previous frame."
      },
      {
        "timestamp": 45.09,
        "annotation": "The man continues to disassemble the 3D puzzle piece. The ring is visible on the ring finger of his right hand. No noticeable change from the previous frame."
      },
      {
        "timestamp": 46.05,
        "annotation": "The man continues to disassemble the 3D puzzle piece. The ring is visible on the ring finger of his right hand. No noticeable change from the previous frame."
      },
      {
        "timestamp": 47.01,
        "annotation": "The man continues to disassemble the 3D puzzle piece. The ring is visible on the ring finger of his right hand. No noticeable change from the previous frame."
      },
      {
        "timestamp": 48.92,
        "annotation": "The man continues to disassemble the 3D puzzle piece. The ring is visible on the ring finger of his right hand. No noticeable change from the previous frame."
      },
      {
        "timestamp": 49.88,
        "annotation": "The man continues to disassemble the 3D puzzle piece. The ring is visible on the ring finger of his right hand. No noticeable change from the previous frame."
      }
    ],
    "whole_video_annotation": "In the video, a man is seen assembling and then disassembling a 3D puzzle made of black and white cubes. He starts by putting together the puzzle, which eventually forms a triangular structure with an inner cutout. After completing the puzzle, he places it on a green surface and admires it. Later, he picks up the puzzle piece and begins to disassemble it.\n\nRegarding the specific question: Yes, the man's ring is worn on the ring finger of his right hand throughout the video. This detail is consistently noted in the frames where his right hand is visible.",
    "annotations_summary": "The video features a man assembling and then disassembling a 3D puzzle composed of black and white cubes. Here is a brief summary of the key actions and details:\n\n1. **Assembly Phase:**\n   - The man, wearing a yellow shirt and a cap, starts by assembling the 3D puzzle.\n   - He manipulates the puzzle, gradually forming a triangular structure with an inner cutout.\n   - Once completed, he places the puzzle on a green surface and admires it.\n   - He points at the completed puzzle and leans in closer to observe it.\n\n2. **Disassembly Phase:**\n   - The man picks up the completed puzzle piece and begins to disassemble it.\n   - He continues to disassemble the puzzle piece for the remainder of the video.\n\n3. **Consistent Details:**\n   - Throughout the video, the man's ring is visible on the ring finger of his right hand whenever his right hand is in view.\n   - The man is wearing a yellow t-shirt with a bicycle design and has several tattoos on his arms.\n\nThe video captures the man's focused effort on both assembling and disassembling the 3D puzzle, highlighting his attention to detail and the intricate nature of the puzzle."
  }
}