{
  "qid": "0571-7",
  "video_id": "ragJEXeqcbE",
  "video_path": "videos\\0571_ragJEXeqcbE.mp4",
  "main_question": "Where is the man's ring worn in the video?\nA. Ring finger of his right hand\nB. Index finger of his right hand\nC. Thumb of his left hand\nD. Middle finger of his left hand",
  "sub_questions": "To better understand the video and determine where the man's ring is worn, consider the following sub-questions:\n\n1. **Can you describe the man's hand movements in the video?**\n   - This can help identify which hand is more prominently featured or in use, providing clues about where the ring might be worn.\n\n2. **Are there any close-up shots of the man's hands in the video?**\n   - Close-up shots can offer a clearer view of the ring and the specific finger it is worn on.\n\n3. **Does the video show the man performing any actions that might reveal the ring's location, such as gesturing or handling objects?**\n   - Specific actions might inadvertently highlight the hand and finger where the ring is worn.",
  "annotations": {
    "frame_annotations": [
      {
        "timestamp": 0.0,
        "annotation": "A man is seen wearing a yellow shirt and a cap. He is holding a 3D puzzle made of black and white cubes. The puzzle is in the shape of a triangular prism."
      },
      {
        "timestamp": 0.96,
        "annotation": "The man is adjusting the 3D puzzle with both hands. The structure of the puzzle remains the same as in the previous frame."
      },
      {
        "timestamp": 1.92,
        "annotation": "The man continues to manipulate the 3D puzzle. The puzzle's shape has slightly changed, with one of the cubes being moved."
      },
      {
        "timestamp": 2.88,
        "annotation": "The man is further adjusting the puzzle. The structure is becoming more defined, and the puzzle is taking on a more complex shape."
      },
      {
        "timestamp": 3.84,
        "annotation": "The man has completed the assembly of the 3D puzzle into a cube shape. He is holding it with both hands."
      },
      {
        "timestamp": 4.8,
        "annotation": "The man is now disassembling the cube. He is removing one of the pieces from the structure."
      },
      {
        "timestamp": 5.76,
        "annotation": "The man continues to disassemble the puzzle. He is now holding a smaller triangular piece."
      },
      {
        "timestamp": 6.72,
        "annotation": "The man is manipulating the smaller triangular piece with his fingers. The piece is an optical illusion, appearing to be a continuous loop."
      },
      {
        "timestamp": 7.67,
        "annotation": "The man is still focusing on the triangular piece. He is rotating it slightly with his fingers."
      },
      {
        "timestamp": 8.63,
        "annotation": "The man is observing the triangular piece closely. The piece remains the same as in the previous frame."
      },
      {
        "timestamp": 9.59,
        "annotation": "The man is closely observing a triangular piece on a green surface. The piece remains the same as in the previous frame."
      },
      {
        "timestamp": 10.55,
        "annotation": "The man continues to observe the triangular piece. No noticeable change from the previous frame."
      },
      {
        "timestamp": 11.51,
        "annotation": "The man is still observing the triangular piece. No noticeable change from the previous frame."
      },
      {
        "timestamp": 12.47,
        "annotation": "The man is still observing the triangular piece. No noticeable change from the previous frame."
      },
      {
        "timestamp": 13.43,
        "annotation": "The man is still observing the triangular piece. No noticeable change from the previous frame."
      },
      {
        "timestamp": 14.39,
        "annotation": "The man is still observing the triangular piece. No noticeable change from the previous frame."
      },
      {
        "timestamp": 15.35,
        "annotation": "The man is still observing the triangular piece. No noticeable change from the previous frame."
      },
      {
        "timestamp": 16.31,
        "annotation": "The man is still observing the triangular piece. No noticeable change from the previous frame."
      },
      {
        "timestamp": 17.27,
        "annotation": "The man is still observing the triangular piece. No noticeable change from the previous frame."
      },
      {
        "timestamp": 18.23,
        "annotation": "The man is still observing the triangular piece. No noticeable change from the previous frame."
      },
      {
        "timestamp": 19.19,
        "annotation": "The man is holding a wireframe cube with his right hand. He is observing it closely. No noticeable change from the previous frame."
      },
      {
        "timestamp": 20.15,
        "annotation": "The man continues to hold the wireframe cube with his right hand. He is still observing it closely. No noticeable change from the previous frame."
      },
      {
        "timestamp": 21.1,
        "annotation": "The man is still holding the wireframe cube with his right hand. He is still observing it closely. No noticeable change from the previous frame."
      },
      {
        "timestamp": 22.06,
        "annotation": "The man is still holding the wireframe cube with his right hand. He is still observing it closely. No noticeable change from the previous frame."
      },
      {
        "timestamp": 23.02,
        "annotation": "The man is still holding the wireframe cube with his right hand. He is still observing it closely. No noticeable change from the previous frame."
      },
      {
        "timestamp": 23.98,
        "annotation": "The man is still holding the wireframe cube with his right hand. He is still observing it closely. No noticeable change from the previous frame."
      },
      {
        "timestamp": 24.94,
        "annotation": "The man is still holding the wireframe cube with his right hand. He is still observing it closely. No noticeable change from the previous frame."
      },
      {
        "timestamp": 25.9,
        "annotation": "The man is still holding the wireframe cube with his right hand. He is still observing it closely. No noticeable change from the previous frame."
      },
      {
        "timestamp": 26.86,
        "annotation": "The man is still holding the wireframe cube with his right hand. He is still observing it closely. No noticeable change from the previous frame."
      },
      {
        "timestamp": 27.82,
        "annotation": "The man is still holding the wireframe cube with his right hand. He is still observing it closely. No noticeable change from the previous frame."
      },
      {
        "timestamp": 28.78,
        "annotation": "The man is holding a wireframe cube with his right hand. He is observing it closely. No noticeable change from the previous frame."
      },
      {
        "timestamp": 29.74,
        "annotation": "The man is still holding the wireframe cube with his right hand. He is still observing it closely. No noticeable change from the previous frame."
      },
      {
        "timestamp": 30.7,
        "annotation": "The man is still holding the wireframe cube with his right hand. He is still observing it closely. No noticeable change from the previous frame."
      },
      {
        "timestamp": 31.66,
        "annotation": "The man is still holding the wireframe cube with his right hand. He is still observing it closely. No noticeable change from the previous frame."
      },
      {
        "timestamp": 32.62,
        "annotation": "The man is still holding the wireframe cube with his right hand. He is still observing it closely. No noticeable change from the previous frame."
      },
      {
        "timestamp": 33.58,
        "annotation": "The man is still holding the wireframe cube with his right hand. He is still observing it closely. No noticeable change from the previous frame."
      },
      {
        "timestamp": 34.53,
        "annotation": "The man is still holding the wireframe cube with his right hand. He is still observing it closely. No noticeable change from the previous frame."
      },
      {
        "timestamp": 35.49,
        "annotation": "The man is still holding the wireframe cube with his right hand. He is still observing it closely. No noticeable change from the previous frame."
      },
      {
        "timestamp": 36.45,
        "annotation": "The man is still holding the wireframe cube with his right hand. He is still observing it closely. No noticeable change from the previous frame."
      },
      {
        "timestamp": 37.41,
        "annotation": "The man is still holding the wireframe cube with his right hand. He is still observing it closely. No noticeable change from the previous frame."
      },
      {
        "timestamp": 38.37,
        "annotation": "The man is holding a wireframe cube with his right hand. He is observing it closely. No noticeable change from the previous frame."
      },
      {
        "timestamp": 39.33,
        "annotation": "The man is still holding the wireframe cube with his right hand. He is still observing it closely. No noticeable change from the previous frame."
      },
      {
        "timestamp": 40.29,
        "annotation": "The man is still holding the wireframe cube with his right hand. He is still observing it closely. No noticeable change from the previous frame."
      },
      {
        "timestamp": 41.25,
        "annotation": "The man is still holding the wireframe cube with his right hand. He is still observing it closely. No noticeable change from the previous frame."
      },
      {
        "timestamp": 42.21,
        "annotation": "The man is still holding the wireframe cube with his right hand. He is still observing it closely. No noticeable change from the previous frame."
      },
      {
        "timestamp": 43.17,
        "annotation": "The man is still holding the wireframe cube with his right hand. He is still observing it closely. No noticeable change from the previous frame."
      },
      {
        "timestamp": 44.13,
        "annotation": "The man is still holding the wireframe cube with his right hand. He is still observing it closely. No noticeable change from the previous frame."
      },
      {
        "timestamp": 45.09,
        "annotation": "The man is still holding the wireframe cube with his right hand. He is still observing it closely. No noticeable change from the previous frame."
      },
      {
        "timestamp": 46.05,
        "annotation": "The man is still holding the wireframe cube with his right hand. He is still observing it closely. No noticeable change from the previous frame."
      },
      {
        "timestamp": 47.01,
        "annotation": "The man is still holding the wireframe cube with his right hand. He is still observing it closely. No noticeable change from the previous frame."
      },
      {
        "timestamp": 47.96,
        "annotation": "The man is holding a wireframe cube with his right hand. He is observing it closely. The ring is visible on the ring finger of his right hand."
      },
      {
        "timestamp": 48.92,
        "annotation": "The man is still holding the wireframe cube with his right hand. He is still observing it closely. No noticeable change from the previous frame."
      },
      {
        "timestamp": 49.88,
        "annotation": "The man is no longer holding the wireframe cube. He is pointing at something on the green surface with his left index finger. The ring is not visible in this frame."
      }
    ],
    "whole_video_annotation": "In the video, a man is seen engaging with various 3D puzzles. Initially, he is assembling a 3D puzzle made of black and white cubes into a cube shape. After completing the assembly, he begins to disassemble it, focusing on a smaller triangular piece that appears to be an optical illusion. He spends a significant amount of time observing and manipulating this triangular piece. Later, he holds and observes a wireframe cube with his right hand for an extended period. Throughout the video, the man is seen wearing a yellow shirt and a cap.\n\nRegarding the question about the man's ring:\nThe correct answer is **A. Ring finger of his right hand**. This is evident in Frame 50, where the ring is visible on the ring finger of his right hand.",
    "annotations_summary": "The video features a man wearing a yellow shirt and a cap, who engages with various 3D puzzles. Here is a summary of his actions:\n\n1. **Assembly of a 3D Puzzle (0.0s - 3.8s)**:\n   - The man starts by holding and adjusting a 3D puzzle made of black and white cubes, initially in the shape of a triangular prism.\n   - He manipulates the puzzle, gradually transforming it into a cube shape.\n\n2. **Disassembly and Focus on a Triangular Piece (4.8s - 19.2s)**:\n   - After completing the cube, the man begins to disassemble it, focusing on a smaller triangular piece.\n   - This piece is an optical illusion, appearing as a continuous loop. He spends a significant amount of time observing and manipulating it.\n\n3. **Observation of a Wireframe Cube (19.2s - 49.9s)**:\n   - The man then holds and observes a wireframe cube with his right hand for an extended period.\n   - Throughout this time, he is seen wearing a ring on the ring finger of his right hand, which becomes visible in Frame 48.\n\n4. **Final Action (49.9s)**:\n   - In the last frame, the man is no longer holding the wireframe cube and is pointing at something on a green surface with his left index finger.\n\nThe man's actions are methodical and focused, with prolonged periods of observation and manipulation of the puzzles."
  }
}