{
  "qid": "0576-1",
  "video_id": "3bisVkxCA0c",
  "video_path": "videos\\0576_3bisVkxCA0c.mp4",
  "main_question": "Who in the video is wearing a belt?",
  "sub_questions": "To better understand the video and answer the main question \"Who in the video is wearing a belt?\", consider the following sub-questions:\n\n1. **Can you describe the clothing of each person in the video?**\n   - This will help identify who might be wearing a belt.\n\n2. **Are there any close-up shots or clear views of the waist areas of the individuals in the video?**\n   - This can confirm the presence of belts.\n\n3. **Is there any dialogue or narration in the video that mentions belts or clothing accessories?**\n   - This might provide additional context or confirmation about who is wearing a belt.",
  "annotations": {
    "frame_annotations": [
      {
        "timestamp": 0.0,
        "annotation": "Two individuals labeled as 'millennial' and 'GEN-Z' are standing in a closet. Both are wearing black dresses and black tights. The millennial is wearing black shoes, while the GEN-Z individual is wearing maroon socks and black shoes."
      },
      {
        "timestamp": 1.0,
        "annotation": "The millennial is now crossing her arms, while the GEN-Z individual is still standing with her arms at her sides. No change in clothing."
      },
      {
        "timestamp": 2.0,
        "annotation": "Both individuals are now smiling and looking directly at the camera. No change in clothing or posture."
      },
      {
        "timestamp": 3.0,
        "annotation": "The millennial is now holding a white blouse, and the GEN-Z individual is holding a pink scarf. No change in their dresses or tights."
      },
      {
        "timestamp": 4.0,
        "annotation": "The millennial has put on the white blouse over her black dress, while the GEN-Z individual has wrapped the pink scarf around her neck. No change in tights or shoes."
      },
      {
        "timestamp": 5.0,
        "annotation": "The millennial is now buttoning up her blouse, while the GEN-Z individual is adjusting the scarf. No change in tights or shoes."
      },
      {
        "timestamp": 6.0,
        "annotation": "The millennial has fully buttoned up her blouse and is standing with her hands at her sides. The GEN-Z individual is still adjusting her scarf."
      },
      {
        "timestamp": 7.0,
        "annotation": "The millennial is now wearing a gray sweater over her blouse and dress. The GEN-Z individual is wearing a gray sweater over her dress and has removed the scarf."
      },
      {
        "timestamp": 8.0,
        "annotation": "Both individuals are now smiling and looking directly at the camera. No change in clothing."
      },
      {
        "timestamp": 9.0,
        "annotation": "Both individuals are standing with their hands in their pockets. No change in clothing."
      },
      {
        "timestamp": 10.0,
        "annotation": "Both individuals are standing with their hands in their pockets. No change in clothing. The individual labeled 'millennial' is wearing a belt."
      },
      {
        "timestamp": 11.0,
        "annotation": "Both individuals are still standing with their hands in their pockets. No change in clothing. The individual labeled 'millennial' is wearing a belt."
      },
      {
        "timestamp": 12.0,
        "annotation": "Both individuals are still standing with their hands in their pockets. The individual labeled 'millennial' is now holding a pair of shoes. The individual labeled 'millennial' is wearing a belt."
      },
      {
        "timestamp": 13.0,
        "annotation": "The individual labeled 'millennial' is now holding a bag across their body. The individual labeled 'GEN-Z' is holding a bag in their hand. The individual labeled 'millennial' is wearing a belt."
      }
    ],
    "whole_video_annotation": "In the video, two individuals labeled as 'millennial' and 'GEN-Z' are in a closet, initially both wearing black dresses and black tights. Throughout the video, they change their outfits by adding and adjusting various pieces of clothing, such as a white blouse, a pink scarf, gray sweaters, and accessories like bags and shoes. They also change their postures and expressions, such as crossing arms, smiling, and placing hands in their pockets.\n\nRegarding the specific question: The individual labeled 'millennial' is wearing a belt, as noted starting from Frame 10.",
    "annotations_summary": "The video features two individuals labeled as 'millennial' and 'GEN-Z' who are in a closet and go through a series of outfit changes and posture adjustments. Here's a brief summary:\n\n- **Initial State (0.0s-1.0s):** Both individuals are wearing black dresses and black tights. The millennial is wearing black shoes, while the GEN-Z individual is wearing maroon socks and black shoes. The millennial crosses her arms, while the GEN-Z individual stands with her arms at her sides.\n\n- **Outfit Changes (3.0s-7.0s):** The millennial puts on a white blouse over her dress and then a gray sweater. The GEN-Z individual wraps a pink scarf around her neck and then puts on a gray sweater, removing the scarf afterward.\n\n- **Posture and Expressions (2.0s-9.0s):** Both individuals smile and look directly at the camera at various points. They also stand with their hands in their pockets.\n\n- **Accessories (10.0s-13.0s):** Starting from Frame 10, the millennial is wearing a belt. Later, the millennial holds a pair of shoes and then a bag across their body. The GEN-Z individual holds a bag in their hand.\n\nThroughout the video, the individuals interact with their clothing and accessories, changing their outfits and postures in a coordinated manner."
  }
}