{
  "qid": "0578-2",
  "video_id": "_hkdNurB1Fk",
  "video_path": "videos\\0578__hkdNurB1Fk.mp4",
  "main_question": "Are there eight people visible in the video?",
  "sub_questions": "To better understand the video and answer the main question \"Are there eight people visible in the video?\", consider the following sub-questions:\n\n1. **How many individuals can be clearly identified as people in the video?**\n   - This helps to count the number of people visible.\n\n2. **Are there any parts of the video where people might enter or exit the frame?**\n   - This is important to ensure that all people in the video are accounted for.\n\n3. **Is the video clear enough to distinguish between people and other objects or elements?**\n   - This ensures accuracy in identifying individuals as people.",
  "annotations": {
    "frame_annotations": [
      {
        "timestamp": 0.0,
        "annotation": "A person in a white shirt is seen from behind, walking towards a glass door. There is a reflection of another person in the glass."
      },
      {
        "timestamp": 1.0,
        "annotation": "The person in the white shirt is now closer to the glass door, and the reflection of the other person is more visible. The person in the white shirt appears to be reaching out towards the door."
      },
      {
        "timestamp": 2.0,
        "annotation": "The person in the white shirt is now seen from the front, walking away from the camera. Another person in a gray shirt is visible, appearing to jump or fall backwards."
      },
      {
        "timestamp": 3.0,
        "annotation": "The person in the gray shirt is now seen falling backwards more clearly. The person in the white shirt is still walking away from the camera."
      },
      {
        "timestamp": 4.0,
        "annotation": "The person in the gray shirt is now fully airborne, falling backwards. The person in the white shirt is further away from the camera."
      },
      {
        "timestamp": 5.0,
        "annotation": "The person in the gray shirt is no longer visible. The person in the white shirt is seen from the back, continuing to walk away from the camera."
      },
      {
        "timestamp": 6.0,
        "annotation": "The person in the white shirt is now dressed in a suit and tie, walking away from the camera. The reflection in the glass shows another person in a suit."
      },
      {
        "timestamp": 7.0,
        "annotation": "The person in the suit is seen from the back, continuing to walk away. The reflection in the glass is still visible, showing the same person in a suit."
      },
      {
        "timestamp": 8.0,
        "annotation": "The person in the suit is further away from the camera. The reflection in the glass is still visible, showing the same person in a suit."
      },
      {
        "timestamp": 9.0,
        "annotation": "The person in the suit is seen from the front, walking towards the camera. The reflection in the glass is no longer visible."
      },
      {
        "timestamp": 10.0,
        "annotation": "The person in the suit continues walking towards the camera. The scene remains unchanged from the previous frame."
      },
      {
        "timestamp": 11.0,
        "annotation": "The person in the suit is still walking towards the camera. No significant changes from the previous frame."
      },
      {
        "timestamp": 12.0,
        "annotation": "The person in the suit is closer to the camera, continuing to walk forward. The scene is consistent with the previous frames."
      },
      {
        "timestamp": 13.0,
        "annotation": "The person in the suit is now even closer to the camera, still walking forward. No noticeable changes in the environment."
      },
      {
        "timestamp": 14.0,
        "annotation": "The person in the suit is almost directly in front of the camera, continuing to approach. The scene remains the same."
      },
      {
        "timestamp": 15.0,
        "annotation": "The person in the suit is very close to the camera, still walking forward. No changes in the surroundings."
      },
      {
        "timestamp": 16.0,
        "annotation": "The person in the suit is now directly in front of the camera, filling more of the frame. The scene is consistent with previous frames."
      },
      {
        "timestamp": 17.0,
        "annotation": "The person in the suit is very close to the camera, continuing to walk forward. No significant changes in the environment."
      },
      {
        "timestamp": 18.0,
        "annotation": "The person in the suit is now at the closest point to the camera, still walking forward. The scene remains unchanged."
      },
      {
        "timestamp": 19.0,
        "annotation": "The person in the suit is directly in front of the camera, filling the frame. No noticeable changes from the previous frame."
      },
      {
        "timestamp": 20.0,
        "annotation": "The person in the suit is directly in front of the camera, filling the frame. No noticeable changes from the previous frame."
      },
      {
        "timestamp": 21.0,
        "annotation": "The person in the suit is still directly in front of the camera, filling the frame. No noticeable changes from the previous frame."
      },
      {
        "timestamp": 22.0,
        "annotation": "The person in the suit is still directly in front of the camera, filling the frame. No noticeable changes from the previous frame."
      },
      {
        "timestamp": 23.0,
        "annotation": "The person in the suit is still directly in front of the camera, filling the frame. No noticeable changes from the previous frame."
      },
      {
        "timestamp": 24.0,
        "annotation": "The person in the suit is still directly in front of the camera, filling the frame. No noticeable changes from the previous frame."
      },
      {
        "timestamp": 25.0,
        "annotation": "The person in the suit is still directly in front of the camera, filling the frame. No noticeable changes from the previous frame."
      },
      {
        "timestamp": 26.0,
        "annotation": "The person in the suit is still directly in front of the camera, filling the frame. No noticeable changes from the previous frame."
      },
      {
        "timestamp": 27.0,
        "annotation": "The person in the suit is still directly in front of the camera, filling the frame. No noticeable changes from the previous frame."
      },
      {
        "timestamp": 28.0,
        "annotation": "The person in the suit is still directly in front of the camera, filling the frame. No noticeable changes from the previous frame."
      },
      {
        "timestamp": 29.0,
        "annotation": "The person in the suit is still directly in front of the camera, filling the frame. No noticeable changes from the previous frame."
      },
      {
        "timestamp": 30.0,
        "annotation": "The person in the suit is still directly in front of the camera, filling the frame. No noticeable changes from the previous frame."
      },
      {
        "timestamp": 31.0,
        "annotation": "The person in the suit is still directly in front of the camera, filling the frame. No noticeable changes from the previous frame."
      },
      {
        "timestamp": 32.0,
        "annotation": "The person in the suit is still directly in front of the camera, filling the frame. No noticeable changes from the previous frame."
      },
      {
        "timestamp": 33.0,
        "annotation": "The person in the suit is still directly in front of the camera, filling the frame. No noticeable changes from the previous frame."
      },
      {
        "timestamp": 34.0,
        "annotation": "The person in the suit is still directly in front of the camera, filling the frame. No noticeable changes from the previous frame."
      },
      {
        "timestamp": 35.0,
        "annotation": "The person in the suit is still directly in front of the camera, filling the frame. No noticeable changes from the previous frame."
      },
      {
        "timestamp": 36.0,
        "annotation": "The person in the suit is still directly in front of the camera, filling the frame. No noticeable changes from the previous frame."
      },
      {
        "timestamp": 37.0,
        "annotation": "The person in the suit is still directly in front of the camera, filling the frame. No noticeable changes from the previous frame."
      },
      {
        "timestamp": 38.0,
        "annotation": "The person in the suit is still directly in front of the camera, filling the frame. No noticeable changes from the previous frame."
      },
      {
        "timestamp": 39.0,
        "annotation": "The person in the suit is still directly in front of the camera, filling the frame. No noticeable changes from the previous frame."
      },
      {
        "timestamp": 40.0,
        "annotation": "The person in the suit is directly in front of the camera, filling the frame. No noticeable changes from the previous frame."
      },
      {
        "timestamp": 41.0,
        "annotation": "The person in the suit is still directly in front of the camera, filling the frame. No noticeable changes from the previous frame."
      },
      {
        "timestamp": 42.0,
        "annotation": "The person in the suit is still directly in front of the camera, filling the frame. No noticeable changes from the previous frame."
      },
      {
        "timestamp": 43.0,
        "annotation": "The person in the suit is still directly in front of the camera, filling the frame. No noticeable changes from the previous frame."
      },
      {
        "timestamp": 44.0,
        "annotation": "The person in the suit is still directly in front of the camera, filling the frame. No noticeable changes from the previous frame."
      },
      {
        "timestamp": 45.0,
        "annotation": "The person in the suit is still directly in front of the camera, filling the frame. No noticeable changes from the previous frame."
      },
      {
        "timestamp": 46.0,
        "annotation": "The person in the suit is still directly in front of the camera, filling the frame. No noticeable changes from the previous frame."
      },
      {
        "timestamp": 47.0,
        "annotation": "The person in the suit is still directly in front of the camera, filling the frame. No noticeable changes from the previous frame."
      },
      {
        "timestamp": 48.0,
        "annotation": "The person in the suit is still directly in front of the camera, filling the frame. No noticeable changes from the previous frame."
      },
      {
        "timestamp": 49.0,
        "annotation": "The person in the suit is still directly in front of the camera, filling the frame. No noticeable changes from the previous frame."
      },
      {
        "timestamp": 50.0,
        "annotation": "The person in the suit is still directly in front of the camera, filling the frame. No noticeable changes from the previous frame."
      },
      {
        "timestamp": 51.0,
        "annotation": "The person in the suit is still directly in front of the camera, filling the frame. No noticeable changes from the previous frame."
      },
      {
        "timestamp": 52.0,
        "annotation": "The person in the suit is still directly in front of the camera, filling the frame. No noticeable changes from the previous frame."
      },
      {
        "timestamp": 53.0,
        "annotation": "The person in the suit is still directly in front of the camera, filling the frame. No noticeable changes from the previous frame."
      },
      {
        "timestamp": 54.0,
        "annotation": "The person in the suit is still directly in front of the camera, filling the frame. No noticeable changes from the previous frame."
      },
      {
        "timestamp": 55.0,
        "annotation": "The person in the suit is still directly in front of the camera, filling the frame. No noticeable changes from the previous frame."
      },
      {
        "timestamp": 56.0,
        "annotation": "The person in the suit is still directly in front of the camera, filling the frame. No noticeable changes from the previous frame."
      },
      {
        "timestamp": 57.0,
        "annotation": "The person in the suit is still directly in front of the camera, filling the frame. No noticeable changes from the previous frame."
      },
      {
        "timestamp": 58.0,
        "annotation": "The person in the suit is still directly in front of the camera, filling the frame. No noticeable changes from the previous frame."
      }
    ],
    "whole_video_annotation": "The video appears to depict a sequence of events involving two individuals. Here is a general description of what is happening:\n\n1. **Initial Scene (Frames 0-5):**\n   - A person in a white shirt is seen walking towards a glass door. There is a reflection of another person in the glass.\n   - The person in the white shirt reaches out towards the door and then walks away from the camera.\n   - Simultaneously, another person in a gray shirt is seen jumping or falling backwards.\n\n2. **Transition (Frames 6-8):**\n   - The person in the white shirt is now dressed in a suit and tie, continuing to walk away from the camera.\n   - The reflection in the glass shows another person in a suit.\n\n3. **Approaching the Camera (Frames 9-58):**\n   - The person in the suit walks towards the camera, gradually filling the frame until they are directly in front of the camera for the remainder of the video.\n\nRegarding the user's question: \"Are there eight people visible in the video?\" Based on the provided frames, there are only two distinct individuals visible throughout the video: one in a white shirt (who later appears in a suit) and another in a gray shirt. Therefore, there are not eight people visible in the video.",
    "annotations_summary": "The video features two individuals and can be summarized in three main parts:\n\n1. **Initial Scene (0-5 seconds):**\n   - A person in a white shirt walks towards a glass door, with the reflection of another person visible in the glass.\n   - The person in the white shirt reaches out towards the door and then walks away from the camera.\n   - Simultaneously, another person in a gray shirt is seen jumping or falling backwards.\n\n2. **Transition (6-8 seconds):**\n   - The person in the white shirt is now dressed in a suit and tie, continuing to walk away from the camera.\n   - The reflection in the glass shows another person in a suit.\n\n3. **Approaching the Camera (9-58 seconds):**\n   - The person in the suit walks towards the camera, gradually filling the frame until they are directly in front of the camera for the remainder of the video.\n\nThroughout the video, only two distinct individuals are visible: one who transitions from a white shirt to a suit, and another in a gray shirt who is seen falling backwards early in the video."
  }
}