{
  "qid": "0578-3",
  "video_id": "_hkdNurB1Fk",
  "video_path": "videos\\0578__hkdNurB1Fk.mp4",
  "main_question": "Could there be at least ten people in the video?",
  "sub_questions": "To better understand whether there could be at least ten people in the video, consider the following sub-questions:\n\n1. **What is the setting and duration of the video?**\n   - Understanding the environment (e.g., a crowded event, a small room, an outdoor scene) and the length of the video can provide context on the likelihood of having ten people present.\n\n2. **Are there any identifiable groups or activities that suggest a larger number of participants?**\n   - For example, is there a class, a meeting, a party, or a sports event taking place? These activities often involve more people.\n\n3. **Can you describe any specific scenes or moments in the video that might indicate the presence of multiple people?**\n   - Details about crowd shots, conversations, or interactions can help determine if there are at least ten people in the video.",
  "annotations": {
    "frame_annotations": [
      {
        "timestamp": 0.0,
        "annotation": "A person in a white shirt is standing indoors, looking out through a glass window. There is a construction site visible outside. No noticeable change from the previous frame as this is the first frame."
      },
      {
        "timestamp": 1.0,
        "annotation": "The person in the white shirt is now seen from the back, walking away from the camera. Noticeable change: the person has moved and is now facing away from the camera."
      },
      {
        "timestamp": 2.0,
        "annotation": "The person in the white shirt is seen jumping or falling off the edge of a structure. Noticeable change: the person is now in mid-air, indicating a sudden movement."
      },
      {
        "timestamp": 3.0,
        "annotation": "The person in the white shirt is seen falling headfirst towards the ground. Noticeable change: the person's orientation has changed, and they are now falling headfirst."
      },
      {
        "timestamp": 4.0,
        "annotation": "A person in a dark suit is walking towards the camera. Noticeable change: a different person has entered the frame, and the scene has shifted to an indoor setting."
      },
      {
        "timestamp": 5.0,
        "annotation": "The person in the dark suit is now seen from the back, walking away from the camera. Noticeable change: the person has moved and is now facing away from the camera."
      },
      {
        "timestamp": 6.0,
        "annotation": "The person in the dark suit is seen jumping or falling off the edge of a structure. Noticeable change: the person is now in mid-air, indicating a sudden movement."
      },
      {
        "timestamp": 7.0,
        "annotation": "The person in the dark suit is seen falling headfirst towards the ground. Noticeable change: the person's orientation has changed, and they are now falling headfirst."
      },
      {
        "timestamp": 8.0,
        "annotation": "The person in the dark suit is now seen from the back, walking away from the camera in an indoor setting. Noticeable change: the person has returned to the indoor setting and is walking away from the camera."
      },
      {
        "timestamp": 9.0,
        "annotation": "The person in the dark suit is now facing the camera, walking towards it. Noticeable change: the person has turned around and is now facing the camera."
      },
      {
        "timestamp": 10.0,
        "annotation": "The person in the dark suit continues walking towards the camera. Noticeable change: None."
      },
      {
        "timestamp": 11.0,
        "annotation": "The person in the dark suit continues walking towards the camera. Noticeable change: None."
      },
      {
        "timestamp": 12.0,
        "annotation": "The person in the dark suit continues walking towards the camera. Noticeable change: None."
      },
      {
        "timestamp": 13.0,
        "annotation": "The person in the dark suit continues walking towards the camera. Noticeable change: None."
      },
      {
        "timestamp": 14.0,
        "annotation": "The person in the dark suit continues walking towards the camera. Noticeable change: None."
      },
      {
        "timestamp": 15.0,
        "annotation": "The person in the dark suit continues walking towards the camera. Noticeable change: None."
      },
      {
        "timestamp": 16.0,
        "annotation": "The person in the dark suit continues walking towards the camera. Noticeable change: None."
      },
      {
        "timestamp": 17.0,
        "annotation": "The person in the dark suit continues walking towards the camera. Noticeable change: None."
      },
      {
        "timestamp": 18.0,
        "annotation": "The person in the dark suit continues walking towards the camera. Noticeable change: None."
      },
      {
        "timestamp": 19.0,
        "annotation": "The person in the dark suit continues walking towards the camera. Noticeable change: None."
      },
      {
        "timestamp": 20.0,
        "annotation": "The person in the dark suit continues walking towards the camera. Noticeable change: None."
      },
      {
        "timestamp": 21.0,
        "annotation": "The person in the dark suit continues walking towards the camera. Noticeable change: None."
      },
      {
        "timestamp": 22.0,
        "annotation": "The person in the dark suit continues walking towards the camera. Noticeable change: None."
      },
      {
        "timestamp": 23.0,
        "annotation": "The person in the dark suit continues walking towards the camera. Noticeable change: None."
      },
      {
        "timestamp": 24.0,
        "annotation": "The person in the dark suit continues walking towards the camera. Noticeable change: None."
      },
      {
        "timestamp": 25.0,
        "annotation": "The person in the dark suit continues walking towards the camera. Noticeable change: None."
      },
      {
        "timestamp": 26.0,
        "annotation": "The person in the dark suit continues walking towards the camera. Noticeable change: None."
      },
      {
        "timestamp": 27.0,
        "annotation": "The person in the dark suit continues walking towards the camera. Noticeable change: None."
      },
      {
        "timestamp": 28.0,
        "annotation": "The person in the dark suit continues walking towards the camera. Noticeable change: None."
      },
      {
        "timestamp": 29.0,
        "annotation": "The person in the dark suit continues walking towards the camera. Noticeable change: None."
      },
      {
        "timestamp": 30.0,
        "annotation": "The person in the dark suit continues walking towards the camera. Noticeable change: None."
      },
      {
        "timestamp": 31.0,
        "annotation": "The person in the dark suit continues walking towards the camera. Noticeable change: None."
      },
      {
        "timestamp": 32.0,
        "annotation": "The person in the dark suit continues walking towards the camera. Noticeable change: None."
      },
      {
        "timestamp": 33.0,
        "annotation": "The person in the dark suit continues walking towards the camera. Noticeable change: None."
      },
      {
        "timestamp": 34.0,
        "annotation": "The person in the dark suit continues walking towards the camera. Noticeable change: None."
      },
      {
        "timestamp": 35.0,
        "annotation": "The person in the dark suit continues walking towards the camera. Noticeable change: None."
      },
      {
        "timestamp": 36.0,
        "annotation": "The person in the dark suit continues walking towards the camera. Noticeable change: None."
      },
      {
        "timestamp": 37.0,
        "annotation": "The person in the dark suit continues walking towards the camera. Noticeable change: None."
      },
      {
        "timestamp": 38.0,
        "annotation": "The person in the dark suit continues walking towards the camera. Noticeable change: None."
      },
      {
        "timestamp": 39.0,
        "annotation": "The person in the dark suit continues walking towards the camera. Noticeable change: None."
      },
      {
        "timestamp": 40.0,
        "annotation": "The person in the dark suit continues walking towards the camera. Noticeable change: None."
      },
      {
        "timestamp": 41.0,
        "annotation": "The person in the dark suit continues walking towards the camera. Noticeable change: None."
      },
      {
        "timestamp": 42.0,
        "annotation": "The person in the dark suit continues walking towards the camera. Noticeable change: None."
      },
      {
        "timestamp": 43.0,
        "annotation": "The person in the dark suit continues walking towards the camera. Noticeable change: None."
      },
      {
        "timestamp": 44.0,
        "annotation": "The person in the dark suit continues walking towards the camera. Noticeable change: None."
      },
      {
        "timestamp": 45.0,
        "annotation": "The person in the dark suit continues walking towards the camera. Noticeable change: None."
      },
      {
        "timestamp": 46.0,
        "annotation": "The person in the dark suit continues walking towards the camera. Noticeable change: None."
      },
      {
        "timestamp": 47.0,
        "annotation": "The person in the dark suit continues walking towards the camera. Noticeable change: None."
      },
      {
        "timestamp": 48.0,
        "annotation": "The person in the dark suit continues walking towards the camera. Noticeable change: None."
      },
      {
        "timestamp": 49.0,
        "annotation": "The person in the dark suit continues walking towards the camera. Noticeable change: None."
      },
      {
        "timestamp": 50.0,
        "annotation": "The person in the dark suit continues walking towards the camera. Noticeable change: None."
      },
      {
        "timestamp": 51.0,
        "annotation": "The person in the dark suit continues walking towards the camera. Noticeable change: None."
      },
      {
        "timestamp": 52.0,
        "annotation": "The person in the dark suit continues walking towards the camera. Noticeable change: None."
      },
      {
        "timestamp": 53.0,
        "annotation": "The person in the dark suit continues walking towards the camera. Noticeable change: None."
      },
      {
        "timestamp": 54.0,
        "annotation": "The person in the dark suit continues walking towards the camera. Noticeable change: None."
      },
      {
        "timestamp": 55.0,
        "annotation": "The person in the dark suit continues walking towards the camera. Noticeable change: None."
      },
      {
        "timestamp": 56.0,
        "annotation": "The person in the dark suit continues walking towards the camera. Noticeable change: None."
      },
      {
        "timestamp": 57.0,
        "annotation": "The person in the dark suit continues walking towards the camera. Noticeable change: None."
      },
      {
        "timestamp": 58.0,
        "annotation": "The person in the dark suit continues walking towards the camera. Noticeable change: None."
      }
    ],
    "whole_video_annotation": "The video appears to depict two distinct scenes involving two different individuals:\n\n1. **First Scene (Frames 0-3):**\n   - A person in a white shirt is initially seen indoors, looking out through a glass window at a construction site. The person then walks away from the camera, jumps or falls off the edge of a structure, and is seen falling headfirst towards the ground.\n\n2. **Second Scene (Frames 4-58):**\n   - A person in a dark suit walks towards the camera indoors, then walks away from the camera, jumps or falls off the edge of a structure, and is seen falling headfirst towards the ground. The person then returns to the indoor setting and continues walking towards the camera for the remainder of the video.\n\nBased on the provided frames, there are only two individuals visible in the video. Therefore, it is not possible to confirm the presence of at least ten people in the video.",
    "annotations_summary": "The video consists of two distinct scenes involving two different individuals:\n\n1. **First Scene (0-3 seconds):**\n   - A person in a white shirt is seen indoors, initially looking out through a glass window at a construction site. The individual then walks away from the camera, jumps or falls off the edge of a structure, and is seen falling headfirst towards the ground.\n\n2. **Second Scene (4-58 seconds):**\n   - A person in a dark suit walks towards the camera indoors, then walks away from the camera, jumps or falls off the edge of a structure, and is seen falling headfirst towards the ground. After this, the person returns to the indoor setting and continues walking towards the camera for the remainder of the video.\n\nThe video does not depict at least ten people; only two individuals are visible throughout the scenes."
  }
}