{
  "qid": "0590-0",
  "video_id": "bbiCkBWaOL8",
  "video_path": "videos\\0590_bbiCkBWaOL8.mp4",
  "main_question": "At the end of the video, what made the man in the black jacket scream?",
  "sub_questions": "To better understand the video and answer the main question, consider the following sub-questions:\n\n1. **What events or actions occur immediately before the man in the black jacket screams?**\n   - Understanding the context leading up to the scream can provide clues about what triggered his reaction.\n\n2. **Are there any other characters or elements in the scene that might have influenced the man's reaction?**\n   - Identifying other characters or elements can help determine if something specific caused the man to scream.\n\n3. **What is the overall tone or genre of the video?**\n   - Knowing whether the video is a horror, comedy, or another genre can provide insight into why the man might be screaming.",
  "annotations": {
    "frame_annotations": [
      {
        "timestamp": 0.0,
        "annotation": "A man in a red sweater is sitting at a table with a plate of food in front of him. There are two candles and a glass of water on the table."
      },
      {
        "timestamp": 1.0,
        "annotation": "The scene changes to a close-up of a clock on the wall. The clock shows a specific time, but the exact time is not clear from the image."
      },
      {
        "timestamp": 2.0,
        "annotation": "The man in the red sweater is still sitting at the table. In the background, another man in a black jacket is entering through a glass door."
      },
      {
        "timestamp": 3.0,
        "annotation": "The man in the black jacket is now closer to the table, appearing to approach the man in the red sweater."
      },
      {
        "timestamp": 4.0,
        "annotation": "The man in the black jacket is lunging towards the man in the red sweater, who is still seated at the table."
      },
      {
        "timestamp": 5.0,
        "annotation": "The man in the red sweater is now standing up, appearing to react to the man in the black jacket's sudden movement. Confetti is flying through the air."
      },
      {
        "timestamp": 6.0,
        "annotation": "The man in the red sweater is now screaming, with his mouth wide open and his arms raised. The man in the black jacket is crouching down, possibly to avoid the confetti or in a playful stance."
      },
      {
        "timestamp": 7.0,
        "annotation": "The man in the red sweater is still screaming, with confetti scattered around the room. The man in the black jacket is standing up, appearing to have completed his action."
      },
      {
        "timestamp": 8.0,
        "annotation": "The man in the red sweater is now sitting back down at the table, looking surprised or shocked. The man in the black jacket is walking away from the table."
      },
      {
        "timestamp": 9.0,
        "annotation": "The scene changes to a view from the top of a staircase, looking down into the room where the interaction took place. The room is filled with confetti, and the men are no longer in the frame."
      },
      {
        "timestamp": 10.0,
        "annotation": "The scene changes to a man in a black jacket and a gray beanie descending a staircase. The man appears to be in motion, possibly running or jumping down the stairs."
      },
      {
        "timestamp": 11.0,
        "annotation": "The man continues to descend the staircase, maintaining his rapid pace. His posture suggests he is still in motion, possibly trying to avoid something or someone."
      },
      {
        "timestamp": 12.0,
        "annotation": "The man is now closer to the bottom of the staircase. His movement appears more controlled, indicating he might be slowing down."
      },
      {
        "timestamp": 13.0,
        "annotation": "The man reaches the bottom of the staircase and is about to exit through a doorway. His expression is not visible, but his body language suggests urgency."
      },
      {
        "timestamp": 14.0,
        "annotation": "The man exits the doorway and enters a room filled with confetti. The confetti is flying around, indicating a sudden burst or explosion."
      },
      {
        "timestamp": 15.0,
        "annotation": "The man in the black jacket is now surrounded by confetti. His posture changes as he reacts to the confetti, possibly startled or surprised."
      },
      {
        "timestamp": 16.0,
        "annotation": "The man in the black jacket starts to scream, his mouth wide open and his eyes closed. The confetti continues to fill the air around him."
      },
      {
        "timestamp": 17.0,
        "annotation": "The man's scream appears to be reaching its peak. His body language is tense, and he seems to be in a state of shock or fear."
      },
      {
        "timestamp": 18.0,
        "annotation": "The man's scream starts to subside. He begins to open his eyes, and his body language relaxes slightly, indicating he might be regaining composure."
      },
      {
        "timestamp": 19.0,
        "annotation": "The man in the black jacket is now calmer. The confetti is settling, and he looks around, possibly trying to understand what happened."
      },
      {
        "timestamp": 20.0,
        "annotation": "The man in the black jacket is now calmer. The confetti is settling, and he looks around, possibly trying to understand what happened. He is in a living room with a couch, a TV, and a Christmas tree. There is confetti scattered on the floor."
      },
      {
        "timestamp": 21.0,
        "annotation": "The man in the black jacket is still calm and looking around the room. The confetti continues to settle on the floor. No significant changes from the previous frame."
      },
      {
        "timestamp": 22.0,
        "annotation": "The man in the black jacket is now walking towards the camera. The confetti is almost fully settled on the floor. No significant changes from the previous frame."
      },
      {
        "timestamp": 23.0,
        "annotation": "The man in the black jacket is now closer to the camera and appears to be exiting the room. The confetti on the floor remains settled. No significant changes from the previous frame."
      },
      {
        "timestamp": 24.0,
        "annotation": "The man in the black jacket is no longer in the frame. The room is now empty, and the confetti on the floor remains settled. Noticeable change: the man has left the room."
      },
      {
        "timestamp": 25.0,
        "annotation": "The scene has changed to a hallway. A man in a pink sweater is seen holding a toothbrush and appears to be playfully chasing another person who is wearing a blue blanket and appears to be running away. Noticeable change: different scene and characters."
      },
      {
        "timestamp": 26.0,
        "annotation": "The man in the pink sweater is still chasing the person in the blue blanket. The person in the blue blanket is now closer to the camera and appears to be laughing. Noticeable change: the person in the blue blanket is closer to the camera."
      },
      {
        "timestamp": 27.0,
        "annotation": "The man in the pink sweater is now closer to the person in the blue blanket, who is still running away. The person in the blue blanket trips over an object on the floor. Noticeable change: the person in the blue blanket trips."
      },
      {
        "timestamp": 28.0,
        "annotation": "The person in the blue blanket has fallen to the ground. The man in the pink sweater is now standing over them, still holding the toothbrush. Noticeable change: the person in the blue blanket has fallen."
      },
      {
        "timestamp": 29.0,
        "annotation": "The person in the blue blanket is now getting up from the ground. The man in the pink sweater is still standing over them. Noticeable change: the person in the blue blanket is getting up."
      },
      {
        "timestamp": 30.0,
        "annotation": "The person in the blue blanket is now standing up. The man in the pink sweater is still standing over them. Noticeable change: the person in the blue blanket is now fully standing."
      },
      {
        "timestamp": 31.0,
        "annotation": "The person in the blue blanket is standing up and turning around. The man in the pink sweater is still standing over them. Noticeable change: the person in the blue blanket is turning around."
      },
      {
        "timestamp": 32.0,
        "annotation": "The person in the blue blanket is now facing the man in the pink sweater. The man in the pink sweater is still standing over them. Noticeable change: the person in the blue blanket is now facing the man in the pink sweater."
      },
      {
        "timestamp": 33.0,
        "annotation": "The person in the blue blanket is now moving towards the man in the pink sweater. The man in the pink sweater is still standing over them. Noticeable change: the person in the blue blanket is moving towards the man in the pink sweater."
      },
      {
        "timestamp": 34.0,
        "annotation": "The person in the blue blanket is now very close to the man in the pink sweater. The man in the pink sweater is still standing over them. Noticeable change: the person in the blue blanket is now very close to the man in the pink sweater."
      },
      {
        "timestamp": 35.0,
        "annotation": "The person in the blue blanket is now grabbing the man in the pink sweater. The man in the pink sweater is still standing over them. Noticeable change: the person in the blue blanket is now grabbing the man in the pink sweater."
      },
      {
        "timestamp": 36.0,
        "annotation": "The person in the blue blanket is now lifting the man in the pink sweater. The man in the pink sweater is now off the ground. Noticeable change: the person in the blue blanket is now lifting the man in the pink sweater."
      },
      {
        "timestamp": 37.0,
        "annotation": "The person in the blue blanket is now throwing the man in the pink sweater. The man in the pink sweater is now in the air. Noticeable change: the person in the blue blanket is now throwing the man in the pink sweater."
      },
      {
        "timestamp": 38.0,
        "annotation": "The man in the pink sweater is now falling to the ground. The person in the blue blanket is now running away. Noticeable change: the man in the pink sweater is now falling to the ground and the person in the blue blanket is running away."
      },
      {
        "timestamp": 39.0,
        "annotation": "The man in the pink sweater is now on the ground. The person in the blue blanket is no longer in the frame. Noticeable change: the man in the pink sweater is now on the ground."
      },
      {
        "timestamp": 40.0,
        "annotation": "The man in the pink sweater is now on the ground. The person in the black jacket is lunging towards him. Noticeable change: the person in the black jacket has entered the frame and is lunging towards the man in the pink sweater."
      },
      {
        "timestamp": 41.0,
        "annotation": "The man in the pink sweater is still on the ground. The person in the black jacket is now closer, appearing to tackle the man in the pink sweater. Noticeable change: the person in the black jacket is now closer to the man in the pink sweater."
      },
      {
        "timestamp": 42.0,
        "annotation": "The person in the black jacket is now on top of the man in the pink sweater, who is still on the ground. Noticeable change: the person in the black jacket is now on top of the man in the pink sweater."
      },
      {
        "timestamp": 43.0,
        "annotation": "The person in the black jacket is still on top of the man in the pink sweater. Noticeable change: the man in the pink sweater is now trying to push the person in the black jacket off."
      },
      {
        "timestamp": 44.0,
        "annotation": "The person in the black jacket is still on top of the man in the pink sweater. Noticeable change: the man in the pink sweater is now more actively trying to push the person in the black jacket off."
      },
      {
        "timestamp": 45.0,
        "annotation": "The person in the black jacket is still on top of the man in the pink sweater. Noticeable change: the man in the pink sweater is now slightly lifting the person in the black jacket."
      },
      {
        "timestamp": 46.0,
        "annotation": "The person in the black jacket is now off the man in the pink sweater and is falling backwards. Noticeable change: the person in the black jacket is now off the man in the pink sweater and is falling backwards."
      },
      {
        "timestamp": 47.0,
        "annotation": "The person in the black jacket is now on the ground, sliding backwards. Noticeable change: the person in the black jacket is now on the ground, sliding backwards."
      },
      {
        "timestamp": 48.0,
        "annotation": "The person in the black jacket is still on the ground, sliding backwards. Noticeable change: the person in the black jacket is still sliding backwards."
      },
      {
        "timestamp": 49.0,
        "annotation": "The person in the black jacket has stopped sliding and is now still on the ground. Noticeable change: the person in the black jacket has stopped sliding."
      },
      {
        "timestamp": 50.0,
        "annotation": "The person in the black jacket is sliding down the stairs headfirst. Noticeable change: The person in the black jacket is now sliding down the stairs."
      },
      {
        "timestamp": 51.0,
        "annotation": "The person in the black jacket continues to slide down the stairs headfirst. Noticeable change: The person in the black jacket is still sliding down the stairs."
      },
      {
        "timestamp": 52.0,
        "annotation": "The person in the black jacket continues to slide down the stairs headfirst. Noticeable change: The person in the black jacket is still sliding down the stairs."
      },
      {
        "timestamp": 53.0,
        "annotation": "The person in the black jacket continues to slide down the stairs headfirst. Noticeable change: The person in the black jacket is still sliding down the stairs."
      },
      {
        "timestamp": 54.0,
        "annotation": "The person in the black jacket continues to slide down the stairs headfirst. Noticeable change: The person in the black jacket is still sliding down the stairs."
      },
      {
        "timestamp": 55.0,
        "annotation": "The person in the black jacket continues to slide down the stairs headfirst. Noticeable change: The person in the black jacket is still sliding down the stairs."
      },
      {
        "timestamp": 56.0,
        "annotation": "The person in the black jacket continues to slide down the stairs headfirst. Noticeable change: The person in the black jacket is still sliding down the stairs."
      },
      {
        "timestamp": 57.0,
        "annotation": "The person in the black jacket continues to slide down the stairs headfirst. Noticeable change: The person in the black jacket is still sliding down the stairs."
      },
      {
        "timestamp": 58.0,
        "annotation": "The person in the black jacket continues to slide down the stairs headfirst. Noticeable change: The person in the black jacket is still sliding down the stairs."
      },
      {
        "timestamp": 59.0,
        "annotation": "The person in the black jacket has stopped sliding and is now still on the ground. Noticeable change: The person in the black jacket has stopped sliding."
      }
    ],
    "whole_video_annotation": "The video appears to be a series of humorous and playful interactions between different individuals, involving sudden movements, confetti, and playful chases. Here's a general description of what happens:\n\nThe video starts with a man in a red sweater sitting at a table with food, candles, and a glass of water. Another man in a black jacket enters the scene, lunges towards the man in the red sweater, and triggers a burst of confetti, causing the man in the red sweater to scream and react in surprise. The man in the black jacket then descends a staircase rapidly and enters a room filled with confetti, where he also screams in reaction to the confetti.\n\nIn the second part of the video, a man in a pink sweater is seen playfully chasing a person wrapped in a blue blanket. The person in the blue blanket trips, gets up, and then lifts and throws the man in the pink sweater. Another person in a black jacket then tackles the man in the pink sweater, leading to a struggle where the man in the pink sweater eventually pushes the person in the black jacket off, causing them to slide down a staircase headfirst.\n\nRegarding the specific question: \"At the end of the video, what made the man in the black jacket scream?\" The man in the black jacket screams twice in the video. The first time is when he enters a room filled with confetti, which startles him. The second time is not clearly depicted in the provided frames, but based on the context, it seems likely that the scream is a continuation of the playful and humorous tone of the video, possibly triggered by another sudden or unexpected event, though the exact cause is not specified in the given frames.",
    "annotations_summary": "The video consists of two main segments of humorous and playful interactions:\n\n1. **First Segment (0s to 24s):**\n   - A man in a red sweater is sitting at a table with food, candles, and a glass of water.\n   - Another man in a black jacket enters, lunges towards the man in the red sweater, and triggers a burst of confetti.\n   - The man in the red sweater reacts in surprise and screams.\n   - The man in the black jacket then descends a staircase rapidly and enters a room filled with confetti, where he also screams in reaction to the confetti.\n   - The scene ends with the man in the black jacket exiting the confetti-filled room.\n\n2. **Second Segment (25s to 59s):**\n   - A man in a pink sweater is seen playfully chasing a person wrapped in a blue blanket.\n   - The person in the blue blanket trips, gets up, and then lifts and throws the man in the pink sweater.\n   - Another person in a black jacket tackles the man in the pink sweater, leading to a struggle.\n   - The man in the pink sweater pushes the person in the black jacket off, causing them to slide down a staircase headfirst.\n\nRegarding the specific question: \"At the end of the video, what made the man in the black jacket scream?\"\n- The man in the black jacket screams twice in the video. The first time is when he enters a room filled with confetti, which startles him. The second scream is not clearly depicted in the provided frames, but it likely continues the playful and humorous tone of the video, possibly triggered by another sudden or unexpected event."
  }
}