{
  "qid": "0595-1",
  "video_id": "7tVlEGngX0s",
  "video_path": "videos\\0595_7tVlEGngX0s.mp4",
  "main_question": "What types of balls did the boy use to score in the video?",
  "sub_questions": "To better understand the video and answer the main question, consider the following sub-questions:\n\n1. **What sport or game is the boy playing in the video?**\n   - Knowing the sport or game will help identify the types of balls used.\n\n2. **Are there any specific scenes or moments in the video that show the boy scoring?**\n   - This can help pinpoint the exact instances where the boy scores and the type of ball used in those moments.\n\n3. **Does the video provide any visual or auditory clues about the equipment used, including the type of ball?**\n   - This can include close-ups of the ball, announcer comments, or any text overlays that describe the equipment.",
  "annotations": {
    "frame_annotations": [
      {
        "timestamp": 0.0,
        "annotation": "A girl is standing next to a pool with a large blue ball in her hands, near a soccer goal. The scene is outdoors with a clear blue sky and greenery in the background. There are no noticeable changes from the previous frame as this is the first frame."
      },
      {
        "timestamp": 1.0,
        "annotation": "The girl is in the process of lifting the large blue ball above her head. No noticeable change from the previous frame other than the position of the ball."
      },
      {
        "timestamp": 2.0,
        "annotation": "The girl has released the blue ball, and it is now in mid-air above her head. The ball is higher compared to the previous frame."
      },
      {
        "timestamp": 3.0,
        "annotation": "The girl is jumping or kicking towards the soccer goal. The blue ball is still in mid-air but closer to the goal compared to the previous frame."
      },
      {
        "timestamp": 4.0,
        "annotation": "The blue ball has entered the soccer goal. The girl appears to be celebrating or reacting to the ball entering the goal. Noticeable change is the ball's position inside the goal."
      },
      {
        "timestamp": 5.0,
        "annotation": "The scene has changed to show a boy standing next to the pool with the same soccer goal in the background. The boy is holding the blue ball. Noticeable change is the switch from the girl to the boy."
      },
      {
        "timestamp": 6.0,
        "annotation": "The boy is lifting the blue ball above his head, similar to what the girl did in the earlier frames. No noticeable change from the previous frame other than the position of the ball."
      },
      {
        "timestamp": 7.0,
        "annotation": "The boy has released the blue ball, and it is now in mid-air above his head. The ball is higher compared to the previous frame."
      },
      {
        "timestamp": 8.0,
        "annotation": "The boy is jumping or kicking towards the soccer goal. The blue ball is still in mid-air but closer to the goal compared to the previous frame."
      },
      {
        "timestamp": 9.0,
        "annotation": "The boy has fallen into the pool. The blue ball is seen floating on the water surface near the goal. Noticeable change is the boy's position in the pool and the ball floating on the water."
      },
      {
        "timestamp": 10.0,
        "annotation": "The boy is in the pool, and the blue ball is floating on the water surface near the goal. Noticeable change: The boy's position in the pool and the ball floating on the water."
      },
      {
        "timestamp": 11.0,
        "annotation": "The boy is still in the pool, and the blue ball remains floating near the goal. Noticeable change: None."
      },
      {
        "timestamp": 12.0,
        "annotation": "The boy is still in the pool, and the blue ball is still floating near the goal. Noticeable change: None."
      },
      {
        "timestamp": 13.0,
        "annotation": "The boy is still in the pool, and the blue ball is still floating near the goal. Noticeable change: None."
      },
      {
        "timestamp": 14.0,
        "annotation": "The boy is still in the pool, and the blue ball is still floating near the goal. Noticeable change: None."
      },
      {
        "timestamp": 15.0,
        "annotation": "The boy is still in the pool, and the blue ball is still floating near the goal. Noticeable change: None."
      },
      {
        "timestamp": 16.0,
        "annotation": "The boy is still in the pool, and the blue ball is still floating near the goal. Noticeable change: None."
      },
      {
        "timestamp": 17.0,
        "annotation": "The boy is still in the pool, and the blue ball is still floating near the goal. Noticeable change: None."
      },
      {
        "timestamp": 18.0,
        "annotation": "The boy is still in the pool, and the blue ball is still floating near the goal. Noticeable change: None."
      },
      {
        "timestamp": 19.0,
        "annotation": "The boy is still in the pool, and the blue ball is still floating near the goal. Noticeable change: None."
      },
      {
        "timestamp": 20.0,
        "annotation": "The boy is still in the pool, and the blue ball is still floating near the goal. Noticeable change: None."
      },
      {
        "timestamp": 21.0,
        "annotation": "The boy is still in the pool, and the blue ball is still floating near the goal. Noticeable change: None."
      },
      {
        "timestamp": 22.0,
        "annotation": "The boy is still in the pool, and the blue ball is still floating near the goal. Noticeable change: None."
      },
      {
        "timestamp": 23.0,
        "annotation": "The boy is still in the pool, and the blue ball is still floating near the goal. Noticeable change: None."
      },
      {
        "timestamp": 24.0,
        "annotation": "The boy is still in the pool, and the blue ball is still floating near the goal. Noticeable change: None."
      },
      {
        "timestamp": 25.0,
        "annotation": "The boy is still in the pool, and the blue ball is still floating near the goal. Noticeable change: None."
      },
      {
        "timestamp": 26.0,
        "annotation": "The boy is still in the pool, and the blue ball is still floating near the goal. Noticeable change: None."
      },
      {
        "timestamp": 27.0,
        "annotation": "The boy is still in the pool, and the blue ball is still floating near the goal. Noticeable change: None."
      },
      {
        "timestamp": 28.0,
        "annotation": "The boy is still in the pool, and the blue ball is still floating near the goal. Noticeable change: None."
      }
    ],
    "whole_video_annotation": "The video depicts a sequence of events involving a girl and a boy near a pool with a soccer goal. Here's a short general description:\n\nA girl starts by holding a large blue ball and successfully kicks it into a soccer goal. After her successful kick, a boy takes his turn. He attempts to kick the same blue ball into the goal but falls into the pool instead. The blue ball floats on the water near the goal, and the boy remains in the pool for the remainder of the video.\n\nRegarding the user's question: \"What types of balls did the boy use to score in the video?\" The boy did not score in the video. He attempted to kick the blue ball into the goal but fell into the pool instead. Therefore, no scoring occurred with any type of ball by the boy.",
    "annotations_summary": "The video shows two children interacting with a large blue ball near a pool and a soccer goal. Here's a brief summary:\n\n1. **Girl's Turn:**\n   - The girl starts by holding the large blue ball.\n   - She successfully kicks the ball into the soccer goal.\n\n2. **Boy's Turn:**\n   - The boy then takes the blue ball and attempts to kick it into the goal.\n   - Instead of scoring, the boy falls into the pool.\n   - The blue ball floats on the water near the goal.\n   - The boy remains in the pool for the rest of the video.\n\nThe boy did not score with the blue ball; he fell into the pool during his attempt."
  }
}