{
  "qid": "0600-7",
  "video_id": "UuJQx4Z8zG4",
  "video_path": "videos\\0600_UuJQx4Z8zG4.mp4",
  "main_question": "Where did the orange ball hit the boy?\nA. On his back\nB. On his arm\nC. On his head\nD. On his leg",
  "sub_questions": "To better understand the video and determine where the orange ball hit the boy, consider the following sub-questions:\n\n1. **What is the trajectory of the ball before it hits the boy?**\n   - This can help identify the general direction from which the ball is coming and where it is likely to make contact.\n\n2. **What is the boy's body position and orientation at the moment of impact?**\n   - Knowing whether the boy is facing the ball, turning away, or in another position can indicate which part of his body is most exposed.\n\n3. **Are there any visual cues or reactions from the boy immediately after the impact?**\n   - Observing the boy's reaction, such as where he touches himself or how he reacts to the pain, can provide clues about the location of the impact.\n\nThese sub-questions should help in analyzing the video more effectively to determine the correct answer to the main question.",
  "annotations": {
    "frame_annotations": [
      {
        "timestamp": 0.0,
        "annotation": "A girl in a red shirt and blue shorts is standing on a grassy field. She is looking forward. There is another person in the background."
      },
      {
        "timestamp": 1.0,
        "annotation": "The girl is still standing in the same position. No noticeable change from the previous frame."
      },
      {
        "timestamp": 2.0,
        "annotation": "The girl begins to open her mouth, possibly starting to speak or react."
      },
      {
        "timestamp": 3.0,
        "annotation": "The girl's mouth is more open, indicating she is reacting or speaking. The other person in the background is still in the same position."
      },
      {
        "timestamp": 4.0,
        "annotation": "An orange ball is seen in mid-air, moving towards the girl. The girl appears to be reacting to the ball."
      },
      {
        "timestamp": 5.0,
        "annotation": "The orange ball is closer to the girl, and she is reacting by raising her arm slightly."
      },
      {
        "timestamp": 6.0,
        "annotation": "The orange ball hits the girl on her arm. She is reacting to the impact."
      },
      {
        "timestamp": 7.0,
        "annotation": "The girl is still reacting to the impact, with her arm slightly raised."
      },
      {
        "timestamp": 8.0,
        "annotation": "The girl's expression shows she is still processing the impact. Her arm is still raised."
      },
      {
        "timestamp": 9.0,
        "annotation": "The girl's reaction seems to be subsiding. She is looking forward again, and her arm is returning to its normal position."
      },
      {
        "timestamp": 10.0,
        "annotation": "A girl in a red shirt and blue shorts is walking forward on a grassy field. She is dribbling a soccer ball with her feet. There is an orange ball in the background."
      },
      {
        "timestamp": 11.0,
        "annotation": "The girl continues to walk forward, dribbling the soccer ball. The orange ball is closer to her now."
      },
      {
        "timestamp": 12.0,
        "annotation": "The girl is still dribbling the soccer ball. The orange ball is now very close to her."
      },
      {
        "timestamp": 13.0,
        "annotation": "The girl is now looking up, and the orange ball is directly in front of her."
      },
      {
        "timestamp": 14.0,
        "annotation": "The girl is reacting to the orange ball, which is now hitting her in the head."
      },
      {
        "timestamp": 15.0,
        "annotation": "The girl is now looking down and seems to be in slight pain or surprise. The orange ball is falling to the ground."
      },
      {
        "timestamp": 16.0,
        "annotation": "The girl is now looking forward again, and her arm is returning to its normal position. The orange ball is on the ground."
      },
      {
        "timestamp": 17.0,
        "annotation": "The girl is now looking forward again, and her arm is returning to its normal position. The orange ball is on the ground."
      },
      {
        "timestamp": 18.0,
        "annotation": "The girl is now looking forward again, and her arm is returning to its normal position. The orange ball is on the ground."
      },
      {
        "timestamp": 19.0,
        "annotation": "The girl is now looking forward again, and her arm is returning to its normal position. The orange ball is on the ground."
      },
      {
        "timestamp": 20.0,
        "annotation": "The boy is standing on a grassy field, looking forward. He is wearing a black and red sports outfit. The orange ball is in the air, approaching him from the right side. Another person is visible in the background."
      },
      {
        "timestamp": 21.0,
        "annotation": "The boy's right arm is extended outward, attempting to block or catch the orange ball. The ball is closer to him compared to the previous frame."
      },
      {
        "timestamp": 22.0,
        "annotation": "The boy's right arm is still extended, and the orange ball is very close to his head. His expression shows anticipation or reaction to the ball's approach."
      },
      {
        "timestamp": 23.0,
        "annotation": "The orange ball has made contact with the boy's head. His right arm is still extended, and his expression shows surprise or impact."
      },
      {
        "timestamp": 24.0,
        "annotation": "The boy's head is tilted slightly backward due to the impact of the ball. His right arm is starting to lower, and his expression shows reaction to the hit."
      },
      {
        "timestamp": 25.0,
        "annotation": "The boy's head is tilted further backward, and his right arm is lowering. The orange ball is now behind him, indicating it has passed him."
      },
      {
        "timestamp": 26.0,
        "annotation": "The boy's head is returning to its normal position, and his right arm is almost back to his side. The orange ball is on the ground behind him."
      },
      {
        "timestamp": 27.0,
        "annotation": "The boy is looking forward again, and his arm is returning to its normal position. The orange ball is on the ground."
      },
      {
        "timestamp": 28.0,
        "annotation": "The boy is standing upright, looking forward. The orange ball is on the ground, and the scene appears to be back to normal."
      }
    ],
    "whole_video_annotation": "The video depicts a series of events involving two individuals on a grassy field. Initially, a girl in a red shirt and blue shorts is standing still and then reacts to an orange ball that hits her arm. Later, she is seen dribbling a soccer ball and gets hit by the same orange ball on her head. Subsequently, a boy in a black and red sports outfit is shown reacting to the same orange ball, which hits him on the head.\n\nThe user's question is: \"Where did the orange ball hit the boy?\"\n\nThe correct answer is:\nC. On his head",
    "annotations_summary": "The video shows two individuals on a grassy field interacting with an orange ball. Initially, a girl in a red shirt and blue shorts is standing still and then reacts to the orange ball hitting her arm. Later, she is seen dribbling a soccer ball and gets hit by the same orange ball on her head. Subsequently, a boy in a black and red sports outfit is shown reacting to the same orange ball, which hits him on the head. The boy's reactions are captured from the moment the ball approaches him until it hits his head and falls to the ground."
  }
}