{
  "qid": "0603-7",
  "video_id": "mgULlk8dagE",
  "video_path": "videos\\0603_mgULlk8dagE.mp4",
  "main_question": "What is the person who failed twice and lost the heart-shaped pattern wearing?\nA. A blue shirt and dark blue pants\nB. A blue shirt and white pants\nC. A red shirt with a white 'm' logo and black pants\nD. A blue shirt with a white 'm' logo and black pants",
  "sub_questions": "To better understand the video and answer the main question, consider the following sub-questions:\n\n1. **What are the distinct visual clues that indicate someone has failed twice in the video?**\n   - This will help identify the specific person in question.\n\n2. **Can you describe the heart-shaped pattern that is mentioned? Where is it located in the video?**\n   - This will help pinpoint the exact individual who lost the heart-shaped pattern.\n\n3. **What are the clothing colors and patterns worn by the characters in the video?**\n   - This will provide the necessary details to match the description given in the answer choices.\n\nThese sub-questions should help clarify the visual elements needed to determine what the person who failed twice and lost the heart-shaped pattern is wearing.",
  "annotations": {
    "frame_annotations": [
      {
        "timestamp": 0.0,
        "annotation": "Two individuals are standing on hula hoops on a grassy field. One is wearing a red shirt and black pants, and the other is wearing a blue shirt and dark blue pants. There are two balloons hanging above them, one red and one blue."
      },
      {
        "timestamp": 0.97,
        "annotation": "The individual in the red shirt is now attempting to hit the red balloon with a plastic bat. The individual in the blue shirt is observing. No noticeable change in the environment."
      },
      {
        "timestamp": 1.94,
        "annotation": "The individual in the red shirt has missed the red balloon and is falling backward. The individual in the blue shirt is still observing. The red balloon is still hanging."
      },
      {
        "timestamp": 2.9,
        "annotation": "The individual in the red shirt is lying on the ground. The individual in the blue shirt is still standing on the hula hoop. The red balloon is still hanging."
      },
      {
        "timestamp": 3.87,
        "annotation": "The individual in the blue shirt is now attempting to hit the blue balloon with a plastic bat. The individual in the red shirt is still on the ground. The blue balloon is still hanging."
      },
      {
        "timestamp": 4.84,
        "annotation": "The individual in the blue shirt has successfully hit the blue balloon. The individual in the red shirt is getting up from the ground. The blue balloon is falling."
      },
      {
        "timestamp": 5.81,
        "annotation": "The individual in the red shirt is now standing again on the hula hoop. The individual in the blue shirt is observing. The blue balloon is on the ground."
      },
      {
        "timestamp": 6.77,
        "annotation": "The individual in the red shirt is attempting to hit the red balloon again. The individual in the blue shirt is observing. The red balloon is still hanging."
      },
      {
        "timestamp": 7.74,
        "annotation": "The individual in the red shirt has missed the red balloon again and is falling backward. The individual in the blue shirt is observing. The red balloon is still hanging."
      },
      {
        "timestamp": 8.71,
        "annotation": "The individual in the red shirt is lying on the ground again. The individual in the blue shirt is still standing on the hula hoop. One of the heart-shaped patterns above the individuals in red has disappeared, indicating a failure."
      },
      {
        "timestamp": 9.68,
        "annotation": "The individual in the red shirt is lying on the ground. The individual in the blue shirt is still standing on the hula hoop. No change from the previous frame."
      },
      {
        "timestamp": 10.64,
        "annotation": "The individual in the red shirt is still lying on the ground. The individual in the blue shirt is still standing on the hula hoop. No change from the previous frame."
      },
      {
        "timestamp": 11.61,
        "annotation": "The individual in the red shirt is still lying on the ground. The individual in the blue shirt is still standing on the hula hoop. No change from the previous frame."
      },
      {
        "timestamp": 12.58,
        "annotation": "The individual in the red shirt is still lying on the ground. The individual in the blue shirt is still standing on the hula hoop. No change from the previous frame."
      },
      {
        "timestamp": 13.55,
        "annotation": "The individual in the red shirt is still lying on the ground. The individual in the blue shirt is still standing on the hula hoop. No change from the previous frame."
      },
      {
        "timestamp": 14.51,
        "annotation": "The individual in the red shirt is still lying on the ground. The individual in the blue shirt is still standing on the hula hoop. No change from the previous frame."
      },
      {
        "timestamp": 15.48,
        "annotation": "The individual in the red shirt is still lying on the ground. The individual in the blue shirt is still standing on the hula hoop. No change from the previous frame."
      },
      {
        "timestamp": 16.45,
        "annotation": "The individual in the red shirt is still lying on the ground. The individual in the blue shirt is still standing on the hula hoop. No change from the previous frame."
      },
      {
        "timestamp": 17.42,
        "annotation": "The individual in the red shirt is still lying on the ground. The individual in the blue shirt is still standing on the hula hoop. No change from the previous frame."
      },
      {
        "timestamp": 18.39,
        "annotation": "The individual in the red shirt is still lying on the ground. The individual in the blue shirt is still standing on the hula hoop. No change from the previous frame."
      },
      {
        "timestamp": 19.35,
        "annotation": "The individual in the red shirt is still lying on the ground. The individual in the blue shirt is still standing on the hula hoop. No change from the previous frame."
      },
      {
        "timestamp": 20.32,
        "annotation": "The individual in the red shirt is still lying on the ground. The individual in the blue shirt is still standing on the hula hoop. No change from the previous frame."
      },
      {
        "timestamp": 21.29,
        "annotation": "The individual in the red shirt is still lying on the ground. The individual in the blue shirt is still standing on the hula hoop. No change from the previous frame."
      },
      {
        "timestamp": 22.26,
        "annotation": "The individual in the red shirt is still lying on the ground. The individual in the blue shirt is still standing on the hula hoop. No change from the previous frame."
      },
      {
        "timestamp": 23.22,
        "annotation": "The individual in the red shirt is still lying on the ground. The individual in the blue shirt is still standing on the hula hoop. No change from the previous frame."
      },
      {
        "timestamp": 24.19,
        "annotation": "The individual in the red shirt is still lying on the ground. The individual in the blue shirt is still standing on the hula hoop. No change from the previous frame."
      },
      {
        "timestamp": 25.16,
        "annotation": "The individual in the red shirt is still lying on the ground. The individual in the blue shirt is still standing on the hula hoop. No change from the previous frame."
      },
      {
        "timestamp": 26.13,
        "annotation": "The individual in the red shirt is still lying on the ground. The individual in the blue shirt is still standing on the hula hoop. No change from the previous frame."
      },
      {
        "timestamp": 27.09,
        "annotation": "The individual in the red shirt is still lying on the ground. The individual in the blue shirt is still standing on the hula hoop. No change from the previous frame."
      },
      {
        "timestamp": 28.06,
        "annotation": "The individual in the red shirt is still lying on the ground. The individual in the blue shirt is still standing on the hula hoop. No change from the previous frame."
      },
      {
        "timestamp": 29.03,
        "annotation": "The individual in the red shirt is still lying on the ground. The individual in the blue shirt is still standing on the hula hoop. No change from the previous frame."
      },
      {
        "timestamp": 30.0,
        "annotation": "The individual in the red shirt is still lying on the ground. The individual in the blue shirt is still standing on the hula hoop. No change from the previous frame."
      },
      {
        "timestamp": 30.96,
        "annotation": "The individual in the red shirt is still lying on the ground. The individual in the blue shirt is still standing on the hula hoop. No change from the previous frame."
      },
      {
        "timestamp": 31.93,
        "annotation": "The individual in the red shirt is still lying on the ground. The individual in the blue shirt is still standing on the hula hoop. No change from the previous frame."
      },
      {
        "timestamp": 32.9,
        "annotation": "The individual in the red shirt is still lying on the ground. The individual in the blue shirt is still standing on the hula hoop. No change from the previous frame."
      },
      {
        "timestamp": 33.87,
        "annotation": "The individual in the red shirt is still lying on the ground. The individual in the blue shirt is still standing on the hula hoop. No change from the previous frame."
      },
      {
        "timestamp": 34.83,
        "annotation": "The individual in the red shirt is still lying on the ground. The individual in the blue shirt is still standing on the hula hoop. No change from the previous frame."
      },
      {
        "timestamp": 35.8,
        "annotation": "The individual in the red shirt is still lying on the ground. The individual in the blue shirt is still standing on the hula hoop. No change from the previous frame."
      },
      {
        "timestamp": 36.77,
        "annotation": "The individual in the red shirt is still lying on the ground. The individual in the blue shirt is still standing on the hula hoop. No change from the previous frame."
      },
      {
        "timestamp": 37.74,
        "annotation": "The individual in the red shirt is still lying on the ground. The individual in the blue shirt is still standing on the hula hoop. No change from the previous frame."
      },
      {
        "timestamp": 38.71,
        "annotation": "The individual in the red shirt is still lying on the ground. The individual in the blue shirt is still standing on the hula hoop. No change from the previous frame."
      },
      {
        "timestamp": 39.67,
        "annotation": "The individual in the red shirt is still lying on the ground. The individual in the blue shirt is still standing on the hula hoop. No change from the previous frame."
      },
      {
        "timestamp": 40.64,
        "annotation": "The individual in the red shirt is still lying on the ground. The individual in the blue shirt is still standing on the hula hoop. No change from the previous frame."
      },
      {
        "timestamp": 41.61,
        "annotation": "The individual in the red shirt is still lying on the ground. The individual in the blue shirt is still standing on the hula hoop. No change from the previous frame."
      },
      {
        "timestamp": 42.58,
        "annotation": "The individual in the red shirt is still lying on the ground. The individual in the blue shirt is still standing on the hula hoop. No change from the previous frame."
      },
      {
        "timestamp": 43.54,
        "annotation": "The individual in the red shirt is still lying on the ground. The individual in the blue shirt is still standing on the hula hoop. No change from the previous frame."
      },
      {
        "timestamp": 44.51,
        "annotation": "The individual in the red shirt is still lying on the ground. The individual in the blue shirt is still standing on the hula hoop. No change from the previous frame."
      },
      {
        "timestamp": 45.48,
        "annotation": "The individual in the red shirt is still lying on the ground. The individual in the blue shirt is still standing on the hula hoop. No change from the previous frame."
      }
    ],
    "whole_video_annotation": "The video depicts two individuals participating in a game on a grassy field. They are each standing on hula hoops, and there are two balloons hanging above them\u2014one red and one blue. The individuals take turns attempting to hit the balloons with plastic bats. The person in the red shirt misses the red balloon twice and falls backward each time, eventually lying on the ground. After the second failure, a heart-shaped pattern above this individual disappears, indicating a failure in the game. Meanwhile, the person in the blue shirt successfully hits the blue balloon and continues to observe the other participant.\n\nThe person who failed twice and lost the heart-shaped pattern is wearing a red shirt and black pants.\n\nSo the correct answer is:\nC. A red shirt with a white 'm' logo and black pants",
    "annotations_summary": "The video shows two individuals playing a game on a grassy field, each standing on a hula hoop. There are two balloons, one red and one blue, hanging above them. The individuals take turns trying to hit the balloons with plastic bats.\n\n- The person in the red shirt attempts to hit the red balloon twice but misses both times, falling backward and ending up lying on the ground. After the second failure, a heart-shaped pattern above this individual disappears, indicating a failure in the game.\n- The person in the blue shirt successfully hits the blue balloon and continues to observe the other participant.\n\nThe person who failed twice and lost the heart-shaped pattern is described as wearing a red shirt and black pants. However, the video-level description does not mention any specific logo on the red shirt, so the correct answer cannot be determined from the provided information."
  }
}