{
  "qid": "0607-0",
  "video_id": "7pTwqG9VM7o",
  "video_path": "videos\\0607_7pTwqG9VM7o.mp4",
  "main_question": "At the end of the video, what is the man doing?",
  "sub_questions": "To better understand the video and answer the main question, consider the following sub-questions:\n\n1. **What is the initial activity or context shown in the video?**\n   - Understanding the beginning of the video can provide context for the man's actions at the end.\n\n2. **Are there any significant events or actions that occur throughout the video?**\n   - Knowing the key events can help in identifying the progression of activities leading up to the end of the video.\n\n3. **How does the man's demeanor or behavior change from the start to the end of the video?**\n   - Observing changes in behavior can give insights into what the man might be doing at the conclusion of the video.",
  "annotations": {
    "frame_annotations": [
      {
        "timestamp": 0.0,
        "annotation": "A man is standing in a room with a brown couch, a lamp, and some decorations on the walls. He is wearing a black t-shirt and shorts. He is holding a basketball."
      },
      {
        "timestamp": 0.97,
        "annotation": "The man is jumping up in the air, starting to perform a backflip. He is still holding the basketball."
      },
      {
        "timestamp": 1.94,
        "annotation": "The man is mid-air, continuing his backflip. He is still holding the basketball with both hands above his head."
      },
      {
        "timestamp": 2.9,
        "annotation": "The man is further into his backflip, his body is inverted, and he is still holding the basketball."
      },
      {
        "timestamp": 3.87,
        "annotation": "The man is nearing the peak of his backflip, his body is fully inverted, and he is still holding the basketball."
      },
      {
        "timestamp": 4.84,
        "annotation": "The man is starting to descend from the peak of his backflip, his body is still inverted, and he is still holding the basketball."
      },
      {
        "timestamp": 5.81,
        "annotation": "The man is continuing to descend, his body is straightening out, and he is still holding the basketball."
      },
      {
        "timestamp": 6.77,
        "annotation": "The man is nearing the end of his backflip, his feet are about to touch the ground, and he is still holding the basketball."
      },
      {
        "timestamp": 7.74,
        "annotation": "The man has completed his backflip and is landing on his feet. He is still holding the basketball."
      },
      {
        "timestamp": 8.71,
        "annotation": "The man has finished his backflip and is standing upright again, holding the basketball."
      },
      {
        "timestamp": 9.68,
        "annotation": "The man is in the middle of a backflip, holding a basketball. His body is inverted, and he is slightly above the ground."
      },
      {
        "timestamp": 10.64,
        "annotation": "The man continues his backflip, his body is still inverted, and he is slightly higher above the ground compared to the previous frame."
      },
      {
        "timestamp": 11.61,
        "annotation": "The man is nearing the peak of his backflip. His body is fully inverted, and he is at the highest point of his jump."
      },
      {
        "timestamp": 12.58,
        "annotation": "The man starts to descend from the peak of his backflip. His body remains inverted, and he is beginning to come down."
      },
      {
        "timestamp": 13.55,
        "annotation": "The man is further down in his backflip. His body is still inverted, and he is closer to the ground."
      },
      {
        "timestamp": 14.51,
        "annotation": "The man is nearing the end of his backflip. His body is starting to straighten up, and he is almost upright."
      },
      {
        "timestamp": 15.48,
        "annotation": "The man is almost finished with his backflip. His body is upright, and he is very close to the ground."
      },
      {
        "timestamp": 16.45,
        "annotation": "The man has finished his backflip and is standing upright again, holding the basketball."
      },
      {
        "timestamp": 17.42,
        "annotation": "The man is standing upright, holding the basketball. No significant change from the previous frame."
      },
      {
        "timestamp": 18.39,
        "annotation": "The man is standing upright, holding the basketball. No significant change from the previous frame."
      },
      {
        "timestamp": 19.35,
        "annotation": "The man is in mid-air, performing a handstand. His legs are bent slightly, and he is wearing black shorts and a gray shirt. The basketball is on the floor below him. Significant change from the previous frame where he was standing upright holding the basketball."
      },
      {
        "timestamp": 20.32,
        "annotation": "The man continues his handstand in mid-air. His body position remains similar to the previous frame, with slight adjustments in leg and arm positioning. No significant change from the previous frame."
      },
      {
        "timestamp": 21.29,
        "annotation": "The man is still in mid-air, maintaining his handstand. His legs are slightly more extended compared to the previous frame. No significant change from the previous frame."
      },
      {
        "timestamp": 22.26,
        "annotation": "The man is nearing the peak of his handstand. His body is fully extended, and he is almost upside down. No significant change from the previous frame."
      },
      {
        "timestamp": 23.22,
        "annotation": "The man is at the peak of his handstand, fully inverted. His legs are straight, and his arms are fully extended above him. No significant change from the previous frame."
      },
      {
        "timestamp": 24.19,
        "annotation": "The man begins to descend from his handstand. His legs start to bend slightly, and his body is no longer fully extended. No significant change from the previous frame."
      },
      {
        "timestamp": 25.16,
        "annotation": "The man is descending further, his legs are more bent, and his body is angled slightly downward. No significant change from the previous frame."
      },
      {
        "timestamp": 26.13,
        "annotation": "The man is nearing the end of his handstand, his body is angled downward, and his legs are bent. He is about to touch the ground with his feet. No significant change from the previous frame."
      }
    ],
    "whole_video_annotation": "The video shows a man performing a series of acrobatic moves in a room. Initially, he is standing and holding a basketball. He then performs a backflip while still holding the basketball. After completing the backflip, he transitions into a handstand, with the basketball on the floor below him. The video ends with the man descending from the handstand, nearing the end of the move and about to touch the ground with his feet.",
    "annotations_summary": "The video depicts a man performing acrobatic moves in a room. Initially, he stands holding a basketball. He then executes a backflip while continuing to hold the basketball. After completing the backflip, he transitions into a handstand, with the basketball placed on the floor below him. The video concludes with the man descending from the handstand, nearing the end of the move and about to touch the ground with his feet."
  }
}