{
  "qid": "0610-1",
  "video_id": "Ldcs4Venq1Q",
  "video_path": "videos\\0610_Ldcs4Venq1Q.mp4",
  "main_question": "What was the reason the woman tossed the package out of the window after writing on it?",
  "sub_questions": "To better understand the video and the reason the woman tossed the package out of the window after writing on it, consider the following sub-questions:\n\n1. **What was written on the package?**\n   - Understanding the content or message written on the package might provide context for why it was discarded.\n\n2. **What was the woman's demeanor or emotional state before and after writing on the package?**\n   - Observing her facial expressions, body language, or any verbal cues can help determine her motivations or feelings related to the action.\n\n3. **Were there any specific events or conversations that occurred immediately before she wrote on and tossed the package?**\n   - Identifying any preceding events or dialogues might reveal the trigger or reason behind her actions.",
  "annotations": {
    "frame_annotations": [
      {
        "timestamp": 0.0,
        "annotation": "A woman is sitting at a table in a kitchen. The kitchen is modern with white cabinets and stainless steel appliances. There are other people in the background, but they are not the focus of the image."
      },
      {
        "timestamp": 1.0,
        "annotation": "The woman is now holding a package and appears to be writing on it. The other people in the background are still present but unchanged."
      },
      {
        "timestamp": 2.0,
        "annotation": "The woman continues to write on the package. No significant changes in the background."
      },
      {
        "timestamp": 3.0,
        "annotation": "The woman finishes writing on the package and looks up. The background remains the same."
      },
      {
        "timestamp": 4.0,
        "annotation": "The woman starts to stand up from her chair, still holding the package. The background is unchanged."
      },
      {
        "timestamp": 5.0,
        "annotation": "The woman is now standing and appears to be about to toss the package. The background remains the same."
      },
      {
        "timestamp": 6.0,
        "annotation": "The woman tosses the package out of the window. The background is unchanged."
      },
      {
        "timestamp": 7.0,
        "annotation": "The woman sits back down at the table. The background remains the same."
      },
      {
        "timestamp": 8.0,
        "annotation": "The woman is now eating from a plate in front of her. The background is unchanged."
      },
      {
        "timestamp": 9.0,
        "annotation": "The woman continues eating. The background remains the same."
      },
      {
        "timestamp": 10.0,
        "annotation": "The woman is sitting at a table with three men. She is eating from a plate. The background shows a kitchen area."
      },
      {
        "timestamp": 11.0,
        "annotation": "The woman continues eating. The background remains the same."
      },
      {
        "timestamp": 12.0,
        "annotation": "The woman continues eating. The background remains the same."
      },
      {
        "timestamp": 13.0,
        "annotation": "The woman continues eating. The background remains the same."
      },
      {
        "timestamp": 14.0,
        "annotation": "The woman continues eating. The background remains the same."
      },
      {
        "timestamp": 15.0,
        "annotation": "The woman continues eating. The background remains the same."
      },
      {
        "timestamp": 16.0,
        "annotation": "The woman continues eating. The background remains the same."
      },
      {
        "timestamp": 17.0,
        "annotation": "The woman continues eating. The background remains the same."
      },
      {
        "timestamp": 18.0,
        "annotation": "The woman continues eating. The background remains the same."
      },
      {
        "timestamp": 19.0,
        "annotation": "The woman continues eating. The background remains the same."
      },
      {
        "timestamp": 20.0,
        "annotation": "The woman is sitting by a window, writing on a package. The background shows an outdoor scene with a house and greenery."
      },
      {
        "timestamp": 21.0,
        "annotation": "The woman continues writing on the package. No noticeable change from the previous frame."
      },
      {
        "timestamp": 22.0,
        "annotation": "The woman is still writing on the package. No noticeable change from the previous frame."
      },
      {
        "timestamp": 23.0,
        "annotation": "The woman finishes writing and starts to move the package towards the window. No noticeable change from the previous frame."
      },
      {
        "timestamp": 24.0,
        "annotation": "The woman is holding the package closer to the window, preparing to toss it. No noticeable change from the previous frame."
      },
      {
        "timestamp": 25.0,
        "annotation": "The woman tosses the package out of the window. Noticeable change: the package is no longer in her hands."
      },
      {
        "timestamp": 26.0,
        "annotation": "The woman watches the package fall out of the window. Noticeable change: the package is seen falling outside."
      },
      {
        "timestamp": 27.0,
        "annotation": "The package is no longer visible outside the window. The woman looks out of the window. Noticeable change: the package is out of sight."
      },
      {
        "timestamp": 28.0,
        "annotation": "The woman continues to look out of the window. No noticeable change from the previous frame."
      },
      {
        "timestamp": 29.0,
        "annotation": "The woman turns her head slightly, possibly looking at something else in the room. No noticeable change from the previous frame."
      },
      {
        "timestamp": 30.0,
        "annotation": "The woman is sitting by a window, holding a package and a pen. She appears to be writing on the package. No noticeable change from the previous frame."
      },
      {
        "timestamp": 31.0,
        "annotation": "The woman continues to write on the package. No noticeable change from the previous frame."
      },
      {
        "timestamp": 32.0,
        "annotation": "The woman is still writing on the package. No noticeable change from the previous frame."
      },
      {
        "timestamp": 33.0,
        "annotation": "The woman finishes writing and starts to move the package towards the window. No noticeable change from the previous frame."
      },
      {
        "timestamp": 34.0,
        "annotation": "The woman is about to toss the package out of the window. Noticeable change: The package is closer to the window."
      },
      {
        "timestamp": 35.0,
        "annotation": "The woman tosses the package out of the window. Noticeable change: The package is no longer in her hands."
      },
      {
        "timestamp": 36.0,
        "annotation": "The package is seen flying out of the window towards the ground. Noticeable change: The package is outside the window."
      },
      {
        "timestamp": 37.0,
        "annotation": "The package is seen landing on the grass outside. Noticeable change: The package is on the ground."
      },
      {
        "timestamp": 38.0,
        "annotation": "The package lies on the grass. Noticeable change: The woman is no longer in the frame."
      },
      {
        "timestamp": 39.0,
        "annotation": "The package remains on the grass. No noticeable change from the previous frame."
      },
      {
        "timestamp": 40.0,
        "annotation": "A woman is inside a room, holding a package and appears to be writing on it. There is a dog in the room."
      },
      {
        "timestamp": 41.0,
        "annotation": "The woman continues to write on the package. No noticeable change from the previous frame."
      },
      {
        "timestamp": 42.0,
        "annotation": "The woman is still writing on the package. No noticeable change from the previous frame."
      },
      {
        "timestamp": 43.0,
        "annotation": "The woman finishes writing on the package and starts to move towards the window. Noticeable change: the woman is no longer stationary."
      },
      {
        "timestamp": 44.0,
        "annotation": "The woman is now at the window, preparing to toss the package. Noticeable change: the woman has moved to the window."
      },
      {
        "timestamp": 45.0,
        "annotation": "The woman tosses the package out of the window. Noticeable change: the package is in mid-air."
      },
      {
        "timestamp": 46.0,
        "annotation": "The package is seen falling towards the ground outside. Noticeable change: the package is further away from the window."
      },
      {
        "timestamp": 47.0,
        "annotation": "The package lands on the grass outside. Noticeable change: the package is now on the ground."
      },
      {
        "timestamp": 48.0,
        "annotation": "The package remains on the grass. No noticeable change from the previous frame."
      },
      {
        "timestamp": 49.0,
        "annotation": "The package remains on the grass. No noticeable change from the previous frame."
      },
      {
        "timestamp": 50.0,
        "annotation": "A woman is seen walking towards a closed door. No noticeable change from the previous frame."
      },
      {
        "timestamp": 51.0,
        "annotation": "The woman is opening the door. Noticeable change from the previous frame: the door is now being opened."
      },
      {
        "timestamp": 52.0,
        "annotation": "The woman is stepping through the doorway. Noticeable change from the previous frame: the door is now open wider, and the woman is partially outside."
      },
      {
        "timestamp": 53.0,
        "annotation": "The woman is fully outside the door, and three men are visible in the background. Noticeable change from the previous frame: the woman is now fully outside, and additional people are visible."
      },
      {
        "timestamp": 54.0,
        "annotation": "The woman is tossing a package out of the window. Noticeable change from the previous frame: the woman is in the motion of tossing something."
      },
      {
        "timestamp": 55.0,
        "annotation": "The woman has released the package, and it is in mid-air. Noticeable change from the previous frame: the package is now airborne."
      },
      {
        "timestamp": 56.0,
        "annotation": "The package is falling towards the ground. Noticeable change from the previous frame: the package is closer to the ground."
      },
      {
        "timestamp": 57.0,
        "annotation": "The package has landed on the grass. Noticeable change from the previous frame: the package is now on the ground."
      }
    ],
    "whole_video_annotation": "The video depicts a woman repeatedly writing on packages and tossing them out of a window in various settings. Here's a general description of what is happening:\n\nThe woman is seen in different locations\u2014initially in a modern kitchen, then by a window with an outdoor view, and finally in a room with a dog. In each scene, she writes on a package and then tosses it out of the window. The actions are consistent across the different settings: she writes on the package, moves to the window, and tosses the package outside. The background and other details change slightly, but the core activity remains the same.\n\nRegarding the reason for tossing the package, the video does not provide explicit context or dialogue to explain why she is doing this. Therefore, it is not possible to determine the specific reason from the visual content alone.",
    "annotations_summary": "The video shows a woman repeatedly performing the same sequence of actions in different settings. Here's a brief summary:\n\n1. **Initial Setting (0s-9s)**: The woman is in a modern kitchen. She writes on a package, tosses it out of the window, and then sits down to eat with three men.\n\n2. **Second Setting (20s-29s)**: The woman is by a window with an outdoor view. She writes on a package and tosses it out of the window, watching it fall.\n\n3. **Third Setting (30s-37s)**: The woman is again by a window with an outdoor view. She writes on a package, tosses it out, and watches it land on the grass.\n\n4. **Fourth Setting (40s-47s)**: The woman is in a room with a dog. She writes on a package, moves to the window, and tosses it out, watching it land on the grass outside.\n\n5. **Final Setting (50s-57s)**: The woman walks through a door and tosses a package out of a window, watching it land on the grass.\n\nThroughout the video, the woman's actions are consistent: she writes on a package and tosses it out of a window. The settings and background details change, but the core activity remains the same. The reason for her actions is not explicitly shown in the video."
  }
}