{
  "qid": "0612-2",
  "video_id": "qUCG8W5hMdw",
  "video_path": "videos\\0612_qUCG8W5hMdw.mp4",
  "main_question": "Is the purpose of dividing the paper to compare $0 pencils using non-traditional tools with $300 pencils?",
  "sub_questions": "To better understand the video and the purpose of dividing the paper to compare $0 pencils with $300 pencils, consider the following sub-questions:\n\n1. **What are the specific non-traditional tools being used to compare the pencils?**\n   - Understanding the tools will help clarify the methodology and potential biases in the comparison.\n\n2. **What criteria are being used to evaluate the performance of the $0 pencils versus the $300 pencils?**\n   - Knowing the evaluation criteria (e.g., writing smoothness, durability, lead darkness) will provide insight into the purpose of the comparison.\n\n3. **Are there any controlled variables in the experiment, and if so, what are they?**\n   - Identifying controlled variables (e.g., paper type, writing pressure, environmental conditions) will help assess the fairness and reliability of the comparison.",
  "annotations": {
    "frame_annotations": [
      {
        "timestamp": 0.0,
        "annotation": "A drawing of a person's face is shown on a piece of paper. The paper is divided vertically into two sections. The left section is labeled '$0 Pencils' and the right section is labeled '$300 Pencils'. The drawing appears to be a sketch of a person's face, with the left side drawn with cheaper pencils and the right side drawn with more expensive pencils."
      },
      {
        "timestamp": 1.0,
        "annotation": "The hand of a person is seen holding a pencil, drawing on the right side of the paper labeled '$300 Pencils'. The drawing is progressing with detailed lines.",
        "change": "A hand appears, holding a pencil, and starts drawing on the right side of the paper."
      },
      {
        "timestamp": 2.0,
        "annotation": "The hand continues to draw on the right side of the paper with the '$300 Pencils' label. The lines are becoming more defined and detailed.",
        "change": "The drawing on the right side becomes more detailed."
      },
      {
        "timestamp": 3.0,
        "annotation": "A hand is seen holding a matchbox and a matchstick, preparing to light the match.",
        "change": "A matchbox and a matchstick appear in the frame, held by a hand."
      },
      {
        "timestamp": 4.0,
        "annotation": "The matchstick is lit and is being brought close to the drawing on the left side labeled '$0 Pencils'.",
        "change": "The matchstick is lit and is moving towards the left side of the drawing."
      },
      {
        "timestamp": 5.0,
        "annotation": "The lit matchstick is touching the drawing on the left side, causing the paper to burn slightly.",
        "change": "The lit matchstick is in contact with the drawing on the left side, causing it to burn."
      },
      {
        "timestamp": 6.0,
        "annotation": "The hand is seen pressing a burnt area on the left side of the drawing with a pencil, smearing the burn mark.",
        "change": "A pencil is used to smear the burn mark on the left side of the drawing."
      },
      {
        "timestamp": 7.0,
        "annotation": "A spoon is seen dipping into a cup of liquid, likely coffee, and then applying the liquid to the burnt area on the left side of the drawing.",
        "change": "A spoon with liquid is applied to the burnt area on the left side of the drawing."
      },
      {
        "timestamp": 8.0,
        "annotation": "The hand is seen using a piece of hair to rub or brush the liquid-applied area on the left side of the drawing.",
        "change": "A piece of hair is used to rub the liquid-applied area on the left side of the drawing."
      },
      {
        "timestamp": 9.0,
        "annotation": "The hand is seen holding a small plant or moss, placing it on the liquid-applied area on the left side of the drawing.",
        "change": "A small plant or moss is placed on the liquid-applied area on the left side of the drawing."
      },
      {
        "timestamp": 10.0,
        "annotation": "The hand is seen holding a small plant or moss, placing it on the liquid-applied area on the left side of the drawing. The drawing is divided into two sections labeled '$0 Pencils' and '$300 Pencils'.",
        "change": "No noticeable change from the previous frame."
      },
      {
        "timestamp": 11.0,
        "annotation": "The hand continues to place the small plant or moss on the liquid-applied area on the left side of the drawing.",
        "change": "No noticeable change from the previous frame."
      },
      {
        "timestamp": 12.0,
        "annotation": "The hand is still placing the small plant or moss on the liquid-applied area on the left side of the drawing.",
        "change": "No noticeable change from the previous frame."
      },
      {
        "timestamp": 13.0,
        "annotation": "The hand is seen holding a brush, applying green liquid to the left side of the drawing.",
        "change": "The hand switches from placing the plant to using a brush to apply green liquid."
      },
      {
        "timestamp": 14.0,
        "annotation": "The hand continues to apply green liquid to the left side of the drawing with the brush.",
        "change": "No noticeable change from the previous frame."
      },
      {
        "timestamp": 15.0,
        "annotation": "The hand is still applying green liquid to the left side of the drawing with the brush.",
        "change": "No noticeable change from the previous frame."
      },
      {
        "timestamp": 16.0,
        "annotation": "The hand is seen holding a yellow flower, placing it on the liquid-applied area on the left side of the drawing.",
        "change": "The hand switches from using the brush to placing a yellow flower on the drawing."
      },
      {
        "timestamp": 17.0,
        "annotation": "The hand continues to place the yellow flower on the liquid-applied area on the left side of the drawing.",
        "change": "No noticeable change from the previous frame."
      },
      {
        "timestamp": 18.0,
        "annotation": "The hand is seen holding a toothbrush with toothpaste, applying it to the liquid-applied area on the left side of the drawing.",
        "change": "The hand switches from placing the flower to using a toothbrush with toothpaste."
      },
      {
        "timestamp": 19.0,
        "annotation": "The hand continues to apply toothpaste to the liquid-applied area on the left side of the drawing with the toothbrush.",
        "change": "No noticeable change from the previous frame."
      },
      {
        "timestamp": 20.0,
        "annotation": "A hand is using a toothbrush to apply toothpaste to the left side of a drawing, which is labeled '$0 Pencils'. The right side of the drawing is labeled '$300 Pencils' and is left untouched.",
        "change": "The hand starts applying toothpaste to the drawing."
      },
      {
        "timestamp": 21.0,
        "annotation": "The hand continues to apply toothpaste to the left side of the drawing with the toothbrush.",
        "change": "No noticeable change from the previous frame."
      },
      {
        "timestamp": 22.0,
        "annotation": "The hand continues to apply toothpaste to the left side of the drawing with the toothbrush.",
        "change": "No noticeable change from the previous frame."
      },
      {
        "timestamp": 23.0,
        "annotation": "The hand continues to apply toothpaste to the left side of the drawing with the toothbrush.",
        "change": "No noticeable change from the previous frame."
      },
      {
        "timestamp": 24.0,
        "annotation": "The hand continues to apply toothpaste to the left side of the drawing with the toothbrush.",
        "change": "No noticeable change from the previous frame."
      },
      {
        "timestamp": 25.0,
        "annotation": "The hand continues to apply toothpaste to the left side of the drawing with the toothbrush.",
        "change": "No noticeable change from the previous frame."
      },
      {
        "timestamp": 26.0,
        "annotation": "The hand continues to apply toothpaste to the left side of the drawing with the toothbrush.",
        "change": "No noticeable change from the previous frame."
      },
      {
        "timestamp": 27.0,
        "annotation": "The hand continues to apply toothpaste to the left side of the drawing with the toothbrush.",
        "change": "No noticeable change from the previous frame."
      },
      {
        "timestamp": 28.0,
        "annotation": "The hand continues to apply toothpaste to the left side of the drawing with the toothbrush.",
        "change": "No noticeable change from the previous frame."
      },
      {
        "timestamp": 29.0,
        "annotation": "The hand continues to apply toothpaste to the left side of the drawing with the toothbrush.",
        "change": "No noticeable change from the previous frame."
      },
      {
        "timestamp": 30.0,
        "annotation": "A hand is using a toothbrush to apply toothpaste to the left side of a drawing. The drawing is divided into two sections: one labeled '$0 Pencils' and the other '$300 Pencils'. The left side, labeled '$0 Pencils', shows a detailed and colored section of a person's face with a party hat. The right side, labeled '$300 Pencils', shows a sketchy, unfinished section of the same person's face.",
        "change": "The hand starts applying toothpaste to the drawing."
      },
      {
        "timestamp": 31.0,
        "annotation": "The hand continues to apply toothpaste to the left side of the drawing with the toothbrush.",
        "change": "No noticeable change from the previous frame."
      },
      {
        "timestamp": 32.0,
        "annotation": "The hand continues to apply toothpaste to the left side of the drawing with the toothbrush.",
        "change": "No noticeable change from the previous frame."
      },
      {
        "timestamp": 33.0,
        "annotation": "The hand continues to apply toothpaste to the left side of the drawing with the toothbrush.",
        "change": "No noticeable change from the previous frame."
      },
      {
        "timestamp": 34.0,
        "annotation": "The hand continues to apply toothpaste to the left side of the drawing with the toothbrush.",
        "change": "No noticeable change from the previous frame."
      },
      {
        "timestamp": 35.0,
        "annotation": "The hand continues to apply toothpaste to the left side of the drawing with the toothbrush.",
        "change": "No noticeable change from the previous frame."
      },
      {
        "timestamp": 36.0,
        "annotation": "The hand continues to apply toothpaste to the left side of the drawing with the toothbrush.",
        "change": "No noticeable change from the previous frame."
      },
      {
        "timestamp": 37.0,
        "annotation": "The hand continues to apply toothpaste to the left side of the drawing with the toothbrush.",
        "change": "No noticeable change from the previous frame."
      },
      {
        "timestamp": 38.0,
        "annotation": "The hand continues to apply toothpaste to the left side of the drawing with the toothbrush.",
        "change": "No noticeable change from the previous frame."
      },
      {
        "timestamp": 39.0,
        "annotation": "The hand continues to apply toothpaste to the left side of the drawing with the toothbrush.",
        "change": "No noticeable change from the previous frame."
      },
      {
        "timestamp": 40.0,
        "annotation": "The hand continues to apply toothpaste to the left side of the drawing with the toothbrush.",
        "change": "No noticeable change from the previous frame."
      },
      {
        "timestamp": 41.0,
        "annotation": "The hand continues to apply toothpaste to the left side of the drawing with the toothbrush.",
        "change": "No noticeable change from the previous frame."
      },
      {
        "timestamp": 42.0,
        "annotation": "The hand continues to apply toothpaste to the left side of the drawing with the toothbrush.",
        "change": "No noticeable change from the previous frame."
      },
      {
        "timestamp": 43.0,
        "annotation": "The hand continues to apply toothpaste to the left side of the drawing with the toothbrush.",
        "change": "No noticeable change from the previous frame."
      },
      {
        "timestamp": 44.0,
        "annotation": "The hand continues to apply toothpaste to the left side of the drawing with the toothbrush.",
        "change": "No noticeable change from the previous frame."
      },
      {
        "timestamp": 45.0,
        "annotation": "The hand continues to apply toothpaste to the left side of the drawing with the toothbrush.",
        "change": "No noticeable change from the previous frame."
      },
      {
        "timestamp": 46.0,
        "annotation": "The hand continues to apply toothpaste to the left side of the drawing with the toothbrush.",
        "change": "No noticeable change from the previous frame."
      },
      {
        "timestamp": 47.0,
        "annotation": "The hand begins to add color to the right side of the drawing with a pencil.",
        "change": "The hand starts using a pencil to add color to the right side of the drawing."
      },
      {
        "timestamp": 48.0,
        "annotation": "The hand continues to add color to the right side of the drawing with a pencil.",
        "change": "The hand continues to add color to the right side of the drawing."
      },
      {
        "timestamp": 49.0,
        "annotation": "The hand continues to add color to the right side of the drawing with a pencil.",
        "change": "The hand continues to add color to the right side of the drawing."
      },
      {
        "timestamp": 50.0,
        "annotation": "The hand continues to add color to the right side of the drawing with a pencil, focusing on the mouth area.",
        "change": "The hand continues to add color to the right side of the drawing."
      },
      {
        "timestamp": 51.0,
        "annotation": "The hand continues to add color to the right side of the drawing with a pencil, now moving towards the eye area.",
        "change": "The pencil moves slightly upwards towards the eye area."
      },
      {
        "timestamp": 52.0,
        "annotation": "The hand continues to add color to the right side of the drawing with a pencil, focusing on the eye area.",
        "change": "The pencil is now clearly working on the eye area."
      },
      {
        "timestamp": 53.0,
        "annotation": "The hand continues to add color to the right side of the drawing with a pencil, refining the eye area.",
        "change": "The pencil is refining the details in the eye area."
      },
      {
        "timestamp": 54.0,
        "annotation": "The hand continues to add color to the right side of the drawing with a pencil, moving downwards from the eye area.",
        "change": "The pencil starts moving downwards from the eye area."
      },
      {
        "timestamp": 55.0,
        "annotation": "The hand continues to add color to the right side of the drawing with a pencil, now focusing on the cheek area.",
        "change": "The pencil is now focusing on the cheek area."
      },
      {
        "timestamp": 56.0,
        "annotation": "The hand continues to add color to the right side of the drawing with a pencil, refining the cheek area.",
        "change": "The pencil is refining the details in the cheek area."
      },
      {
        "timestamp": 57.0,
        "annotation": "The hand continues to add color to the right side of the drawing with a pencil, moving downwards from the cheek area.",
        "change": "The pencil starts moving downwards from the cheek area."
      },
      {
        "timestamp": 58.0,
        "annotation": "The hand continues to add color to the right side of the drawing with a pencil, now focusing on the neck area.",
        "change": "The pencil is now focusing on the neck area."
      }
    ],
    "whole_video_annotation": "The video appears to be a creative experiment comparing two different approaches to drawing on a piece of paper divided into two sections. The left section is labeled \"$0 Pencils\" and the right section is labeled \"$300 Pencils.\" Here's a general description of what happens:\n\n1. **Initial Drawing**: The video starts with a sketch of a person's face. The left side is drawn with cheaper materials (labeled \"$0 Pencils\"), while the right side is drawn with more expensive pencils (labeled \"$300 Pencils\").\n\n2. **Non-Traditional Tools on the Left Side**: The artist uses various non-traditional tools and materials to enhance the left side of the drawing, including:\n   - Burning the paper with a match.\n   - Applying coffee or a similar liquid.\n   - Using hair to brush the liquid-applied area.\n   - Adding small plants or moss.\n   - Applying green liquid with a brush.\n   - Placing a yellow flower.\n   - Using a toothbrush with toothpaste to add texture and color.\n\n3. **Traditional Tools on the Right Side**: The right side of the drawing is refined using traditional pencils, with detailed shading and coloring added to the face, focusing on areas like the mouth, eyes, cheeks, and neck.\n\n4. **Comparison**: The video seems to be a visual comparison between the use of non-traditional, inexpensive materials versus traditional, expensive pencils in creating art. The left side showcases a more textured and eclectic approach, while the right side demonstrates a more conventional and detailed drawing technique.\n\nThe purpose of dividing the paper appears to be to highlight the differences in outcomes when using vastly different tools and materials, emphasizing creativity and resourcefulness versus traditional artistry.",
    "annotations_summary": "The video showcases a creative experiment comparing two distinct approaches to drawing on a single piece of paper divided into two sections: one labeled \"$0 Pencils\" and the other \"$300 Pencils.\" The left section, labeled \"$0 Pencils,\" is enhanced using unconventional materials and tools such as burning the paper, applying coffee, using hair to brush the area, adding plants or moss, applying green liquid, placing a yellow flower, and using a toothbrush with toothpaste. This side of the drawing becomes textured and eclectic. In contrast, the right section, labeled \"$300 Pencils,\" is refined using traditional pencils, focusing on detailed shading and coloring of the face, particularly the mouth, eyes, cheeks, and neck. The video highlights the differences in artistic outcomes when using inexpensive, non-traditional materials versus expensive, conventional art supplies, emphasizing creativity and resourcefulness."
  }
}