{
  "qid": "0612-3",
  "video_id": "qUCG8W5hMdw",
  "video_path": "videos\\0612_qUCG8W5hMdw.mp4",
  "main_question": "Is the reason for dividing the paper simply to compare $0 pencils with $300 pencils without any specific drawing tools?",
  "sub_questions": "To better understand the video and the context of the main question, consider the following sub-questions:\n\n1. **What is the purpose of the video, and who is the intended audience?**\n   - Understanding the goal and target viewers can provide context for why the comparison is being made.\n\n2. **Are there any specific criteria or parameters being used to compare the $0 pencils and the $300 pencils?**\n   - Knowing the criteria (e.g., quality, durability, performance) can help clarify if the comparison is purely about cost or if other factors are involved.\n\n3. **Are there any other drawing tools or materials mentioned or used in the video besides the pencils?**\n   - This can help determine if the focus is solely on pencils or if there is a broader discussion about art supplies and their value.\n\nThese sub-questions should help in gaining a more comprehensive understanding of the video's content and the reasoning behind the comparison.",
  "annotations": {
    "frame_annotations": [
      {
        "timestamp": 0.0,
        "annotation": "A hand is holding a piece of paper with a drawing of a person's face. The paper is divided vertically into two sections labeled '$0 Pencils' on the left and '$300 Pencils' on the right."
      },
      {
        "timestamp": 1.0,
        "annotation": "The hand is now using a pencil to draw on the right side of the paper labeled '$300 Pencils'. The drawing appears to be more detailed compared to the left side."
      },
      {
        "timestamp": 2.0,
        "annotation": "A lighter and a matchstick are introduced. The matchstick is being lit with the lighter."
      },
      {
        "timestamp": 3.0,
        "annotation": "The lit matchstick is brought close to the drawing on the left side labeled '$0 Pencils'."
      },
      {
        "timestamp": 4.0,
        "annotation": "The flame from the matchstick is touching the drawing, causing it to burn slightly."
      },
      {
        "timestamp": 5.0,
        "annotation": "The burnt area on the left side of the drawing is more visible. The hand is using a tool to scrape off the burnt material."
      },
      {
        "timestamp": 6.0,
        "annotation": "The hand is using a tool to scrape off more of the burnt material from the left side of the drawing."
      },
      {
        "timestamp": 7.0,
        "annotation": "A cup of liquid, possibly coffee, is introduced. The hand is dipping a tool into the liquid."
      },
      {
        "timestamp": 8.0,
        "annotation": "The tool with the liquid is being applied to the left side of the drawing, causing the paper to darken and the drawing to become more visible."
      },
      {
        "timestamp": 9.0,
        "annotation": "The hand is now holding a small plant or moss, placing it on the left side of the drawing. The contrast between the two sides of the drawing is evident, with the left side appearing more textured and less defined compared to the right side."
      },
      {
        "timestamp": 10.0,
        "annotation": "The hand is still holding the small plant or moss, continuing to place it on the left side of the drawing. The contrast between the two sides of the drawing remains evident, with the left side appearing more textured and less defined compared to the right side."
      },
      {
        "timestamp": 11.0,
        "annotation": "The hand is still holding the small plant or moss, continuing to place it on the left side of the drawing. The contrast between the two sides of the drawing remains evident, with the left side appearing more textured and less defined compared to the right side."
      },
      {
        "timestamp": 12.0,
        "annotation": "The hand is still holding the small plant or moss, continuing to place it on the left side of the drawing. The contrast between the two sides of the drawing remains evident, with the left side appearing more textured and less defined compared to the right side."
      },
      {
        "timestamp": 13.0,
        "annotation": "The hand is still holding the small plant or moss, continuing to place it on the left side of the drawing. The contrast between the two sides of the drawing remains evident, with the left side appearing more textured and less defined compared to the right side."
      },
      {
        "timestamp": 14.0,
        "annotation": "The hand is still holding the small plant or moss, continuing to place it on the left side of the drawing. The contrast between the two sides of the drawing remains evident, with the left side appearing more textured and less defined compared to the right side."
      },
      {
        "timestamp": 15.0,
        "annotation": "The hand is still holding the small plant or moss, continuing to place it on the left side of the drawing. The contrast between the two sides of the drawing remains evident, with the left side appearing more textured and less defined compared to the right side."
      },
      {
        "timestamp": 16.0,
        "annotation": "The hand is still holding the small plant or moss, continuing to place it on the left side of the drawing. The contrast between the two sides of the drawing remains evident, with the left side appearing more textured and less defined compared to the right side."
      },
      {
        "timestamp": 17.0,
        "annotation": "The hand is still holding the small plant or moss, continuing to place it on the left side of the drawing. The contrast between the two sides of the drawing remains evident, with the left side appearing more textured and less defined compared to the right side."
      },
      {
        "timestamp": 18.0,
        "annotation": "The hand is still holding the small plant or moss, continuing to place it on the left side of the drawing. The contrast between the two sides of the drawing remains evident, with the left side appearing more textured and less defined compared to the right side."
      },
      {
        "timestamp": 19.0,
        "annotation": "The hand is still holding the small plant or moss, continuing to place it on the left side of the drawing. The contrast between the two sides of the drawing remains evident, with the left side appearing more textured and less defined compared to the right side."
      },
      {
        "timestamp": 20.0,
        "annotation": "The hand is holding a small plant or moss and is placing it on the left side of the drawing. The drawing is divided into two sections: one labeled '$0 Pencils' and the other '$300 Pencils'. The left side appears more textured and less defined compared to the right side."
      },
      {
        "timestamp": 21.0,
        "annotation": "The hand continues to place the small plant or moss on the left side of the drawing. The contrast between the two sides remains evident, with the left side appearing more textured and less defined compared to the right side. No noticeable change from the previous frame."
      },
      {
        "timestamp": 22.0,
        "annotation": "The hand is still holding the small plant or moss, continuing to place it on the left side of the drawing. The contrast between the two sides of the drawing remains evident, with the left side appearing more textured and less defined compared to the right side. No noticeable change from the previous frame."
      },
      {
        "timestamp": 23.0,
        "annotation": "The hand is still holding the small plant or moss, continuing to place it on the left side of the drawing. The contrast between the two sides of the drawing remains evident, with the left side appearing more textured and less defined compared to the right side. No noticeable change from the previous frame."
      },
      {
        "timestamp": 24.0,
        "annotation": "The hand is still holding the small plant or moss, continuing to place it on the left side of the drawing. The contrast between the two sides of the drawing remains evident, with the left side appearing more textured and less defined compared to the right side. No noticeable change from the previous frame."
      },
      {
        "timestamp": 25.0,
        "annotation": "The hand is still holding the small plant or moss, continuing to place it on the left side of the drawing. The contrast between the two sides of the drawing remains evident, with the left side appearing more textured and less defined compared to the right side. No noticeable change from the previous frame."
      },
      {
        "timestamp": 26.0,
        "annotation": "The hand is still holding the small plant or moss, continuing to place it on the left side of the drawing. The contrast between the two sides of the drawing remains evident, with the left side appearing more textured and less defined compared to the right side. No noticeable change from the previous frame."
      },
      {
        "timestamp": 27.0,
        "annotation": "The hand is still holding the small plant or moss, continuing to place it on the left side of the drawing. The contrast between the two sides of the drawing remains evident, with the left side appearing more textured and less defined compared to the right side. No noticeable change from the previous frame."
      },
      {
        "timestamp": 28.0,
        "annotation": "The hand is still holding the small plant or moss, continuing to place it on the left side of the drawing. The contrast between the two sides of the drawing remains evident, with the left side appearing more textured and less defined compared to the right side. No noticeable change from the previous frame."
      },
      {
        "timestamp": 29.0,
        "annotation": "The hand is still holding the small plant or moss, continuing to place it on the left side of the drawing. The contrast between the two sides of the drawing remains evident, with the left side appearing more textured and less defined compared to the right side. No noticeable change from the previous frame."
      },
      {
        "timestamp": 30.0,
        "annotation": "The hand is still holding the pencil, continuing to draw on the right side of the paper. The contrast between the two sides of the drawing remains evident, with the left side appearing more textured and less defined compared to the right side. No noticeable change from the previous frame."
      },
      {
        "timestamp": 31.0,
        "annotation": "The hand is still holding the pencil, continuing to draw on the right side of the paper. The contrast between the two sides of the drawing remains evident, with the left side appearing more textured and less defined compared to the right side. No noticeable change from the previous frame."
      },
      {
        "timestamp": 32.0,
        "annotation": "The hand is still holding the pencil, continuing to draw on the right side of the paper. The contrast between the two sides of the drawing remains evident, with the left side appearing more textured and less defined compared to the right side. No noticeable change from the previous frame."
      },
      {
        "timestamp": 33.0,
        "annotation": "The hand is still holding the pencil, continuing to draw on the right side of the paper. The contrast between the two sides of the drawing remains evident, with the left side appearing more textured and less defined compared to the right side. No noticeable change from the previous frame."
      },
      {
        "timestamp": 34.0,
        "annotation": "The hand is still holding the pencil, continuing to draw on the right side of the paper. The contrast between the two sides of the drawing remains evident, with the left side appearing more textured and less defined compared to the right side. No noticeable change from the previous frame."
      },
      {
        "timestamp": 35.0,
        "annotation": "The hand is still holding the pencil, continuing to draw on the right side of the paper. The contrast between the two sides of the drawing remains evident, with the left side appearing more textured and less defined compared to the right side. No noticeable change from the previous frame."
      },
      {
        "timestamp": 36.0,
        "annotation": "The hand is still holding the pencil, continuing to draw on the right side of the paper. The contrast between the two sides of the drawing remains evident, with the left side appearing more textured and less defined compared to the right side. No noticeable change from the previous frame."
      },
      {
        "timestamp": 37.0,
        "annotation": "The hand is still holding the pencil, continuing to draw on the right side of the paper. The contrast between the two sides of the drawing remains evident, with the left side appearing more textured and less defined compared to the right side. No noticeable change from the previous frame."
      },
      {
        "timestamp": 38.0,
        "annotation": "The hand is still holding the pencil, continuing to draw on the right side of the paper. The contrast between the two sides of the drawing remains evident, with the left side appearing more textured and less defined compared to the right side. No noticeable change from the previous frame."
      },
      {
        "timestamp": 39.0,
        "annotation": "The hand is still holding the pencil, continuing to draw on the right side of the paper. The contrast between the two sides of the drawing remains evident, with the left side appearing more textured and less defined compared to the right side. No noticeable change from the previous frame."
      },
      {
        "timestamp": 40.0,
        "annotation": "The hand is still holding the pencil, continuing to draw on the right side of the paper. The contrast between the two sides of the drawing remains evident, with the left side appearing more textured and less defined compared to the right side. No noticeable change from the previous frame."
      },
      {
        "timestamp": 41.0,
        "annotation": "The hand is still holding the pencil, continuing to draw on the right side of the paper. The contrast between the two sides of the drawing remains evident, with the left side appearing more textured and less defined compared to the right side. No noticeable change from the previous frame."
      },
      {
        "timestamp": 42.0,
        "annotation": "The hand is still holding the pencil, continuing to draw on the right side of the paper. The contrast between the two sides of the drawing remains evident, with the left side appearing more textured and less defined compared to the right side. No noticeable change from the previous frame."
      },
      {
        "timestamp": 43.0,
        "annotation": "The hand is still holding the pencil, continuing to draw on the right side of the paper. The contrast between the two sides of the drawing remains evident, with the left side appearing more textured and less defined compared to the right side. No noticeable change from the previous frame."
      },
      {
        "timestamp": 44.0,
        "annotation": "The hand is still holding the pencil, continuing to draw on the right side of the paper. The contrast between the two sides of the drawing remains evident, with the left side appearing more textured and less defined compared to the right side. No noticeable change from the previous frame."
      },
      {
        "timestamp": 45.0,
        "annotation": "The hand is still holding the pencil, continuing to draw on the right side of the paper. The contrast between the two sides of the drawing remains evident, with the left side appearing more textured and less defined compared to the right side. No noticeable change from the previous frame."
      },
      {
        "timestamp": 46.0,
        "annotation": "The hand is still holding the pencil, continuing to draw on the right side of the paper. The contrast between the two sides of the drawing remains evident, with the left side appearing more textured and less defined compared to the right side. No noticeable change from the previous frame."
      },
      {
        "timestamp": 47.0,
        "annotation": "The hand is still holding the pencil, continuing to draw on the right side of the paper. The contrast between the two sides of the drawing remains evident, with the left side appearing more textured and less defined compared to the right side. No noticeable change from the previous frame."
      },
      {
        "timestamp": 48.0,
        "annotation": "The hand is still holding the pencil, continuing to draw on the right side of the paper. The contrast between the two sides of the drawing remains evident, with the left side appearing more textured and less defined compared to the right side. No noticeable change from the previous frame."
      },
      {
        "timestamp": 49.0,
        "annotation": "The hand is still holding the pencil, continuing to draw on the right side of the paper. The contrast between the two sides of the drawing remains evident, with the left side appearing more textured and less defined compared to the right side. No noticeable change from the previous frame."
      },
      {
        "timestamp": 50.0,
        "annotation": "The hand is still holding the pencil, continuing to draw on the right side of the paper. The contrast between the two sides of the drawing remains evident, with the left side appearing more textured and less defined compared to the right side. No noticeable change from the previous frame."
      },
      {
        "timestamp": 51.0,
        "annotation": "The hand is still holding the pencil, continuing to draw on the right side of the paper. The contrast between the two sides of the drawing remains evident, with the left side appearing more textured and less defined compared to the right side. No noticeable change from the previous frame."
      },
      {
        "timestamp": 52.0,
        "annotation": "The hand is still holding the pencil, continuing to draw on the right side of the paper. The contrast between the two sides of the drawing remains evident, with the left side appearing more textured and less defined compared to the right side. No noticeable change from the previous frame."
      },
      {
        "timestamp": 53.0,
        "annotation": "The hand is still holding the pencil, continuing to draw on the right side of the paper. The contrast between the two sides of the drawing remains evident, with the left side appearing more textured and less defined compared to the right side. No noticeable change from the previous frame."
      },
      {
        "timestamp": 54.0,
        "annotation": "The hand is still holding the pencil, continuing to draw on the right side of the paper. The contrast between the two sides of the drawing remains evident, with the left side appearing more textured and less defined compared to the right side. No noticeable change from the previous frame."
      },
      {
        "timestamp": 55.0,
        "annotation": "The hand is still holding the pencil, continuing to draw on the right side of the paper. The contrast between the two sides of the drawing remains evident, with the left side appearing more textured and less defined compared to the right side. No noticeable change from the previous frame."
      },
      {
        "timestamp": 56.0,
        "annotation": "The hand is still holding the pencil, continuing to draw on the right side of the paper. The contrast between the two sides of the drawing remains evident, with the left side appearing more textured and less defined compared to the right side. No noticeable change from the previous frame."
      },
      {
        "timestamp": 57.0,
        "annotation": "The hand is still holding the pencil, continuing to draw on the right side of the paper. The contrast between the two sides of the drawing remains evident, with the left side appearing more textured and less defined compared to the right side. No noticeable change from the previous frame."
      },
      {
        "timestamp": 58.0,
        "annotation": "The hand is still holding the pencil, continuing to draw on the right side of the paper. The contrast between the two sides of the drawing remains evident, with the left side appearing more textured and less defined compared to the right side. No noticeable change from the previous frame."
      }
    ],
    "whole_video_annotation": "The video appears to be a demonstration comparing the quality and detail of drawings made with two different types of pencils: one labeled \"$0 Pencils\" and the other labeled \"$300 Pencils.\" Here's a general description of what is happening:\n\n1. **Initial Setup**: The video begins with a piece of paper divided vertically into two sections. The left side is labeled \"$0 Pencils,\" and the right side is labeled \"$300 Pencils.\" Both sections initially have a simple drawing of a person's face.\n\n2. **Drawing Process**: The hand starts drawing on the right side of the paper labeled \"$300 Pencils,\" creating a more detailed and refined drawing compared to the left side.\n\n3. **Alteration of the Left Side**: The hand then introduces a lit matchstick to burn the drawing on the left side labeled \"$0 Pencils.\" After burning, the hand uses a tool to scrape off the burnt material, making the drawing less defined. Subsequently, a liquid (possibly coffee) is applied to darken the paper and make the drawing more visible but still textured and less defined.\n\n4. **Adding Texture**: The hand places a small plant or moss on the left side of the drawing, further enhancing the textured and less defined appearance compared to the right side.\n\n5. **Continuous Drawing**: The hand continues to draw on the right side of the paper, maintaining the detailed and refined quality of the drawing.\n\nThroughout the video, the contrast between the two sides of the drawing is evident, highlighting the difference in quality between the \"$0 Pencils\" and the \"$300 Pencils.\" The left side appears more textured and less defined due to the burning, scraping, and addition of natural elements, while the right side remains detailed and refined.",
    "annotations_summary": "The video demonstrates a comparison between drawings made with two types of pencils: one labeled \"$0 Pencils\" and the other \"$300 Pencils.\" The video begins with a piece of paper divided into two sections, each with a simple drawing of a person's face. The hand starts by drawing more detailed and refined features on the right side labeled \"$300 Pencils.\"\n\nTo alter the left side labeled \"$0 Pencils,\" the hand uses a lit matchstick to burn the drawing, then scrapes off the burnt material, and applies a liquid (possibly coffee) to darken the paper and make the drawing more visible but textured and less defined. Additionally, a small plant or moss is placed on the left side to further enhance its textured appearance.\n\nThroughout the video, the hand continues to draw on the right side, maintaining the detailed and refined quality of the drawing. The contrast between the two sides highlights the difference in quality between the \"$0 Pencils\" and the \"$300 Pencils,\" with the left side appearing more textured and less defined compared to the right side."
  }
}