{
  "qid": "0614-1",
  "video_id": "JOd2FBcirwk",
  "video_path": "videos\\0614_JOd2FBcirwk.mp4",
  "main_question": "What causes the man's hands to tremble while he is eating at the start of the video?",
  "sub_questions": "To better understand the video and the cause of the man's trembling hands while eating, consider the following sub-questions:\n\n1. **Are there any visible signs of medical conditions or symptoms in the man besides the trembling hands?**\n   - This can help identify if the trembling is part of a broader medical issue.\n\n2. **What is the context or setting of the scene? Is the man under any apparent stress or emotional distress?**\n   - Environmental factors or emotional states can sometimes cause physical reactions like trembling.\n\n3. **Does the man exhibit similar behavior or symptoms at other points in the video?**\n   - Consistent behavior can indicate a chronic condition, while isolated incidents might suggest a temporary cause.",
  "annotations": {
    "frame_annotations": [
      {
        "timestamp": 0.0,
        "annotation": "A man is sitting at a table in a restaurant. He is holding a fork and appears to be about to eat. A woman in a black outfit is standing next to him, holding a tray with food."
      },
      {
        "timestamp": 1.0,
        "annotation": "The woman is placing a bowl of salad in front of the man. The man is still holding his fork, and his hands appear to be slightly trembling."
      },
      {
        "timestamp": 2.0,
        "annotation": "The woman is pouring a dressing from a bottle onto the salad. The man's hands are still trembling as he holds the fork."
      },
      {
        "timestamp": 3.0,
        "annotation": "The woman has finished pouring the dressing and is stepping back. The man is looking down at his salad, and his hands are visibly trembling more."
      },
      {
        "timestamp": 4.0,
        "annotation": "The man is picking up a piece of salad with his fork. His hands are trembling noticeably."
      },
      {
        "timestamp": 5.0,
        "annotation": "The man is bringing the fork to his mouth. His hands are still trembling as he eats."
      },
      {
        "timestamp": 6.0,
        "annotation": "The man is chewing the food. His hands are trembling, and he appears to be struggling to keep the fork steady."
      },
      {
        "timestamp": 7.0,
        "annotation": "The man is swallowing the food. His hands are still trembling, and he looks slightly uncomfortable."
      },
      {
        "timestamp": 8.0,
        "annotation": "The man is preparing to take another bite. His hands are trembling, and he seems to be having difficulty controlling the fork."
      },
      {
        "timestamp": 9.0,
        "annotation": "The man is taking another bite of the salad. His hands are trembling, and he appears to be finding it challenging to eat."
      },
      {
        "timestamp": 10.0,
        "annotation": "The man is taking another bite of the salad. His hands are trembling, and he appears to be finding it challenging to eat. The background shows a group of people sitting at tables, some of whom are looking in his direction."
      },
      {
        "timestamp": 11.0,
        "annotation": "The man continues to eat the salad. His hands are still trembling. The background remains the same with people at tables, and one woman in the background is holding a bottle."
      },
      {
        "timestamp": 12.0,
        "annotation": "The man is still eating the salad. His hands continue to tremble. The background shows the same group of people, with no significant changes."
      },
      {
        "timestamp": 13.0,
        "annotation": "The man is taking another bite of the salad. His hands are trembling. The background remains consistent with people at tables, and the woman holding the bottle is still visible."
      },
      {
        "timestamp": 14.0,
        "annotation": "The man continues to eat the salad. His hands are still trembling. The background shows the same group of people, with no noticeable changes."
      },
      {
        "timestamp": 15.0,
        "annotation": "The man is taking another bite of the salad. His hands are trembling. The background remains the same with people at tables, and the woman holding the bottle is still visible."
      },
      {
        "timestamp": 16.0,
        "annotation": "The man is still eating the salad. His hands continue to tremble. The background shows the same group of people, with no significant changes."
      },
      {
        "timestamp": 17.0,
        "annotation": "The man is taking another bite of the salad. His hands are trembling. The background remains consistent with people at tables, and the woman holding the bottle is still visible."
      },
      {
        "timestamp": 18.0,
        "annotation": "The man continues to eat the salad. His hands are still trembling. The background shows the same group of people, with no noticeable changes."
      },
      {
        "timestamp": 19.0,
        "annotation": "The man is taking another bite of the salad. His hands are trembling. The background remains the same with people at tables, and the woman holding the bottle is still visible."
      },
      {
        "timestamp": 20.0,
        "annotation": "The man is taking another bite of the salad. His hands are trembling. The background remains the same with people at tables, and the woman holding the bottle is still visible."
      },
      {
        "timestamp": 21.0,
        "annotation": "The man continues to eat his salad. His hands are still trembling. The background remains unchanged."
      },
      {
        "timestamp": 22.0,
        "annotation": "The man is still eating his salad. His hands continue to tremble. The background and other people remain the same."
      },
      {
        "timestamp": 23.0,
        "annotation": "The man takes another bite of his salad. His hands are trembling. The background and other people are unchanged."
      },
      {
        "timestamp": 24.0,
        "annotation": "The man continues to eat his salad. His hands are still trembling. The background remains the same."
      },
      {
        "timestamp": 25.0,
        "annotation": "The man is still eating his salad. His hands continue to tremble. The background and other people remain unchanged."
      },
      {
        "timestamp": 26.0,
        "annotation": "The man takes another bite of his salad. His hands are trembling. The background and other people are unchanged."
      },
      {
        "timestamp": 27.0,
        "annotation": "The man continues to eat his salad. His hands are still trembling. The background remains the same."
      },
      {
        "timestamp": 28.0,
        "annotation": "The man is still eating his salad. His hands continue to tremble. The background and other people remain unchanged."
      },
      {
        "timestamp": 29.0,
        "annotation": "The man takes another bite of his salad. His hands are trembling. The background and other people are unchanged."
      },
      {
        "timestamp": 30.0,
        "annotation": "The man continues to eat his salad. His hands are visibly trembling. The background remains the same with other people engaged in conversation."
      },
      {
        "timestamp": 31.0,
        "annotation": "The man takes another bite of his salad. His hands continue to tremble. The background and other people are unchanged."
      },
      {
        "timestamp": 32.0,
        "annotation": "The man is still eating his salad. His hands are trembling. The background remains the same."
      },
      {
        "timestamp": 33.0,
        "annotation": "The man takes another bite of his salad. His hands are trembling. The background and other people are unchanged."
      },
      {
        "timestamp": 34.0,
        "annotation": "The man continues to eat his salad. His hands are visibly trembling. The background remains the same with other people engaged in conversation."
      },
      {
        "timestamp": 35.0,
        "annotation": "The man takes another bite of his salad. His hands continue to tremble. The background and other people are unchanged."
      },
      {
        "timestamp": 36.0,
        "annotation": "The man is still eating his salad. His hands are trembling. The background remains the same."
      },
      {
        "timestamp": 37.0,
        "annotation": "The man takes another bite of his salad. His hands are trembling. The background and other people are unchanged."
      },
      {
        "timestamp": 38.0,
        "annotation": "The man continues to eat his salad. His hands are visibly trembling. The background remains the same with other people engaged in conversation."
      },
      {
        "timestamp": 39.0,
        "annotation": "The man takes another bite of his salad. His hands continue to tremble. The background and other people are unchanged."
      },
      {
        "timestamp": 40.0,
        "annotation": "The man continues to eat his salad. His hands are visibly trembling as he brings the fork to his mouth. The background shows a group of people sitting and talking, with no significant changes from the previous frame."
      },
      {
        "timestamp": 41.0,
        "annotation": "The man takes another bite of his salad. His hands continue to tremble. The background remains unchanged with people sitting and talking."
      },
      {
        "timestamp": 42.0,
        "annotation": "The man is still eating his salad. His hands show noticeable trembling. The background and other people remain unchanged."
      },
      {
        "timestamp": 43.0,
        "annotation": "The man takes another bite of his salad. His hands continue to tremble. The background and other people are unchanged."
      },
      {
        "timestamp": 44.0,
        "annotation": "The man continues to eat his salad. His hands are visibly trembling. The background and other people remain unchanged."
      },
      {
        "timestamp": 45.0,
        "annotation": "The man takes another bite of his salad. His hands continue to tremble. The background and other people are unchanged."
      },
      {
        "timestamp": 46.0,
        "annotation": "The man is still eating his salad. His hands show noticeable trembling. The background and other people remain unchanged."
      },
      {
        "timestamp": 47.0,
        "annotation": "The man takes another bite of his salad. His hands continue to tremble. The background and other people are unchanged."
      },
      {
        "timestamp": 48.0,
        "annotation": "The man continues to eat his salad. His hands are visibly trembling. The background and other people remain unchanged."
      },
      {
        "timestamp": 49.0,
        "annotation": "The man takes another bite of his salad. His hands continue to tremble. The background and other people are unchanged."
      },
      {
        "timestamp": 50.0,
        "annotation": "The man takes another bite of his salad. His hands continue to tremble. The background and other people are unchanged."
      },
      {
        "timestamp": 51.0,
        "annotation": "The man continues to eat his salad. His hands are still trembling. The background remains the same."
      },
      {
        "timestamp": 52.0,
        "annotation": "The man takes another bite. His hands show noticeable tremors. The environment and other individuals in the background are unchanged."
      },
      {
        "timestamp": 53.0,
        "annotation": "The man is still eating his salad. His hands continue to tremble visibly. The background and other people remain the same."
      },
      {
        "timestamp": 54.0,
        "annotation": "The man takes another bite of his salad. His hands are trembling. The background and other people are unchanged."
      },
      {
        "timestamp": 55.0,
        "annotation": "The man continues to eat his salad. His hands show persistent tremors. The background remains the same."
      },
      {
        "timestamp": 56.0,
        "annotation": "The man takes another bite. His hands are still trembling. The environment and other individuals in the background are unchanged."
      },
      {
        "timestamp": 57.0,
        "annotation": "The man is still eating his salad. His hands continue to tremble visibly. The background and other people remain the same."
      },
      {
        "timestamp": 58.0,
        "annotation": "The man takes another bite of his salad. His hands are trembling. The background and other people are unchanged."
      },
      {
        "timestamp": 59.0,
        "annotation": "The man continues to eat his salad. His hands show persistent tremors. The background remains the same."
      }
    ],
    "whole_video_annotation": "In the video, a man is sitting at a table in a restaurant, attempting to eat a salad. Throughout the entire sequence, the man's hands are visibly trembling, making it challenging for him to eat. A woman in a black outfit, presumably a server, is seen placing the salad in front of him and pouring dressing onto it. The background shows other patrons in the restaurant, some of whom occasionally glance in the man's direction. The man continues to eat despite his trembling hands, which seem to worsen as he progresses.\n\nRegarding the cause of the man's hand tremors, several possibilities could be considered, although the video alone does not provide a definitive answer:\n\n1. **Neurological Conditions**: Conditions such as Parkinson's disease, essential tremor, or multiple sclerosis can cause hand tremors.\n2. **Medication Side Effects**: Certain medications can have side effects that include tremors.\n3. **Stress or Anxiety**: High levels of stress or anxiety can manifest physically as tremors.\n4. **Metabolic Issues**: Conditions like thyroid problems or low blood sugar can cause tremors.\n5. **Alcohol Withdrawal**: Sudden cessation of alcohol consumption can lead to tremors.\n6. **Caffeine or Stimulant Use**: Excessive consumption of caffeine or other stimulants can cause tremors.\n\nFor a precise diagnosis, medical evaluation would be necessary.",
    "annotations_summary": "The video depicts a man sitting at a table in a restaurant, attempting to eat a salad while experiencing noticeable hand tremors. The sequence begins with a woman, presumably a server, placing a bowl of salad in front of him and pouring dressing onto it. Throughout the video, the man struggles to eat due to his trembling hands, which appear to worsen over time. The background shows other patrons in the restaurant, some of whom occasionally look in his direction. The man continues to eat despite his difficulty, indicating a persistent effort to manage his condition.\n\nThe video-level description suggests several potential causes for the man's hand tremors, including neurological conditions, medication side effects, stress or anxiety, metabolic issues, alcohol withdrawal, and excessive caffeine or stimulant use. However, the video alone does not provide a definitive diagnosis, and medical evaluation would be required for a precise understanding of the cause."
  }
}