{
  "qid": "0616-0",
  "video_id": "PN2XQBfWV2M",
  "video_path": "videos\\0616_PN2XQBfWV2M.mp4",
  "main_question": "Which colored ball in the video reaches the finish line first?",
  "sub_questions": "To better understand the video and answer the main question, consider the following sub-questions:\n\n1. **How many colored balls are there in the video, and what are their colors?**\n   - This will help identify the specific balls that need to be tracked.\n\n2. **What is the starting point and the finish line for the balls in the video?**\n   - Understanding the race's parameters will clarify what constitutes \"reaching the finish line first.\"\n\n3. **Are there any obstacles or variables that might affect the balls' speeds or paths?**\n   - Knowing if there are any factors that could influence the race will provide context for determining which ball is likely to win.",
  "annotations": {
    "frame_annotations": [
      {
        "timestamp": 0.0,
        "annotation": "A hand is holding a blue ball at the starting point of a track. There are two other balls, one black and one white, positioned further down the track. The text 'It doesn't matter when you start' is visible."
      },
      {
        "timestamp": 1.0,
        "annotation": "The blue ball is still being held by the hand. No noticeable change from the previous frame."
      },
      {
        "timestamp": 2.0,
        "annotation": "The blue ball is still being held by the hand. No noticeable change from the previous frame."
      },
      {
        "timestamp": 3.0,
        "annotation": "The blue ball is still being held by the hand. No noticeable change from the previous frame."
      },
      {
        "timestamp": 4.0,
        "annotation": "The blue ball is released and starts rolling down the track. The black ball is also seen rolling down the track."
      },
      {
        "timestamp": 5.0,
        "annotation": "The blue and black balls are both rolling down the track. The white ball is still at the starting point."
      },
      {
        "timestamp": 6.0,
        "annotation": "The blue and black balls continue to roll down the track. The white ball starts to roll down the track."
      },
      {
        "timestamp": 7.0,
        "annotation": "The blue ball is ahead of the black ball. The white ball is further behind."
      },
      {
        "timestamp": 8.0,
        "annotation": "The blue ball is approaching the finish line. The black ball is behind it, and the white ball is further behind."
      },
      {
        "timestamp": 9.0,
        "annotation": "The blue ball has reached the finish line first, followed by the black ball, and then the white ball."
      },
      {
        "timestamp": 10.0,
        "annotation": "The blue ball is in the lead, followed by the black ball and then the white ball. The balls are navigating through a series of obstacles on a track."
      },
      {
        "timestamp": 11.0,
        "annotation": "The blue ball continues to lead, with the black ball slightly behind and the white ball further back. The balls are moving through a curved section of the track."
      },
      {
        "timestamp": 12.0,
        "annotation": "The blue ball maintains its lead, followed by the black ball and then the white ball. The balls are approaching a straight section of the track."
      },
      {
        "timestamp": 13.0,
        "annotation": "The blue ball is still in the lead, with the black ball and the white ball following in that order. The balls are moving through another curved section."
      },
      {
        "timestamp": 14.0,
        "annotation": "The blue ball continues to lead, followed by the black ball and then the white ball. The balls are navigating through a series of obstacles."
      },
      {
        "timestamp": 15.0,
        "annotation": "The blue ball maintains its lead, with the black ball slightly behind and the white ball further back. The balls are moving through a straight section of the track."
      },
      {
        "timestamp": 16.0,
        "annotation": "The blue ball is still in the lead, followed by the black ball and then the white ball. The balls are approaching the finish line."
      },
      {
        "timestamp": 17.0,
        "annotation": "The blue ball crosses the finish line first, followed by the black ball and then the white ball. The blue ball has won the race."
      },
      {
        "timestamp": 18.0,
        "annotation": "The blue ball has reached the finish line first, followed by the black ball, and then the white ball. The race is concluded."
      },
      {
        "timestamp": 19.0,
        "annotation": "The blue ball has reached the finish line first, followed by the black ball, and then the white ball. The balls are stationary at the finish line."
      },
      {
        "timestamp": 20.0,
        "annotation": "The blue ball is leading, followed by the black ball and then the white ball. The balls are navigating through a maze-like track with various obstacles."
      },
      {
        "timestamp": 21.0,
        "annotation": "The blue ball continues to lead, with the black ball slightly behind and the white ball further back. The balls are moving down a curved section of the track."
      },
      {
        "timestamp": 22.0,
        "annotation": "The blue ball maintains its lead, followed by the black ball and then the white ball. The balls are approaching a split in the track."
      },
      {
        "timestamp": 23.0,
        "annotation": "The blue ball is still in the lead, with the black ball and the white ball following closely. The balls are navigating through a narrow section of the track."
      },
      {
        "timestamp": 24.0,
        "annotation": "The blue ball continues to lead, followed by the black ball and then the white ball. The balls are moving down another curved section of the track."
      },
      {
        "timestamp": 25.0,
        "annotation": "The blue ball is still in the lead, with the black ball and the white ball following. The balls are approaching the final straight section of the track."
      },
      {
        "timestamp": 26.0,
        "annotation": "The blue ball maintains its lead, followed by the black ball and then the white ball. The balls are nearing the finish line."
      },
      {
        "timestamp": 27.0,
        "annotation": "The blue ball is about to reach the finish line, with the black ball and the white ball close behind. The balls are in the final stretch."
      },
      {
        "timestamp": 28.0,
        "annotation": "The blue ball has reached the finish line first, followed by the black ball, and then the white ball. The balls are stationary at the finish line."
      },
      {
        "timestamp": 29.0,
        "annotation": "The blue ball has reached the finish line first, followed by the black ball, and then the white ball. The balls are stationary at the finish line."
      }
    ],
    "whole_video_annotation": "The video depicts a race involving three balls: a blue ball, a black ball, and a white ball. The blue ball starts later than the other two but ultimately reaches the finish line first. The black ball follows in second place, and the white ball comes in third. Throughout the race, the balls navigate through various sections of a track, including straight paths, curves, obstacles, and a maze-like section.\n\nThe user's question: \"Which colored ball in the video reaches the finish line first?\"\n\nThe blue ball reaches the finish line first.",
    "annotations_summary": "The video shows a race between three balls: blue, black, and white. Initially, the blue ball starts later than the other two. Despite this, the blue ball navigates through various sections of the track, including straight paths, curves, obstacles, and a maze-like section, and ultimately reaches the finish line first. The black ball follows in second place, and the white ball comes in third. The blue ball maintains its lead throughout most of the race, demonstrating that starting later does not necessarily mean finishing behind."
  }
}