{
  "qid": "0621-2",
  "video_id": "9SzIZz1CDcc",
  "video_path": "videos\\0621_9SzIZz1CDcc.mp4",
  "main_question": "Is the left foot the first one to lean against the wall in the video?",
  "sub_questions": "To better understand the video and answer the main question, consider the following sub-questions:\n\n1. **Which foot is visible first in the video when the person starts to lean against the wall?**\n   - This can help determine the sequence of movements.\n\n2. **Is there any clear indication of which foot is the left foot in the video?**\n   - Identifying the left foot is crucial to answering the main question.\n\n3. **Does the video show the person leaning against the wall from a side angle or a front/back angle?**\n   - The perspective can affect the visibility and clarity of which foot is used first.",
  "annotations": {
    "frame_annotations": [
      {
        "timestamp": 0.0,
        "annotation": "A group of five people, including a child, are standing in a line on a grassy field next to a concrete wall. They are all wearing sports attire. The names of the individuals are labeled above their heads."
      },
      {
        "timestamp": 1.0,
        "annotation": "The group remains in the same position. No noticeable change from the previous frame."
      },
      {
        "timestamp": 2.0,
        "annotation": "The group remains in the same position. No noticeable change from the previous frame."
      },
      {
        "timestamp": 3.0,
        "annotation": "The group remains in the same position. No noticeable change from the previous frame."
      },
      {
        "timestamp": 4.0,
        "annotation": "The group remains in the same position. No noticeable change from the previous frame."
      },
      {
        "timestamp": 5.0,
        "annotation": "One of the individuals, a woman wearing a white and blue sports outfit with the number 9, starts to lean forward towards the wall."
      },
      {
        "timestamp": 6.0,
        "annotation": "The woman is now in mid-air, leaping towards the wall with her right foot extended forward. The child, labeled as 'Mini Michiel,' is standing nearby, observing."
      },
      {
        "timestamp": 7.0,
        "annotation": "The woman has completed her leap and is now leaning against the wall with her right foot. The child, 'Mini Michiel,' is also leaning against the wall with his left foot."
      }
    ],
    "whole_video_annotation": "In the video, a group of five people, including a child, are standing in a line on a grassy field next to a concrete wall. They are all dressed in sports attire. Initially, they remain stationary. After a few seconds, a woman wearing a white and blue sports outfit with the number 9 starts to lean forward towards the wall. She then leaps towards the wall with her right foot extended forward. The child, labeled as 'Mini Michiel,' observes and subsequently leans against the wall with his left foot.\n\nRegarding the user's question: \"Is the left foot the first one to lean against the wall in the video?\" The answer is no. The woman's right foot is the first to lean against the wall.",
    "annotations_summary": "The video features a group of five people, including a child named 'Mini Michiel,' standing in a line on a grassy field next to a concrete wall, all dressed in sports attire. Initially, the group remains stationary. After a few seconds, a woman wearing a white and blue sports outfit with the number 9 leans forward and leaps towards the wall, making contact with her right foot first. Following this, the child, 'Mini Michiel,' also leans against the wall with his left foot."
  }
}