{
  "qid": "0625-2",
  "video_id": "yQ2YZQhvc2c",
  "video_path": "videos\\0625_yQ2YZQhvc2c.mp4",
  "main_question": "Does the second ball move back and forth along a horizontal groove?",
  "sub_questions": "To better understand whether the second ball moves back and forth along a horizontal groove in the video, consider the following sub-questions:\n\n1. **What is the initial setup of the balls and the groove?**\n   - Are there any specific positions or configurations of the balls at the start of the video?\n   - Is the groove clearly visible, and how is it oriented?\n\n2. **How does the second ball move in relation to the groove?**\n   - Does the second ball exhibit any horizontal motion along the groove?\n   - Are there any visual indicators or markers that show the ball's movement?\n\n3. **Are there any external forces or interactions affecting the second ball's motion?**\n   - Does the first ball or any other object interact with the second ball in a way that might cause it to move back and forth?\n   - Are there any mechanical or physical constraints that might influence the second ball's movement along the groove?",
  "annotations": {
    "frame_annotations": [
      {
        "timestamp": 0.0,
        "annotation": "A single ball is positioned at the top of a vertical groove within a circular frame. The ball is centered and there is no movement observed."
      },
      {
        "timestamp": 0.97,
        "annotation": "The ball remains in the same position at the top of the vertical groove. No noticeable change from the previous frame."
      },
      {
        "timestamp": 1.94,
        "annotation": "The ball is still at the top of the vertical groove. No movement is observed."
      },
      {
        "timestamp": 2.9,
        "annotation": "The ball starts to move downward along the vertical groove."
      },
      {
        "timestamp": 3.87,
        "annotation": "The ball continues to move downward along the vertical groove."
      },
      {
        "timestamp": 4.84,
        "annotation": "The ball reaches the bottom of the vertical groove and begins to move horizontally to the right along a horizontal groove."
      },
      {
        "timestamp": 5.81,
        "annotation": "The ball is now at the rightmost position of the horizontal groove, preparing to move downward along another vertical groove."
      },
      {
        "timestamp": 6.77,
        "annotation": "The ball moves downward along the vertical groove on the right side."
      },
      {
        "timestamp": 7.74,
        "annotation": "The ball reaches the bottom of the vertical groove on the right side and begins to move horizontally to the left along another horizontal groove."
      },
      {
        "timestamp": 8.71,
        "annotation": "The ball is now at the leftmost position of the horizontal groove, preparing to move upward along another vertical groove."
      },
      {
        "timestamp": 9.68,
        "annotation": "The ball is still at the leftmost position of the horizontal groove. No movement observed."
      },
      {
        "timestamp": 10.64,
        "annotation": "The ball remains at the leftmost position of the horizontal groove. No movement observed."
      },
      {
        "timestamp": 11.61,
        "annotation": "The ball is still at the leftmost position of the horizontal groove. No movement observed."
      },
      {
        "timestamp": 12.58,
        "annotation": "The ball is still at the leftmost position of the horizontal groove. No movement observed."
      },
      {
        "timestamp": 13.55,
        "annotation": "The ball is still at the leftmost position of the horizontal groove. No movement observed."
      },
      {
        "timestamp": 14.51,
        "annotation": "The ball is still at the leftmost position of the horizontal groove. No movement observed."
      },
      {
        "timestamp": 15.48,
        "annotation": "The ball is still at the leftmost position of the horizontal groove. No movement observed."
      },
      {
        "timestamp": 16.45,
        "annotation": "The ball is still at the leftmost position of the horizontal groove. No movement observed."
      },
      {
        "timestamp": 17.42,
        "annotation": "The ball is still at the leftmost position of the horizontal groove. No movement observed."
      },
      {
        "timestamp": 18.39,
        "annotation": "The ball is still at the leftmost position of the horizontal groove. No movement observed."
      },
      {
        "timestamp": 19.35,
        "annotation": "The ball is still at the leftmost position of the horizontal groove. No movement observed. The ball is illuminated with a blue light."
      },
      {
        "timestamp": 20.32,
        "annotation": "The ball is still at the leftmost position of the horizontal groove. No movement observed. The ball is illuminated with a white light."
      },
      {
        "timestamp": 21.29,
        "annotation": "The ball is still at the leftmost position of the horizontal groove. No movement observed. The ball is illuminated with a purple light."
      },
      {
        "timestamp": 22.26,
        "annotation": "The ball is still at the leftmost position of the horizontal groove. No movement observed. The ball is illuminated with a blue light."
      },
      {
        "timestamp": 23.22,
        "annotation": "The ball is still at the leftmost position of the horizontal groove. No movement observed. The ball is illuminated with a white light."
      }
    ],
    "whole_video_annotation": "In the video, a single ball moves through a series of grooves within a circular frame. The ball starts at the top of a vertical groove, moves downward, then transitions to horizontal grooves, moving right and left, and finally descends another vertical groove. After reaching the leftmost position of a horizontal groove, the ball remains stationary for an extended period while being illuminated with different colored lights (blue, white, and purple) in succession. There is no second ball in the video.",
    "annotations_summary": "The video features a single ball moving through a series of grooves within a circular frame. The ball begins at the top of a vertical groove, moves downward, transitions to horizontal grooves moving right and then left, and descends another vertical groove. After reaching the leftmost position of a horizontal groove, the ball remains stationary for an extended period while being illuminated with different colored lights (blue, white, and purple) in succession. There is no movement of the ball observed during the illumination sequence."
  }
}