{
  "qid": "0633-7",
  "video_id": "jI5XO3aa5_g",
  "video_path": "videos\\0633_jI5XO3aa5_g.mp4",
  "main_question": "What is the direction of the wheels of the black car at the end of the video?\nA. Not moving\nB. Forward\nC. Sideways\nD. In reverse",
  "sub_questions": "To better understand the video and determine the direction of the wheels of the black car at the end, consider the following sub-questions:\n\n1. **What is the initial position and movement of the black car at the beginning of the video?**\n   - Understanding the starting point and initial direction can help in tracking the car's movement throughout the video.\n\n2. **Are there any visible indicators or signs that show the car's gear or direction (e.g., reverse lights, turn signals, or the driver's actions)?**\n   - These indicators can provide clues about whether the car is moving forward, in reverse, or not moving at all.\n\n3. **What is the final position of the black car relative to its starting position and any obstacles or landmarks in the video?**\n   - Comparing the starting and ending positions can help determine if the car has moved forward, backward, or remained stationary.",
  "annotations": {
    "frame_annotations": [
      {
        "timestamp": 0.0,
        "annotation": "A white SUV is driving on a snowy road. There is another car behind it. The scene is set in a residential area with trees and houses in the background. The road is covered in snow and slush."
      },
      {
        "timestamp": 1.0,
        "annotation": "The white SUV continues to move forward. The car behind it is also moving. The word 'SNOW' is visible in the frame, indicating the weather conditions. No significant change in the position of the vehicles."
      },
      {
        "timestamp": 2.0,
        "annotation": "The white SUV is still moving forward. The car behind it is closer. The word 'WHICH' appears in the frame, but it does not affect the scene. The vehicles are creating a spray of snow as they move."
      },
      {
        "timestamp": 3.0,
        "annotation": "The white SUV is now at the intersection. The black car is visible in the foreground with its wheel turned. The word 'THIS' is visible, but it does not affect the scene. The black car's wheel is turned, indicating it might be preparing to move or has just stopped."
      },
      {
        "timestamp": 4.0,
        "annotation": "Close-up of the black car's front wheel, which is turned inward. The word 'IN' is visible, but it does not affect the scene. The wheel is clearly turned, suggesting the car is not moving forward or backward but is turned to the side."
      },
      {
        "timestamp": 5.0,
        "annotation": "An aerial view of the intersection. The white SUV and the black car are at the intersection. The word 'WAS' is visible, but it does not affect the scene. The black car is positioned at an angle, and the white SUV is stopped."
      },
      {
        "timestamp": 6.0,
        "annotation": "The white SUV and the black car are at the intersection. The word 'TRAGEDY' is visible, but it does not affect the scene. The black car is positioned at an angle, and the white SUV is stopped."
      },
      {
        "timestamp": 7.0,
        "annotation": "The white SUV and the black car are at the intersection. The word 'COLLIDED' is visible, but it does not affect the scene. The black car is positioned at an angle, and the white SUV is stopped."
      },
      {
        "timestamp": 8.0,
        "annotation": "The white SUV and the black car are at the intersection. The word 'DUE' is visible, but it does not affect the scene. The black car is positioned at an angle, and the white SUV is stopped."
      },
      {
        "timestamp": 9.0,
        "annotation": "A different scene showing a blue car driving in the snow. The words 'DRIVING IN THE SNOW...' and 'HAPPENED' are visible, but they do not affect the scene. The blue car is moving forward in a snowy environment."
      },
      {
        "timestamp": 10.0,
        "annotation": "A blue car is driving in the snow. The car is moving forward, and the environment is snowy. The words 'DRIVING IN THE SNOW...' and 'DON'T' are visible, but they do not affect the scene."
      },
      {
        "timestamp": 11.0,
        "annotation": "The blue car continues to move forward in the snowy environment. The car's position has slightly changed, indicating continuous motion. The words 'DRIVING IN THE SNOW...' and 'TRACTION' are visible."
      },
      {
        "timestamp": 12.0,
        "annotation": "The blue car is still moving forward in the snow. The scene remains consistent with the previous frames, showing the car in motion."
      },
      {
        "timestamp": 13.0,
        "annotation": "The blue car continues its forward motion in the snowy conditions. No significant changes are observed from the previous frame."
      },
      {
        "timestamp": 14.0,
        "annotation": "The blue car is still driving forward in the snow. The environment and the car's movement remain consistent with the previous frames."
      },
      {
        "timestamp": 15.0,
        "annotation": "The blue car continues to move forward in the snowy environment. The scene is similar to the previous frames, with no noticeable changes."
      },
      {
        "timestamp": 16.0,
        "annotation": "The blue car is still driving forward in the snow. The car's position has slightly changed, indicating continuous motion."
      },
      {
        "timestamp": 17.0,
        "annotation": "The blue car continues its forward motion in the snowy conditions. The scene remains consistent with the previous frames."
      },
      {
        "timestamp": 18.0,
        "annotation": "The blue car is still moving forward in the snow. The environment and the car's movement remain consistent with the previous frames."
      },
      {
        "timestamp": 19.0,
        "annotation": "The blue car continues to drive forward in the snowy environment. The scene is similar to the previous frames, with no noticeable changes."
      }
    ],
    "whole_video_annotation": "### General Description of the Video\n\nThe video depicts two main scenes set in snowy conditions. The first part of the video shows a white SUV and a black car navigating a snowy road in a residential area. The white SUV is driving forward, and the black car is following closely behind. As they approach an intersection, the black car's front wheel is turned inward, suggesting it might be preparing to turn or has just stopped. The white SUV comes to a halt at the intersection, and the black car is positioned at an angle.\n\nThe second part of the video shifts to a different scene featuring a blue car driving in the snow. The blue car continues to move forward through the snowy environment, with no significant changes in its direction or speed.\n\n### Answer to the User's Question\n\nThe direction of the wheels of the black car at the end of the video is not explicitly shown, as the focus shifts to the blue car driving in the snow. However, based on the frames provided, the black car's front wheel is turned inward at the intersection, indicating that the wheels are turned sideways.\n\nTherefore, the correct answer is:\nC. Sideways",
    "annotations_summary": "### Summary of the Video Descriptions\n\nThe video consists of two primary scenes set in snowy conditions:\n\n1. **First Scene (0.0s to 8.0s):**\n   - **Setting:** A residential area with snow-covered roads and slush.\n   - **Vehicles:** A white SUV and a black car.\n   - **Actions:** The white SUV drives forward on a snowy road, with the black car following closely behind. As they approach an intersection, the black car's front wheel is turned inward, suggesting it might be preparing to turn or has just stopped. The white SUV halts at the intersection, and the black car is positioned at an angle.\n\n2. **Second Scene (9.0s to 19.0s):**\n   - **Setting:** A snowy environment.\n   - **Vehicle:** A blue car.\n   - **Actions:** The blue car drives forward continuously through the snowy conditions, with no significant changes in direction or speed.\n\n### Key Observations:\n- The black car's front wheel is turned inward at the intersection, indicating it might be preparing to turn or has just stopped.\n- The blue car's movement is consistent and straightforward, with no notable changes in its trajectory or speed."
  }
}