{
  "qid": "0633-2",
  "video_id": "jI5XO3aa5_g",
  "video_path": "videos\\0633_jI5XO3aa5_g.mp4",
  "main_question": "Do the wheels of the black car turn forward at the end of the video?",
  "sub_questions": "To better understand the video and answer the main question, consider the following sub-questions:\n\n1. **What is the initial position and direction of the black car at the beginning of the video?**\n   - This helps to establish a baseline for understanding the car's movement throughout the video.\n\n2. **Are there any visible indicators (e.g., speedometer, surroundings, other objects) that show the car's movement or speed changes during the video?**\n   - This can provide context for whether the car is moving forward, backward, or stationary at the end.\n\n3. **What is the final position of the black car at the end of the video, and how does it compare to its initial position?**\n   - This can help determine if the car has moved forward, backward, or remained in place, which is crucial for assessing the wheel movement.",
  "annotations": {
    "frame_annotations": [
      {
        "timestamp": 0.0,
        "annotation": "A white SUV is driving on a snowy road. There is another car behind it. The road is slippery with snow."
      },
      {
        "timestamp": 1.0,
        "annotation": "The white SUV continues to move forward. The word 'SNOW' appears on the screen. The environment is snowy."
      },
      {
        "timestamp": 2.0,
        "annotation": "The white SUV is still moving forward. The word 'WHICH' appears on the screen. More cars are visible in the background."
      },
      {
        "timestamp": 3.0,
        "annotation": "A close-up of a black car's wheel is shown. The wheel is covered in snow and appears to be stuck. The word 'THIS' appears on the screen."
      },
      {
        "timestamp": 4.0,
        "annotation": "A closer view of the black car's wheel shows it deeply embedded in the snow. The word 'IN' appears on the screen."
      },
      {
        "timestamp": 5.0,
        "annotation": "An aerial view of the scene shows the white SUV and the black car in a collision. The word 'WAS' appears on the screen."
      },
      {
        "timestamp": 6.0,
        "annotation": "The same aerial view persists. The word 'TRAGEDY' appears on the screen, emphasizing the severity of the collision."
      },
      {
        "timestamp": 7.0,
        "annotation": "The aerial view continues, showing the aftermath of the collision. The word 'COLLIDED' appears on the screen."
      },
      {
        "timestamp": 8.0,
        "annotation": "The aerial view persists, highlighting the position of the cars. The word 'DUE' appears on the screen, suggesting a cause for the collision."
      },
      {
        "timestamp": 9.0,
        "annotation": "A different scene shows a blue car driving in the snow. The words 'DRIVING IN THE SNOW... HAPPENED' appear on the screen, indicating a general context of driving difficulties in snowy conditions."
      },
      {
        "timestamp": 10.0,
        "annotation": "The scene shows a blue car driving in the snow. The words 'DRIVING IN THE SNOW... DON'T' appear on the screen, indicating a warning about the difficulties of driving in snowy conditions."
      },
      {
        "timestamp": 11.0,
        "annotation": "The scene continues to show the blue car driving in the snow. The words 'DRIVING IN THE SNOW...' remain on the screen, emphasizing the context of driving difficulties in snowy conditions."
      },
      {
        "timestamp": 12.0,
        "annotation": "The scene continues to show the blue car driving in the snow. The words 'DRIVING IN THE SNOW...' remain on the screen, emphasizing the context of driving difficulties in snowy conditions."
      },
      {
        "timestamp": 13.0,
        "annotation": "The scene continues to show the blue car driving in the snow. The words 'DRIVING IN THE SNOW...' remain on the screen, emphasizing the context of driving difficulties in snowy conditions."
      },
      {
        "timestamp": 14.0,
        "annotation": "The scene continues to show the blue car driving in the snow. The words 'DRIVING IN THE SNOW...' remain on the screen, emphasizing the context of driving difficulties in snowy conditions."
      },
      {
        "timestamp": 15.0,
        "annotation": "The scene continues to show the blue car driving in the snow. The words 'DRIVING IN THE SNOW... TRACTION' appear on the screen, indicating the importance of traction in snowy conditions."
      },
      {
        "timestamp": 16.0,
        "annotation": "The scene changes to show a close-up of a person installing anti-slip chains on a car tire. The word 'THAT'S' appears on the screen, highlighting the action being performed."
      },
      {
        "timestamp": 17.0,
        "annotation": "The scene continues to show the installation of the anti-slip chains on the car tire. The word 'ANTI-SLIP' appears on the screen, describing the purpose of the chains."
      },
      {
        "timestamp": 18.0,
        "annotation": "The scene continues to show the installation of the anti-slip chains on the car tire. The word 'CHAIN' appears on the screen, emphasizing the type of device being used."
      },
      {
        "timestamp": 19.0,
        "annotation": "The scene shows the anti-slip chains fully installed on the car tire. The word 'NEED' appears on the screen, indicating the necessity of using such devices in snowy conditions."
      }
    ],
    "whole_video_annotation": "The video appears to be a public service announcement or educational content about the dangers and challenges of driving in snowy conditions. Here's a general description of what is happening:\n\nThe video starts by showing a white SUV driving on a snowy, slippery road with another car behind it. It then focuses on a black car whose wheels are stuck in the snow, leading to a collision with the white SUV. The aftermath of the collision is shown from an aerial view, emphasizing the severity of the incident. The video then shifts to a blue car driving in the snow, highlighting the general difficulties of driving in such conditions. It concludes with a demonstration of installing anti-slip chains on a car tire, emphasizing the importance of using such devices to improve traction in snowy conditions.\n\nRegarding the specific question: \"Do the wheels of the black car turn forward at the end of the video?\" Based on the provided frames, there is no indication that the wheels of the black car turn forward at any point in the video. The frames show the black car's wheels deeply embedded in the snow and stuck, leading to the collision.",
    "annotations_summary": "The video is a public service announcement or educational content focused on the dangers and challenges of driving in snowy conditions. Here's a brief summary of the descriptions:\n\n1. **Initial Scene (0-2s)**:\n   - A white SUV drives on a snowy, slippery road with another car behind it.\n   - The words \"SNOW\" and \"WHICH\" appear on the screen, setting the context.\n\n2. **Black Car Incident (3-8s)**:\n   - A close-up shows a black car's wheel covered in snow and stuck.\n   - An aerial view reveals a collision between the white SUV and the black car.\n   - The words \"THIS,\" \"IN,\" \"WAS,\" \"TRAGEDY,\" \"COLLIDED,\" and \"DUE\" appear, emphasizing the severity and cause of the collision.\n\n3. **General Driving in Snow (9-15s)**:\n   - A blue car drives in the snow, highlighting the difficulties of driving in such conditions.\n   - The words \"DRIVING IN THE SNOW... HAPPENED,\" \"DON'T,\" and \"TRACTION\" appear, indicating warnings and the importance of traction.\n\n4. **Safety Demonstration (16-19s)**:\n   - A person installs anti-slip chains on a car tire.\n   - The words \"THAT'S,\" \"ANTI-SLIP,\" \"CHAIN,\" and \"NEED\" appear, emphasizing the necessity of using such devices in snowy conditions.\n\n**Specific Question**: \"Do the wheels of the black car turn forward at the end of the video?\"\n- Based on the provided frames, there is no indication that the wheels of the black car turn forward at any point in the video. The frames show the black car's wheels deeply embedded in the snow and stuck, leading to the collision."
  }
}