{
  "qid": "0643-1",
  "video_id": "KwKJ6gtOGpQ",
  "video_path": "videos\\0643_KwKJ6gtOGpQ.mp4",
  "main_question": "How can you determine the wind direction on that day from the video?",
  "sub_questions": "To better understand the video and determine the wind direction from it, consider the following sub-questions:\n\n1. **Are there any visible indicators of wind direction in the video?**\n   - Look for flags, smoke, trees, or other objects that might be moving or bending in the direction of the wind.\n\n2. **Is there any weather information or visual cues provided in the video?**\n   - Check if the video includes weather reports, anemometers, wind socks, or other instruments that might indicate wind direction.\n\n3. **Can you observe the movement of any natural elements like clouds or water?**\n   - The direction in which clouds are moving or the way water surfaces are rippling can provide clues about the wind direction.",
  "annotations": {
    "frame_annotations": [
      {
        "timestamp": 0.0,
        "annotation": "Two individuals in military uniforms are standing at attention. One is on the left and the other is on the right. They are positioned behind a rope barrier with 'Beijing 2022' signage. The background features a decorative pattern with stars and snowflakes. The individual on the left appears to be trying not to laugh."
      },
      {
        "timestamp": 1.0,
        "annotation": "The individual on the right begins to raise his right arm, possibly saluting or gesturing. The individual on the left maintains his composure, still appearing to try not to laugh."
      },
      {
        "timestamp": 2.0,
        "annotation": "The individual on the right continues to raise his arm higher. The flag he is holding starts to move slightly. The individual on the left remains at attention but shows a slight change in facial expression, possibly struggling more to maintain composure."
      },
      {
        "timestamp": 3.0,
        "annotation": "The individual on the right's arm is fully raised, and the flag is more visibly waving. The individual on the left's facial expression shows more signs of struggling to keep a straight face."
      },
      {
        "timestamp": 4.0,
        "annotation": "The individual on the right starts to lower his arm slightly. The flag continues to wave. The individual on the left's expression seems to relax a bit, but he is still trying not to laugh."
      },
      {
        "timestamp": 5.0,
        "annotation": "The individual on the right's arm is lowered further, and the flag is still moving. The individual on the left appears to be more at ease but is still maintaining his posture."
      },
      {
        "timestamp": 6.0,
        "annotation": "Both individuals are back at attention with their arms down. The flag is no longer visibly waving. The individual on the left seems to have regained his composure fully."
      }
    ],
    "whole_video_annotation": "The video depicts two individuals in military uniforms standing at attention behind a rope barrier with \"Beijing 2022\" signage. The background features a decorative pattern with stars and snowflakes, suggesting a winter or festive setting. One individual, on the right, is holding a flag and performs a salute or gesture by raising and then lowering his arm. Throughout the sequence, the flag waves, indicating the presence of wind. The individual on the left appears to be struggling to maintain a serious expression, especially when the flag is moving.\n\nRegarding the wind direction, it is not possible to determine the exact wind direction from the video alone. While the flag's movement suggests the presence of wind, the video does not provide enough information to ascertain the specific direction from which the wind is blowing. Additional visual cues, such as the direction in which the flag is waving or other environmental indicators, would be needed to make a more precise determination.",
    "annotations_summary": "The video shows two individuals in military uniforms standing at attention behind a rope barrier with \"Beijing 2022\" signage, set against a decorative background with stars and snowflakes. The individual on the right performs a salute or gesture by raising and lowering his arm while holding a flag, which waves due to the wind. Throughout the video, the individual on the left struggles to maintain a serious expression, particularly when the flag is moving. The exact direction of the wind cannot be determined from the video alone."
  }
}