{
  "qid": "0645-7",
  "video_id": "7mm85XogfLw",
  "video_path": "videos\\0645_7mm85XogfLw.mp4",
  "main_question": "Where is the left end of the scarf located at the end of the video?\nA. Center\nB. Left side\nC. Not visible\nD. Right side",
  "sub_questions": "To better understand the video and determine the location of the left end of the scarf at the end of the video, consider the following sub-questions:\n\n1. **What is the initial position of the scarf at the beginning of the video?**\n   - Understanding the starting position can help track the movement of the scarf throughout the video.\n\n2. **Are there any significant actions or movements involving the scarf during the video?**\n   - Knowing if the scarf is moved, wrapped, or otherwise manipulated can provide context for its final position.\n\n3. **Is the scarf fully visible throughout the video, or are there parts of it that are obscured at any point?**\n   - This can help determine if the left end of the scarf might be hidden or out of view at the end of the video.",
  "annotations": {
    "frame_annotations": [
      {
        "timestamp": 0.0,
        "annotation": "The teacher and student are standing side by side, each holding a long green scarf. The teacher is on the left, and the student is on the right. Both are dressed in festive red and white outfits with Santa hats. The background features a decorated Christmas tree and bookshelves."
      },
      {
        "timestamp": 1.0,
        "annotation": "The teacher and student are still standing side by side, holding the green scarves. The teacher has slightly moved her left hand upward, lifting the scarf higher. The student remains in a similar position."
      },
      {
        "timestamp": 2.0,
        "annotation": "The teacher continues to lift the scarf with her left hand, while the student starts to raise her right hand, also lifting the scarf. The student's body slightly turns towards the teacher."
      },
      {
        "timestamp": 3.0,
        "annotation": "The teacher's left hand is now higher, and she begins to wrap the scarf around her neck. The student's right hand is also higher, and she starts to wrap the scarf around her neck as well. The student's body is more turned towards the teacher."
      },
      {
        "timestamp": 4.0,
        "annotation": "Both the teacher and student have the scarves wrapped around their necks. The teacher's left hand is now holding the scarf close to her chest, while the student's right hand is doing the same. The student's body is fully turned towards the teacher."
      },
      {
        "timestamp": 5.0,
        "annotation": "The teacher and student are both holding the scarves with both hands, wrapping them more securely around their necks. The teacher's left hand is still higher than her right hand. The student's body remains turned towards the teacher."
      },
      {
        "timestamp": 6.0,
        "annotation": "The teacher and student are now both fully wrapped in the green scarves, which are draped over their shoulders and chests. The teacher's left hand is still higher, holding the scarf near her shoulder. The student's body is slightly turned back to the front."
      },
      {
        "timestamp": 7.0,
        "annotation": "The teacher and student are adjusting the scarves, ensuring they are properly wrapped. The teacher's left hand is now lower, holding the scarf at her waist level. The student's body is facing forward again."
      },
      {
        "timestamp": 8.0,
        "annotation": "Both the teacher and student have the scarves fully wrapped and adjusted. The teacher's left hand is now at her side, and the student's right hand is also at her side. Both are standing straight, facing forward."
      },
      {
        "timestamp": 9.0,
        "annotation": "The teacher and student are standing side by side, fully wrapped in the green scarves. The teacher's left hand is visible at her side, while the student's right hand is also at her side. Both are facing forward, with the scarves neatly wrapped around their necks and shoulders."
      },
      {
        "timestamp": 10.0,
        "annotation": "The teacher and student are standing side by side, fully wrapped in the green scarves. The teacher's left hand is visible at her side, while the student's right hand is also at her side. Both are facing forward, with the scarves neatly wrapped around their necks and shoulders. The left end of the scarf is on the left side."
      },
      {
        "timestamp": 11.0,
        "annotation": "The teacher and student are still standing side by side. The teacher is starting to unwind the scarf from the student's neck. The left end of the scarf is still on the left side."
      },
      {
        "timestamp": 12.0,
        "annotation": "The teacher has unwound more of the scarf from the student's neck. The left end of the scarf is now being pulled towards the right side."
      }
    ],
    "whole_video_annotation": "In the video, a teacher and a student are standing side by side, dressed in festive red and white outfits with Santa hats. They are holding long green scarves and go through the process of wrapping the scarves around their necks and adjusting them. Towards the end of the video, the teacher begins to unwind the scarf from the student's neck.\n\nRegarding the location of the left end of the scarf at the end of the video:\n\nD. Right side",
    "annotations_summary": "The video shows a teacher and a student standing side by side, both dressed in festive red and white outfits with Santa hats. They are holding long green scarves and go through the process of wrapping these scarves around their necks and adjusting them. Initially, the left end of the scarf is on the left side, but by the end of the video, the teacher begins to unwind the scarf from the student's neck, pulling the left end of the scarf towards the right side. Therefore, the left end of the scarf is on the right side at the end of the video."
  }
}