{
  "qid": "0652-7",
  "video_id": "o77rfiYxaz8",
  "video_path": "videos\\0652_o77rfiYxaz8.mp4",
  "main_question": "What happened to the car after the spin?\nA. It ended up in the innermost lane facing the correct direction.\nB. It returned to its original lane and continued driving.\nC. It is in the same position it started in.\nD. It moved from the left lane to the right lane.",
  "sub_questions": "To better understand the video and determine what happened to the car after the spin, consider the following sub-questions:\n\n1. **What was the car's initial lane position before the spin?**\n   - This will help clarify whether the car changed lanes during or after the spin.\n\n2. **In which direction was the car facing immediately after the spin?**\n   - This can help determine if the car ended up facing the correct direction or if it was facing the wrong way.\n\n3. **Did the car come to a complete stop after the spin, or did it continue moving?**\n   - This will provide insight into whether the car resumed driving or remained stationary in a particular lane.",
  "annotations": {
    "frame_annotations": [
      {
        "timestamp": 0.0,
        "annotation": "The car is driving on a wet highway. There are other vehicles visible in the distance."
      },
      {
        "timestamp": 1.0,
        "annotation": "The car continues to drive straight. The surroundings are foggy, and visibility is reduced. No significant change in the position of other vehicles."
      },
      {
        "timestamp": 2.0,
        "annotation": "The car is still driving straight. A vehicle in the adjacent lane appears to be slowing down or stopping."
      },
      {
        "timestamp": 3.0,
        "annotation": "The car is approaching a vehicle that seems to be spinning out of control in the adjacent lane."
      },
      {
        "timestamp": 4.0,
        "annotation": "The spinning vehicle is now more visible, and it appears to be in the process of a 360-degree spin."
      },
      {
        "timestamp": 5.0,
        "annotation": "The spinning vehicle has completed its spin and is now facing the opposite direction in the innermost lane."
      },
      {
        "timestamp": 6.0,
        "annotation": "The spinning vehicle is stationary in the innermost lane, facing the correct direction."
      },
      {
        "timestamp": 7.0,
        "annotation": "The spinning vehicle remains in the innermost lane, facing the correct direction. No movement is observed."
      },
      {
        "timestamp": 8.0,
        "annotation": "The spinning vehicle is still in the innermost lane, facing the correct direction. Other vehicles are visible in the distance."
      },
      {
        "timestamp": 9.0,
        "annotation": "The spinning vehicle continues to stay in the innermost lane, facing the correct direction. No significant change in its position."
      },
      {
        "timestamp": 10.0,
        "annotation": "The car is in the innermost lane, facing the correct direction. The vehicle appears to have completed a spin and is now stable. The road is wet, and there is some mist or fog visible."
      },
      {
        "timestamp": 11.0,
        "annotation": "The car remains in the innermost lane, facing the correct direction. There is no significant change in its position from the previous frame. The road conditions appear the same, with wet surfaces and some mist or fog."
      },
      {
        "timestamp": 12.0,
        "annotation": "The car continues to stay in the innermost lane, facing the correct direction. No noticeable change in its position from the previous frame. The road conditions remain consistent with wet surfaces and some mist or fog."
      }
    ],
    "whole_video_annotation": "In the video, a car is driving on a wet highway under foggy conditions with reduced visibility. The car encounters another vehicle in the adjacent lane that appears to be spinning out of control. The spinning vehicle completes a 360-degree spin and comes to a stop in the innermost lane, facing the correct direction. The car in question, which is the focus of the user's query, is not explicitly shown to spin but is observed to be in the innermost lane, facing the correct direction, after the incident.\n\nBased on the provided frames, the correct answer to the user's question is:\n\nA. It ended up in the innermost lane facing the correct direction.",
    "annotations_summary": "### Summary of the Video Descriptions\n\n**Frame-Level Descriptions:**\n- **Initial Scene (0.0s - 2.0s):** The car is driving on a wet, foggy highway. Visibility is reduced, and other vehicles are visible in the distance. A vehicle in the adjacent lane appears to be slowing down or stopping.\n- **Incident (3.0s - 6.0s):** The car approaches a vehicle that is spinning out of control in the adjacent lane. The spinning vehicle completes a 360-degree spin and comes to a stop in the innermost lane, facing the correct direction.\n- **Aftermath (7.0s - 12.0s):** The spinning vehicle remains stationary in the innermost lane. The car in question is also observed in the innermost lane, facing the correct direction, with no significant movement.\n\n**Video-Level Description:**\n- The car is driving on a wet highway under foggy conditions with reduced visibility.\n- The car encounters another vehicle spinning out of control in the adjacent lane.\n- The spinning vehicle completes a 360-degree spin and stops in the innermost lane, facing the correct direction.\n- The car in question is observed in the innermost lane, facing the correct direction, after the incident, with no explicit indication of spinning.\n\n### Conclusion:\nThe car in question ends up in the innermost lane, facing the correct direction, after encountering a spinning vehicle on a wet, foggy highway."
  }
}