{
  "qid": "0655-1",
  "video_id": "tc_u7WlfrfU",
  "video_path": "videos\\0655_tc_u7WlfrfU.mp4",
  "main_question": "Which moves faster, the camera or the truck?",
  "sub_questions": "To better understand the video and answer the main question \"Which moves faster, the camera or the truck?\", consider the following sub-questions:\n\n1. **What is the context or scenario depicted in the video?**\n   - Is the camera mounted on a moving object, or is it stationary?\n   - Is the truck moving at a constant speed, accelerating, or decelerating?\n\n2. **Are there any reference points or objects in the video that can help compare the speeds?**\n   - Are there other moving or stationary objects that can provide a frame of reference for speed comparison?\n   - Are there any speed indicators or measurements shown in the video?\n\n3. **What is the perspective of the camera in relation to the truck?**\n   - Is the camera following the truck, or is it positioned at a fixed point?\n   - Does the camera's movement change relative to the truck during the video?",
  "annotations": {
    "frame_annotations": [
      {
        "timestamp": 0.0,
        "annotation": "The image shows the rear end of a blue vehicle, possibly a truck, with a close-up view of the exhaust pipe and part of the undercarriage. The background is blurred, focusing on the vehicle."
      },
      {
        "timestamp": 1.0,
        "annotation": "The view remains focused on the rear of the blue vehicle. The text 'Ire is filming Batmobile' appears at the top, indicating the vehicle might be a Batmobile replica. The camera seems to be moving slightly to the left."
      },
      {
        "timestamp": 2.0,
        "annotation": "The camera continues to move to the left, providing a clearer view of the vehicle's exhaust pipe and part of the wheel. The background shows some greenery, suggesting an outdoor setting."
      },
      {
        "timestamp": 3.0,
        "annotation": "The camera moves further to the left, revealing more of the vehicle's side. The text 'Ire is filming Batmobile' is still visible. The vehicle's design and color remain consistent."
      },
      {
        "timestamp": 4.0,
        "annotation": "The camera continues its leftward movement, showing more of the vehicle's side profile. The focus is still on the rear section, with the exhaust pipe and wheel clearly visible."
      },
      {
        "timestamp": 5.0,
        "annotation": "The camera moves even further to the left, revealing the front part of the vehicle's undercarriage. The text 'Ire is filming Batmobile' is still present."
      },
      {
        "timestamp": 6.0,
        "annotation": "The camera continues to pan left, showing more of the vehicle's front undercarriage. The background includes some greenery and what appears to be a building or structure."
      },
      {
        "timestamp": 7.0,
        "annotation": "The camera pans left to reveal the side of a large white truck with American flag graphics. The text 'Ire is filming Batmobile' is still visible."
      },
      {
        "timestamp": 8.0,
        "annotation": "The view shifts to the front of the white truck. A person in a Joker costume is visible in the truck's cabin. The text 'THE FINAL BOSS' appears, along with a skeleton graphic."
      },
      {
        "timestamp": 9.0,
        "annotation": "The same scene as the previous frame is shown, with the person in the Joker costume in the truck's cabin. The text 'THE FINAL BOSS' and the skeleton graphic remain visible."
      },
      {
        "timestamp": 10.0,
        "annotation": "The scene continues with the person in the Joker costume in the truck's cabin. The text 'THE FINAL BOSS' and the skeleton graphic remain visible. The truck appears to be moving forward slightly faster than the camera, as the background seems to be shifting more rapidly compared to the truck."
      }
    ],
    "whole_video_annotation": "In the video, the camera initially focuses on the rear end of a blue vehicle, which is suggested to be a Batmobile replica. The camera pans to the left, gradually revealing more of the vehicle's side and front undercarriage. As the camera continues to move, it shifts to a large white truck with American flag graphics. Inside the truck's cabin, there is a person dressed in a Joker costume. The text \"THE FINAL BOSS\" and a skeleton graphic appear, indicating a dramatic or climactic scene.\n\nRegarding the question of which moves faster, the camera or the truck, the description of Frame 10 suggests that the truck appears to be moving forward slightly faster than the camera. This is inferred from the observation that the background seems to be shifting more rapidly compared to the truck, implying that the truck is moving faster relative to the camera's motion.",
    "annotations_summary": "The video begins with a close-up of the rear end of a blue vehicle, suggested to be a Batmobile replica, with the text \"Ire is filming Batmobile\" visible. The camera pans left, gradually revealing more of the vehicle's side and front undercarriage in an outdoor setting with greenery. The view then shifts to a large white truck adorned with American flag graphics. Inside the truck's cabin, a person dressed in a Joker costume is visible. The text \"THE FINAL BOSS\" and a skeleton graphic appear, indicating a dramatic scene. By the end of the video, the truck appears to be moving slightly faster than the camera, as the background shifts more rapidly compared to the truck."
  }
}