{
  "qid": "0658-7",
  "video_id": "i1ki36EMLp8",
  "video_path": "videos\\0658_i1ki36EMLp8.mp4",
  "main_question": "Who is faster during the race?\nA. The rider in the black outfit\nB. Neither is fast\nC. Both are equally fast\nD. The rider in the white outfit",
  "sub_questions": "To better understand the video and determine who is faster during the race, consider the following sub-questions:\n\n1. **Can you describe the actions of the rider in the black outfit during the race?**\n   - What is their speed relative to the rider in the white outfit?\n   - Do they appear to be accelerating, maintaining speed, or slowing down?\n\n2. **Can you describe the actions of the rider in the white outfit during the race?**\n   - What is their speed relative to the rider in the black outfit?\n   - Do they appear to be accelerating, maintaining speed, or slowing down?\n\n3. **Are there any specific moments in the video where one rider clearly pulls ahead or falls behind the other?**\n   - If so, can you describe these moments in detail?\n   - What are the riders doing at these critical points in the race?",
  "annotations": {
    "frame_annotations": [
      {
        "timestamp": 0.0,
        "annotation": "A rider in a black outfit is riding a bike on a raised platform. The rider is leaning slightly to the left while navigating a turn."
      },
      {
        "timestamp": 1.0,
        "annotation": "The rider in the black outfit continues to navigate the turn, leaning more to the left. The bike's front wheel is off the ground, indicating a maneuver."
      },
      {
        "timestamp": 2.0,
        "annotation": "The rider in the black outfit is now more upright, with both wheels of the bike on the ground. The rider appears to be preparing for the next move."
      },
      {
        "timestamp": 3.0,
        "annotation": "The rider in the black outfit is now wearing a helmet with red details. The rider is leaning forward, possibly accelerating or gaining speed."
      },
      {
        "timestamp": 4.0,
        "annotation": "The rider in the black outfit is still leaning forward, with the bike's front wheel slightly lifted off the ground again, suggesting continued maneuvering."
      },
      {
        "timestamp": 5.0,
        "annotation": "The rider in the black outfit is now more upright, with both wheels on the ground. The rider appears to be maintaining speed and control."
      },
      {
        "timestamp": 6.0,
        "annotation": "The rider in the black outfit is leaning forward again, with the front wheel lifted, indicating another maneuver or turn."
      },
      {
        "timestamp": 7.0,
        "annotation": "The rider in the black outfit is now more upright, with both wheels on the ground. The rider seems to be stabilizing after the maneuver."
      },
      {
        "timestamp": 8.0,
        "annotation": "The rider in the black outfit is leaning backward, with the front wheel lifted high off the ground, suggesting a more aggressive maneuver or trick."
      },
      {
        "timestamp": 9.0,
        "annotation": "Two riders are now visible: one in a black outfit and another in a white outfit. They are both on bikes, navigating a turn on a raised platform. The rider in the black outfit appears to be slightly ahead."
      },
      {
        "timestamp": 10.0,
        "annotation": "Two riders are visible: one in a black outfit and another in a white outfit. They are both on bikes, navigating a turn on a raised platform. The rider in the black outfit appears to be slightly ahead."
      },
      {
        "timestamp": 11.0,
        "annotation": "The riders continue navigating the turn. The rider in the black outfit maintains a slight lead over the rider in the white outfit."
      },
      {
        "timestamp": 12.0,
        "annotation": "Both riders are still navigating the turn. The rider in the black outfit remains slightly ahead."
      },
      {
        "timestamp": 13.0,
        "annotation": "The riders are nearing the end of the turn. The rider in the black outfit is still in the lead."
      },
      {
        "timestamp": 14.0,
        "annotation": "The riders are exiting the turn. The rider in the black outfit continues to lead."
      },
      {
        "timestamp": 15.0,
        "annotation": "Both riders are now on a straight section of the track. The rider in the black outfit is still ahead."
      },
      {
        "timestamp": 16.0,
        "annotation": "The riders are maintaining their positions. The rider in the black outfit remains in the lead."
      },
      {
        "timestamp": 17.0,
        "annotation": "The riders are continuing on the straight section. The rider in the black outfit is still ahead."
      },
      {
        "timestamp": 18.0,
        "annotation": "Both riders are nearing another turn. The rider in the black outfit maintains the lead."
      },
      {
        "timestamp": 19.0,
        "annotation": "The riders are entering the next turn. The rider in the black outfit is still in the lead."
      }
    ],
    "whole_video_annotation": "The video depicts a bike race on a raised platform track. Initially, there is a single rider in a black outfit performing various maneuvers, including turns and tricks. Starting from the 9-second mark, a second rider in a white outfit appears, and both riders begin navigating turns and straight sections of the track. Throughout the observed frames, the rider in the black outfit consistently maintains a lead over the rider in the white outfit, suggesting that the rider in the black outfit is faster during the race.\n\nBased on the description, the correct answer to the user's question is:\nA. The rider in the black outfit",
    "annotations_summary": "The video shows a bike race on a raised platform track. Initially, a single rider in a black outfit performs various maneuvers, including turns and tricks. At the 9-second mark, a second rider in a white outfit appears. Both riders navigate turns and straight sections of the track, with the rider in the black outfit consistently maintaining a lead over the rider in the white outfit, indicating that the rider in the black outfit is faster during the race."
  }
}