{
  "qid": "0664-3",
  "video_id": "v02xe4_I5uY",
  "video_path": "videos\\0664_v02xe4_I5uY.mp4",
  "main_question": "Did the woman roll the dice 11 times as shown in the sequence?",
  "sub_questions": "To better understand whether the woman rolled the dice 11 times as shown in the sequence, consider the following sub-questions:\n\n1. **How many distinct dice rolls can be identified in the video?**\n   - This will help determine if there are exactly 11 separate instances of dice rolling.\n\n2. **Are there any repetitions or missing rolls in the sequence?**\n   - This will clarify if each roll is unique and if all 11 rolls are accounted for without any omissions.\n\n3. **Does the video show the dice being rolled in a continuous manner, or are there pauses or interruptions?**\n   - This will provide context on whether the rolls are part of a single, uninterrupted sequence or if there are breaks that might affect the count.",
  "annotations": {
    "frame_annotations": [
      {
        "timestamp": 0.0,
        "annotation": "A man and a woman are sitting together. The woman is holding a game box labeled 'Shut the Box.' The box is empty, with no dice visible."
      },
      {
        "timestamp": 1.0,
        "annotation": "The woman has placed two dice into the game box. The dice are visible but not yet rolled. The man is pointing at the dice."
      },
      {
        "timestamp": 2.0,
        "annotation": "The woman is smiling and looking at the dice. The man is still pointing at the dice, and both appear to be engaged in the game."
      },
      {
        "timestamp": 3.0,
        "annotation": "The woman is reaching out to roll the dice. Her hand is extended towards the dice, and the man is watching her action."
      },
      {
        "timestamp": 4.0,
        "annotation": "The dice have been rolled, and the woman is pointing at the result. The man is looking at the dice with a surprised expression."
      },
      {
        "timestamp": 5.0,
        "annotation": "The woman is reacting with surprise, and the man is also showing a surprised expression. The dice show a combination that seems significant."
      },
      {
        "timestamp": 6.0,
        "annotation": "The man is gesturing with his hand, possibly commenting on the dice roll. The woman is looking at the dice with a neutral expression."
      },
      {
        "timestamp": 7.0,
        "annotation": "The woman is raising her hand, possibly in a playful or exaggerated gesture. The man is smiling and looking at the woman."
      },
      {
        "timestamp": 8.0,
        "annotation": "The woman is laughing, and the man is also smiling. The atmosphere seems light-hearted and fun."
      },
      {
        "timestamp": 9.0,
        "annotation": "The woman is reaching out to roll the dice again. The man is watching her action closely, and both seem engaged in the game."
      },
      {
        "timestamp": 10.0,
        "annotation": "The woman is reaching out to roll the dice. The man is watching her action closely, and both seem engaged in the game. No noticeable change from the previous frame."
      },
      {
        "timestamp": 11.0,
        "annotation": "The woman is in the process of rolling the dice. The man is still watching her closely. No noticeable change from the previous frame."
      },
      {
        "timestamp": 12.0,
        "annotation": "The woman has just rolled the dice, and they are in motion. The man is intently watching the outcome. Noticeable change: the dice are now in motion."
      },
      {
        "timestamp": 13.0,
        "annotation": "The dice have come to a stop, showing the results. The woman and the man are reacting to the outcome. Noticeable change: the dice have stopped moving."
      },
      {
        "timestamp": 14.0,
        "annotation": "The woman is reaching out to roll the dice again. The man is watching her action closely. Noticeable change: the woman is preparing to roll the dice again."
      },
      {
        "timestamp": 15.0,
        "annotation": "The woman is in the process of rolling the dice. The man is still watching her closely. No noticeable change from the previous frame."
      },
      {
        "timestamp": 16.0,
        "annotation": "The woman has just rolled the dice, and they are in motion. The man is intently watching the outcome. Noticeable change: the dice are now in motion."
      },
      {
        "timestamp": 17.0,
        "annotation": "The dice have come to a stop, showing the results. The woman and the man are reacting to the outcome. Noticeable change: the dice have stopped moving."
      },
      {
        "timestamp": 18.0,
        "annotation": "The woman is reaching out to roll the dice again. The man is watching her action closely. Noticeable change: the woman is preparing to roll the dice again."
      },
      {
        "timestamp": 19.0,
        "annotation": "The woman is in the process of rolling the dice. The man is still watching her closely. No noticeable change from the previous frame."
      },
      {
        "timestamp": 20.0,
        "annotation": "The woman is in the process of rolling the dice. The man is still watching her closely. No noticeable change from the previous frame."
      },
      {
        "timestamp": 21.0,
        "annotation": "The woman is in the process of rolling the dice. The man is still watching her closely. No noticeable change from the previous frame."
      },
      {
        "timestamp": 22.0,
        "annotation": "The woman is in the process of rolling the dice. The man is still watching her closely. No noticeable change from the previous frame."
      },
      {
        "timestamp": 23.0,
        "annotation": "The woman is in the process of rolling the dice. The man is still watching her closely. No noticeable change from the previous frame."
      },
      {
        "timestamp": 24.0,
        "annotation": "The woman is in the process of rolling the dice. The man is still watching her closely. No noticeable change from the previous frame."
      },
      {
        "timestamp": 25.0,
        "annotation": "The woman is in the process of rolling the dice. The man is still watching her closely. No noticeable change from the previous frame."
      },
      {
        "timestamp": 26.0,
        "annotation": "The woman is in the process of rolling the dice. The man is still watching her closely. No noticeable change from the previous frame."
      },
      {
        "timestamp": 27.0,
        "annotation": "The woman is in the process of rolling the dice. The man is still watching her closely. No noticeable change from the previous frame."
      },
      {
        "timestamp": 28.0,
        "annotation": "The woman is in the process of rolling the dice. The man is still watching her closely. No noticeable change from the previous frame."
      },
      {
        "timestamp": 29.0,
        "annotation": "The woman is in the process of rolling the dice. The man is still watching her closely. No noticeable change from the previous frame."
      },
      {
        "timestamp": 30.0,
        "annotation": "The woman is in the process of rolling the dice. The man is still watching her closely. No noticeable change from the previous frame."
      },
      {
        "timestamp": 31.0,
        "annotation": "The woman is in the process of rolling the dice. The man is still watching her closely. No noticeable change from the previous frame."
      },
      {
        "timestamp": 32.0,
        "annotation": "The woman is in the process of rolling the dice. The man is still watching her closely. No noticeable change from the previous frame."
      },
      {
        "timestamp": 33.0,
        "annotation": "The woman is in the process of rolling the dice. The man is still watching her closely. No noticeable change from the previous frame."
      },
      {
        "timestamp": 34.0,
        "annotation": "The woman is in the process of rolling the dice. The man is still watching her closely. No noticeable change from the previous frame."
      },
      {
        "timestamp": 35.0,
        "annotation": "The woman is in the process of rolling the dice. The man is still watching her closely. No noticeable change from the previous frame."
      },
      {
        "timestamp": 36.0,
        "annotation": "The woman is in the process of rolling the dice. The man is still watching her closely. No noticeable change from the previous frame."
      },
      {
        "timestamp": 37.0,
        "annotation": "The woman is in the process of rolling the dice. The man is still watching her closely. No noticeable change from the previous frame."
      },
      {
        "timestamp": 38.0,
        "annotation": "The woman is in the process of rolling the dice. The man is still watching her closely. No noticeable change from the previous frame."
      },
      {
        "timestamp": 39.0,
        "annotation": "The woman is in the process of rolling the dice. The man is still watching her closely. No noticeable change from the previous frame."
      },
      {
        "timestamp": 40.0,
        "annotation": "The woman is in the process of rolling the dice. The man is watching her closely. No noticeable change from the previous frame."
      },
      {
        "timestamp": 41.0,
        "annotation": "The woman is in the process of rolling the dice. The man is watching her closely. No noticeable change from the previous frame."
      },
      {
        "timestamp": 42.0,
        "annotation": "The woman is in the process of rolling the dice. The man is watching her closely. No noticeable change from the previous frame."
      },
      {
        "timestamp": 43.0,
        "annotation": "The woman is in the process of rolling the dice. The man is watching her closely. No noticeable change from the previous frame."
      },
      {
        "timestamp": 44.0,
        "annotation": "The woman is in the process of rolling the dice. The man is watching her closely. No noticeable change from the previous frame."
      },
      {
        "timestamp": 45.0,
        "annotation": "The woman is in the process of rolling the dice. The man is watching her closely. No noticeable change from the previous frame."
      },
      {
        "timestamp": 46.0,
        "annotation": "The woman is in the process of rolling the dice. The man is watching her closely. No noticeable change from the previous frame."
      },
      {
        "timestamp": 47.0,
        "annotation": "The woman is in the process of rolling the dice. The man is watching her closely. No noticeable change from the previous frame."
      },
      {
        "timestamp": 48.0,
        "annotation": "The woman is in the process of rolling the dice. The man is watching her closely. No noticeable change from the previous frame."
      },
      {
        "timestamp": 49.0,
        "annotation": "The woman is in the process of rolling the dice. The man is watching her closely. No noticeable change from the previous frame."
      },
      {
        "timestamp": 50.0,
        "annotation": "The woman is in the process of rolling the dice. The man is watching her closely. No noticeable change from the previous frame."
      },
      {
        "timestamp": 51.0,
        "annotation": "The woman is in the process of rolling the dice. The man is watching her closely. No noticeable change from the previous frame."
      },
      {
        "timestamp": 52.0,
        "annotation": "The woman is in the process of rolling the dice. The man is watching her closely. No noticeable change from the previous frame."
      },
      {
        "timestamp": 53.0,
        "annotation": "The woman is in the process of rolling the dice. The man is watching her closely. No noticeable change from the previous frame."
      },
      {
        "timestamp": 54.0,
        "annotation": "The woman is in the process of rolling the dice. The man is watching her closely. No noticeable change from the previous frame."
      },
      {
        "timestamp": 55.0,
        "annotation": "The woman is in the process of rolling the dice. The man is watching her closely. No noticeable change from the previous frame."
      },
      {
        "timestamp": 56.0,
        "annotation": "The woman is in the process of rolling the dice. The man is watching her closely. No noticeable change from the previous frame."
      }
    ],
    "whole_video_annotation": "In the video, a man and a woman are engaged in playing the game \"Shut the Box.\" The woman is the primary player, rolling the dice multiple times while the man watches closely. The sequence captures various moments of the game, including the woman preparing to roll the dice, the dice in motion, and both players reacting to the outcomes. The atmosphere appears light-hearted and fun, with both participants showing engagement and enjoyment.\n\nRegarding the specific question: The woman does not roll the dice 11 times as shown in the sequence. While she does roll the dice multiple times, the sequence from Frame 9 to Frame 56 shows her repeatedly preparing to roll the dice, but the actual rolling and stopping of the dice is only distinctly shown a few times (specifically in Frames 12, 13, 16, and 17). Therefore, the number of distinct rolls captured in the sequence is fewer than 11.",
    "annotations_summary": "The video depicts a man and a woman playing the game \"Shut the Box.\" The woman is the primary player, rolling the dice multiple times while the man observes closely. The sequence captures various moments of the game, including the woman preparing to roll the dice, the dice in motion, and both players reacting to the outcomes. The atmosphere is light-hearted and fun, with both participants showing engagement and enjoyment.\n\nKey moments include:\n- The woman placing two dice into the game box and rolling them.\n- Both players reacting with surprise to the dice results.\n- The woman repeatedly preparing to roll the dice, with distinct rolls shown in Frames 12, 13, 16, and 17.\n- The man and woman engaging in playful and exaggerated gestures, laughing, and smiling throughout the game.\n\nDespite the repeated actions of preparing to roll the dice, the woman does not roll the dice 11 times as shown in the sequence. The distinct rolls captured are fewer."
  }
}