{
  "qid": "0675-3",
  "video_id": "wsPyV3igUG4",
  "video_path": "videos\\0675_wsPyV3igUG4.mp4",
  "main_question": "Did the man on the left feel impressed and intrigued after the magic tricks were explained?",
  "sub_questions": "To better understand whether the man on the left felt impressed and intrigued after the magic tricks were explained, consider the following sub-questions:\n\n1. **What was the man's facial expression and body language before and after the magic tricks were explained?**\n   - Observing changes in his facial expressions and body language can provide clues about his emotional state and level of engagement.\n\n2. **Did the man ask any questions or make any comments after the explanations?**\n   - His verbal responses can indicate whether he was intrigued or impressed by the explanations.\n\n3. **How did the man's interaction with the magician or the tricks change after the explanations?**\n   - Noticing any shifts in his behavior or interest level can help determine if he felt more impressed or intrigued.",
  "annotations": {
    "frame_annotations": [
      {
        "timestamp": 0.0,
        "annotation": "Two men are standing close to each other. The man on the left is holding a knife with both hands, and the man on the right is smiling and looking at the camera."
      },
      {
        "timestamp": 1.0,
        "annotation": "The man on the left is still holding the knife with both hands, but his expression has changed to a more open-mouthed smile. The man on the right continues to smile and look at the camera."
      },
      {
        "timestamp": 2.0,
        "annotation": "The man on the left is now holding the knife with one hand, and his other hand is gesturing towards the blade. The man on the right is still smiling and looking at the camera."
      },
      {
        "timestamp": 3.0,
        "annotation": "The man on the left is now holding the knife vertically with both hands, and the man on the right is still smiling and looking at the camera."
      },
      {
        "timestamp": 4.0,
        "annotation": "The man on the left is now holding the knife horizontally with both hands, and the man on the right is still smiling and looking at the camera."
      },
      {
        "timestamp": 5.0,
        "annotation": "The man on the left is now holding the knife vertically with both hands again, and the man on the right is still smiling and looking at the camera."
      },
      {
        "timestamp": 6.0,
        "annotation": "The man on the left is now holding the knife with one hand, and his other hand is gesturing towards the blade again. The man on the right is still smiling and looking at the camera."
      },
      {
        "timestamp": 7.0,
        "annotation": "The man on the left is now holding the knife with both hands, and the man on the right is still smiling and looking at the camera."
      },
      {
        "timestamp": 8.0,
        "annotation": "The man on the left is now holding a pen instead of the knife, and the man on the right is still smiling and looking at the camera."
      },
      {
        "timestamp": 9.0,
        "annotation": "The man on the left is now holding the pen with one hand, and his other hand is gesturing towards it. The man on the right is still smiling and looking at the camera."
      },
      {
        "timestamp": 10.0,
        "annotation": "The man on the left is holding a pen with one hand and gesturing towards it with the other. The man on the right is smiling and looking at the camera. No noticeable change from the previous frame."
      },
      {
        "timestamp": 11.0,
        "annotation": "The man on the left continues to hold the pen and gesture towards it. The man on the right maintains his smile and gaze towards the camera. No noticeable change from the previous frame."
      },
      {
        "timestamp": 12.0,
        "annotation": "The man on the left is still holding the pen and gesturing. The man on the right remains smiling and looking at the camera. No noticeable change from the previous frame."
      },
      {
        "timestamp": 13.0,
        "annotation": "The man on the left is holding the pen with one hand and gesturing towards it with the other. The man on the right is smiling and looking at the camera. No noticeable change from the previous frame."
      },
      {
        "timestamp": 14.0,
        "annotation": "The man on the left continues to hold the pen and gesture towards it. The man on the right maintains his smile and gaze towards the camera. No noticeable change from the previous frame."
      },
      {
        "timestamp": 15.0,
        "annotation": "The man on the left is still holding the pen and gesturing. The man on the right remains smiling and looking at the camera. No noticeable change from the previous frame."
      },
      {
        "timestamp": 16.0,
        "annotation": "The man on the left is holding the pen with one hand and gesturing towards it with the other. The man on the right is smiling and looking at the camera. No noticeable change from the previous frame."
      },
      {
        "timestamp": 17.0,
        "annotation": "The man on the left continues to hold the pen and gesture towards it. The man on the right maintains his smile and gaze towards the camera. No noticeable change from the previous frame."
      },
      {
        "timestamp": 18.0,
        "annotation": "The man on the left is still holding the pen and gesturing. The man on the right remains smiling and looking at the camera. No noticeable change from the previous frame."
      },
      {
        "timestamp": 19.0,
        "annotation": "The man on the left is holding the pen with one hand and gesturing towards it with the other. The man on the right is smiling and looking at the camera. No noticeable change from the previous frame."
      },
      {
        "timestamp": 20.0,
        "annotation": "The man on the left is holding a green object that resembles a flower bud. The man on the right is holding a similar object and smiling. The man on the left appears to be explaining something. No noticeable change from the previous frame."
      },
      {
        "timestamp": 21.0,
        "annotation": "The man on the left continues to hold the green object, and the man on the right is still smiling and holding his object. No noticeable change from the previous frame."
      },
      {
        "timestamp": 22.0,
        "annotation": "The man on the left is now holding a red flower that has seemingly appeared from the green object. The man on the right looks impressed and is still smiling. Noticeable change: the green object in the man on the left's hand has transformed into a red flower."
      },
      {
        "timestamp": 23.0,
        "annotation": "The man on the left is bringing the red flower closer to the man on the right's face. The man on the right appears intrigued. Noticeable change: the man on the left is moving his hand with the flower towards the man on the right."
      },
      {
        "timestamp": 24.0,
        "annotation": "The man on the left is now very close to the man on the right's face with the red flower. The man on the right is leaning back slightly, looking surprised. Noticeable change: the man on the right is reacting to the flower being close to his face."
      },
      {
        "timestamp": 25.0,
        "annotation": "The man on the left pulls the flower back slightly, and the man on the right seems to be laughing or smiling. Noticeable change: the man on the left has moved the flower away from the man on the right's face."
      },
      {
        "timestamp": 26.0,
        "annotation": "The man on the left is now holding a small red object in his other hand, possibly a pen or a similar item. The man on the right is looking at it curiously. Noticeable change: a new red object has appeared in the man on the left's hand."
      },
      {
        "timestamp": 27.0,
        "annotation": "The man on the left is pointing the red object towards the man on the right, who appears surprised. Noticeable change: the man on the left is gesturing with the red object towards the man on the right."
      },
      {
        "timestamp": 28.0,
        "annotation": "The man on the left is now showing both hands empty, with the red object and the flower gone. The man on the right looks puzzled. Noticeable change: both objects have disappeared from the man on the left's hands."
      },
      {
        "timestamp": 29.0,
        "annotation": "The man on the left is gesturing with both hands, possibly explaining the magic trick. The man on the right is watching attentively. Noticeable change: the man on the left is using both hands to gesture, indicating he might be explaining the trick."
      },
      {
        "timestamp": 30.0,
        "annotation": "The man on the left is gesturing with both hands, possibly explaining the magic trick. The man on the right is watching attentively. Noticeable change: The man on the left is using both hands to gesture, indicating he might be explaining the trick."
      },
      {
        "timestamp": 31.0,
        "annotation": "The man on the left continues to gesture with both hands, explaining the magic trick. The man on the right remains attentive. Noticeable change: The man on the left's hand movements are slightly more pronounced."
      },
      {
        "timestamp": 32.0,
        "annotation": "The man on the left is still gesturing with both hands, elaborating on the magic trick. The man on the right is focused on the explanation. Noticeable change: The man on the left's gestures are becoming more dynamic."
      },
      {
        "timestamp": 33.0,
        "annotation": "The man on the left is actively using his hands to explain the trick. The man on the right is intently following the explanation. Noticeable change: The man on the left's facial expression shows engagement in the explanation."
      },
      {
        "timestamp": 34.0,
        "annotation": "The man on the left continues his hand gestures to explain the magic trick. The man on the right is attentively listening. Noticeable change: The man on the left's hand movements are more fluid."
      },
      {
        "timestamp": 35.0,
        "annotation": "The man on the left is gesturing with both hands, providing details of the magic trick. The man on the right is engaged and watching closely. Noticeable change: The man on the left's gestures are more exaggerated."
      },
      {
        "timestamp": 36.0,
        "annotation": "The man on the left is using both hands to explain the trick, with more emphasis. The man on the right is attentively observing. Noticeable change: The man on the left's hand movements are more deliberate."
      },
      {
        "timestamp": 37.0,
        "annotation": "The man on the left continues to gesture with both hands, explaining the magic trick. The man on the right is focused and attentive. Noticeable change: The man on the left's gestures are becoming more animated."
      },
      {
        "timestamp": 38.0,
        "annotation": "The man on the left is actively using his hands to elaborate on the trick. The man on the right is intently following the explanation. Noticeable change: The man on the left's facial expression shows increased engagement."
      },
      {
        "timestamp": 39.0,
        "annotation": "The man on the left continues his hand gestures to explain the magic trick. The man on the right is attentively listening. Noticeable change: The man on the left's hand movements are more pronounced and dynamic."
      },
      {
        "timestamp": 40.0,
        "annotation": "The man on the left continues his hand gestures to explain the magic trick. The man on the right is attentively listening. Noticeable change: The man on the left's hand movements are more pronounced and dynamic."
      },
      {
        "timestamp": 41.0,
        "annotation": "The man on the left is now holding a small object in his hand while explaining the trick. The man on the right is closely observing the object. Noticeable change: The man on the left is now holding an object, which was not present in the previous frame."
      },
      {
        "timestamp": 42.0,
        "annotation": "The man on the left is now gesturing with both hands, showing the object more clearly. The man on the right appears to be following the explanation intently. Noticeable change: The man on the left is using both hands to explain, and the object is more visible."
      },
      {
        "timestamp": 43.0,
        "annotation": "The man on the left continues to explain the trick, now with a slight smile. The man on the right is still attentively listening. Noticeable change: The man on the left has a slight smile, indicating possible satisfaction or amusement."
      }
    ],
    "whole_video_annotation": "The video depicts a sequence of events where two men are interacting, with the man on the left performing a series of actions and magic tricks. Here's a general description of what is happening:\n\nThe man on the left starts by holding a knife, which he manipulates in various ways, changing his grip and gesturing towards the blade. He then switches to holding a pen, continuing to gesture and explain something to the man on the right, who remains smiling and looking at the camera throughout. The man on the left then performs a magic trick involving a green object that transforms into a red flower. He interacts with the man on the right using the flower, who reacts with surprise and amusement. After the trick, the man on the left explains the magic trick using elaborate hand gestures, showing both hands empty at one point. He then holds a small object and continues his explanation, occasionally smiling, while the man on the right attentively follows the explanation.\n\nRegarding the user's question: \"Did the man on the left feel impressed and intrigued after the magic tricks were explained?\" The description provided does not indicate the man on the left's reactions or feelings. The man on the left is the one performing the tricks and explaining them, while the man on the right is the one who appears impressed and intrigued.",
    "annotations_summary": "### Summary of the Video Descriptions\n\n#### Frame-Level Descriptions:\nThe video features two men interacting, with the man on the left performing a series of actions and magic tricks. Initially, the man on the left holds a knife, changing his grip and gesturing towards the blade. He then switches to holding a pen and continues to gesture and explain something to the man on the right, who remains smiling and looking at the camera. The man on the left performs a magic trick involving a green object that transforms into a red flower, which he uses to interact with the man on the right, eliciting reactions of surprise and amusement. After the trick, the man on the left explains the magic trick using elaborate hand gestures, showing both hands empty at one point. He then holds a small object and continues his explanation, occasionally smiling, while the man on the right attentively follows the explanation.\n\n#### Video-Level Description:\nThe video depicts a sequence of events where two men are interacting. The man on the left performs a series of actions and magic tricks, starting with manipulating a knife and then a pen. He performs a magic trick involving a green object that transforms into a red flower, interacting with the man on the right, who reacts with surprise and amusement. After the trick, the man on the left explains the magic trick using elaborate hand gestures, showing both hands empty at one point. He then holds a small object and continues his explanation, occasionally smiling, while the man on the right attentively follows the explanation.\n\n#### User's Question:\nThe user asked if the man on the left felt impressed and intrigued after the magic tricks were explained. The descriptions provided do not indicate the man on the left's reactions or feelings. The man on the left is the one performing the tricks and explaining them, while the man on the right is the one who appears impressed and intrigued."
  }
}