{
  "qid": "0679-2",
  "video_id": "K7T7JYxlcPo",
  "video_path": "videos\\0679_K7T7JYxlcPo.mp4",
  "main_question": "Does the woman in the white tank top feel surprised at the end of the video?",
  "sub_questions": "To better understand whether the woman in the white tank top feels surprised at the end of the video, consider the following sub-questions:\n\n1. **What is the context or scenario leading up to the end of the video?**\n   - Understanding the events or actions that occur before the end of the video can provide context for her reaction.\n\n2. **What specific visual or auditory cues does the woman exhibit at the end of the video?**\n   - Look for facial expressions, body language, or verbal reactions that might indicate surprise.\n\n3. **Are there any other characters or elements in the video that might trigger a surprised reaction from the woman?**\n   - Identifying potential triggers can help determine if her reaction is justified and genuine.",
  "annotations": {
    "frame_annotations": [
      {
        "timestamp": 0.0,
        "annotation": "A woman in a white tank top and patterned shorts is sitting on a bar stool at a counter. She is eating something and looking forward. There is a man in a black tank top with colorful text on the back sitting on a stool next to her, facing away from the camera. Another man in a black shirt is sitting further down the counter."
      },
      {
        "timestamp": 1.0,
        "annotation": "The woman continues to eat and looks slightly to her left. The man in the black tank top turns slightly to his left, revealing more of his profile. The other man in the black shirt remains in the same position."
      },
      {
        "timestamp": 2.0,
        "annotation": "The woman is still eating and looking to her left. The man in the black tank top is now facing more towards the camera, showing his green hair. The other man in the black shirt is still in the same position."
      },
      {
        "timestamp": 3.0,
        "annotation": "The woman continues to eat and looks forward again. The man in the black tank top is now facing away from the camera again. The other man in the black shirt is still in the same position."
      },
      {
        "timestamp": 4.0,
        "annotation": "The woman is still eating and looking forward. The man in the black tank top is now turning back to his left, facing more towards the camera. The other man in the black shirt is still in the same position."
      },
      {
        "timestamp": 5.0,
        "annotation": "The woman continues to eat and looks slightly to her left. The man in the black tank top is now facing away from the camera again. The other man in the black shirt is still in the same position."
      },
      {
        "timestamp": 6.0,
        "annotation": "The woman is still eating and looking forward. The man in the black tank top is now turning back to his right, facing more towards the camera. The other man in the black shirt is still in the same position."
      },
      {
        "timestamp": 7.0,
        "annotation": "The woman continues to eat and looks slightly to her left. The man in the black tank top is now facing away from the camera again. The other man in the black shirt is still in the same position."
      },
      {
        "timestamp": 8.0,
        "annotation": "The woman is still eating and looking forward. The man in the black tank top is now turning back to his left, facing more towards the camera. The other man in the black shirt is still in the same position."
      },
      {
        "timestamp": 9.0,
        "annotation": "The woman finishes eating and looks forward with a neutral expression. The man in the black tank top is now facing away from the camera again. The other man in the black shirt is still in the same position."
      },
      {
        "timestamp": 10.0,
        "annotation": "The woman in the white tank top is sitting on a stool, looking to her left with her hand near her mouth. She appears to be in a casual setting, possibly a bar or caf\u00e9. There is a bowl of food in front of her on the counter. In the background, two men are visible; one is facing away from the camera, and the other is standing near the bar area."
      }
    ],
    "whole_video_annotation": "In the video, a woman in a white tank top and patterned shorts is sitting at a counter, eating something. She is accompanied by two men: one in a black tank top with colorful text and green hair, who is sitting next to her and occasionally turns to face the camera, and another man in a black shirt who remains in the same position further down the counter. Throughout the video, the woman continues to eat and looks around slightly, but by the end of the video, she finishes eating and looks forward with a neutral expression. The setting appears to be casual, possibly a bar or caf\u00e9.\n\nRegarding the user's question: Based on the description, the woman does not appear to show any signs of surprise at the end of the video. She finishes eating and looks forward with a neutral expression.",
    "annotations_summary": "### Summary of the Video Descriptions\n\n**Frame-Level Descriptions:**\n- **0.0s to 9.0s:** A woman in a white tank top and patterned shorts is sitting on a bar stool at a counter, eating. She occasionally looks forward and to her left. Next to her, a man in a black tank top with colorful text and green hair sits on a stool, occasionally turning to face the camera. Another man in a black shirt sits further down the counter and remains stationary throughout.\n- **10.0s:** The woman finishes eating and looks forward with a neutral expression. The two men are still visible in the background, with one facing away from the camera and the other standing near the bar area.\n\n**Video-Level Description:**\n- The woman in a white tank top and patterned shorts is eating at a counter in a casual setting, possibly a bar or caf\u00e9. She is accompanied by two men: one in a black tank top with colorful text and green hair, who occasionally turns to face the camera, and another man in a black shirt who remains stationary. Throughout the video, the woman continues to eat and looks around slightly, finishing with a neutral expression.\n\n**Key Points:**\n- The woman is the main focus, eating and occasionally changing her gaze.\n- The man in the black tank top with green hair interacts more dynamically, turning to face the camera at intervals.\n- The setting is casual, likely a bar or caf\u00e9.\n- The woman does not show any signs of surprise at the end of the video; she finishes eating and looks forward with a neutral expression."
  }
}