{
  "qid": "0679-7",
  "video_id": "K7T7JYxlcPo",
  "video_path": "videos\\0679_K7T7JYxlcPo.mp4",
  "main_question": "How does the woman in the white tank top feel at the end of the video?\nA. Indifferent\nB. Surprised\nC. Upset\nD. Annoyed",
  "sub_questions": "To better understand the video and determine how the woman in the white tank top feels at the end, consider the following sub-questions:\n\n1. **What is the context or situation leading up to the end of the video?**\n   - Understanding the events that occur before the final scene can provide crucial context for interpreting her emotions.\n\n2. **What is the woman's body language and facial expression at the end of the video?**\n   - Observing her physical reactions can give clues about her emotional state. For example, is she frowning, smiling, or showing any other distinct expressions?\n\n3. **Are there any significant interactions or events that happen to the woman in the white tank top towards the end of the video?**\n   - Knowing if she experiences something unexpected, positive, or negative can help in assessing her feelings.",
  "annotations": {
    "frame_annotations": [
      {
        "timestamp": 0.0,
        "annotation": "A woman in a white tank top and patterned shorts is sitting on a bar stool at a counter. She is eating something and looking forward. There is a man in a black shirt sitting next to her, and another man in a black tank top is standing in front of them."
      },
      {
        "timestamp": 1.0,
        "annotation": "The man in the black tank top is now closer to the woman, and she is looking at him. The man next to her is still sitting and looking forward."
      },
      {
        "timestamp": 2.0,
        "annotation": "The man in the black tank top is now leaning in towards the woman, who is still looking at him. The man next to her is still in the same position."
      },
      {
        "timestamp": 3.0,
        "annotation": "The man in the black tank top is now very close to the woman, and she is looking surprised. The man next to her is still in the same position."
      },
      {
        "timestamp": 4.0,
        "annotation": "The man in the black tank top is now kissing the woman on the lips. She looks surprised and is not reciprocating the kiss. The man next to her is still in the same position."
      },
      {
        "timestamp": 5.0,
        "annotation": "The man in the black tank top is still kissing the woman, who continues to look surprised and unresponsive. The man next to her is still in the same position."
      },
      {
        "timestamp": 6.0,
        "annotation": "The man in the black tank top is still kissing the woman, who continues to look surprised and unresponsive. The man next to her is still in the same position."
      },
      {
        "timestamp": 7.0,
        "annotation": "The man in the black tank top is still kissing the woman, who continues to look surprised and unresponsive. The man next to her is still in the same position."
      },
      {
        "timestamp": 8.0,
        "annotation": "The man in the black tank top is pulling away from the woman, who looks surprised and upset. The man next to her is still in the same position."
      },
      {
        "timestamp": 9.0,
        "annotation": "The man in the black tank top has pulled away completely, and the woman looks upset and is wiping her mouth. The man next to her is still in the same position."
      },
      {
        "timestamp": 10.0,
        "annotation": "The woman in the white tank top is sitting at a bar, looking towards her right. She appears to be in mid-conversation or reaction, with her hand near her mouth. There is a bowl of food in front of her, and other people are visible in the background at the bar."
      }
    ],
    "whole_video_annotation": "In the video, a woman in a white tank top is sitting at a bar, eating and initially looking forward. A man in a black tank top approaches her, leans in, and kisses her on the lips without her consent. Throughout the kiss, the woman appears surprised and unresponsive. After the man pulls away, the woman looks upset and wipes her mouth, indicating discomfort and distress.\n\nBased on the description, the woman's feelings at the end of the video can be best described as:\n\nC. Upset",
    "annotations_summary": "### Summary of Frame-Level Descriptions:\n\nThe video depicts a woman in a white tank top and patterned shorts sitting at a bar counter, eating and looking forward. A man in a black tank top approaches her, leans in, and kisses her on the lips without her consent. Throughout the kiss, the woman appears surprised and unresponsive. After the man pulls away, the woman looks upset and wipes her mouth, indicating discomfort and distress. Another man in a black shirt is sitting next to her and remains in the same position throughout the interaction.\n\n### Summary of Video-Level Description:\n\nIn the video, a woman in a white tank top is sitting at a bar, eating and initially looking forward. A man in a black tank top approaches her, leans in, and kisses her on the lips without her consent. The woman appears surprised and unresponsive during the kiss. After the man pulls away, the woman looks upset and wipes her mouth, showing signs of discomfort and distress."
  }
}