{
  "qid": "0695-3",
  "video_id": "DN-gN9LaFGg",
  "video_path": "videos\\0695_DN-gN9LaFGg.mp4",
  "main_question": "Did the man win the game because he was faster at arranging the cups?",
  "sub_questions": "To better understand the video and answer the main question, consider the following sub-questions:\n\n1. **What was the specific task involving the cups that the man had to complete?**\n   - Understanding the task will help determine if speed in arranging the cups was a crucial factor.\n\n2. **Were there any other factors or challenges in the game that could have influenced the outcome?**\n   - This will help identify if speed was the only determining factor or if there were other elements at play.\n\n3. **How did the man's performance in arranging the cups compare to that of his opponent(s)?**\n   - Comparing performances will provide insight into whether being faster at arranging the cups directly correlated with winning the game.",
  "annotations": {
    "frame_annotations": [
      {
        "timestamp": 0.0,
        "annotation": "A man and a woman are standing in a kitchen. They are facing two boxes with colorful cups. The man is gesturing towards the cups, and the woman is smiling. The text 'Cup Matching 1v1' is displayed at the bottom of the image."
      },
      {
        "timestamp": 1.0,
        "annotation": "The man picks up a yellow cup from his box. The woman watches him attentively. No significant change in the overall scene."
      },
      {
        "timestamp": 2.0,
        "annotation": "The man places the yellow cup on top of a red cup in his box. The woman continues to watch. The arrangement of cups in the man's box has changed."
      },
      {
        "timestamp": 3.0,
        "annotation": "The man picks up a blue cup from his box. The woman is still observing. The yellow cup remains on top of the red cup."
      },
      {
        "timestamp": 4.0,
        "annotation": "The man places the blue cup on top of the yellow and red cups. The woman is smiling. The stack in the man's box is growing taller."
      },
      {
        "timestamp": 5.0,
        "annotation": "The man raises his arms in a celebratory gesture. The woman looks surprised. The man's stack of cups is now taller than the woman's."
      },
      {
        "timestamp": 6.0,
        "annotation": "The man is seen with his hands clasped together in a praying gesture. The woman is also clasping her hands. The man's stack of cups remains taller."
      },
      {
        "timestamp": 7.0,
        "annotation": "The woman picks up a green cup from her box. The man continues to clasp his hands. The woman starts to arrange her cups."
      },
      {
        "timestamp": 8.0,
        "annotation": "The woman places the green cup on top of another cup in her box. The man is still clasping his hands. The woman's stack is beginning to form."
      },
      {
        "timestamp": 9.0,
        "annotation": "The woman raises her hand, seemingly in acknowledgment or celebration. The man continues to clasp his hands. The woman's stack is now more visible."
      },
      {
        "timestamp": 10.0,
        "annotation": "The woman raises her hand, seemingly in acknowledgment or celebration. The man continues to clasp his hands. The woman's stack is now more visible. No noticeable change from the previous frame."
      },
      {
        "timestamp": 11.0,
        "annotation": "The woman's hand is still raised. The man continues to clasp his hands. No noticeable change from the previous frame."
      },
      {
        "timestamp": 12.0,
        "annotation": "The woman's hand is still raised. The man continues to clasp his hands. No noticeable change from the previous frame."
      },
      {
        "timestamp": 13.0,
        "annotation": "The woman's hand is still raised. The man continues to clasp his hands. No noticeable change from the previous frame."
      },
      {
        "timestamp": 14.0,
        "annotation": "The woman's hand is still raised. The man starts to move his hands towards the cups. The woman begins to arrange her cups."
      },
      {
        "timestamp": 15.0,
        "annotation": "The woman is actively arranging her cups. The man is also starting to arrange his cups. Both participants are focused on the task."
      },
      {
        "timestamp": 16.0,
        "annotation": "The woman continues to arrange her cups. The man is also arranging his cups. Both are making progress in their stacking."
      },
      {
        "timestamp": 17.0,
        "annotation": "The woman has completed her stack and raises her hands in celebration. The man is still arranging his cups."
      },
      {
        "timestamp": 18.0,
        "annotation": "The woman is celebrating with her hands raised. The man finishes arranging his cups and looks up, possibly acknowledging the woman's victory."
      },
      {
        "timestamp": 19.0,
        "annotation": "The woman continues to celebrate. The man stands upright, acknowledging the woman's win. Both are smiling."
      },
      {
        "timestamp": 20.0,
        "annotation": "The woman continues to celebrate. The man stands upright, acknowledging the woman's win. Both are smiling. No noticeable change from the previous frame."
      },
      {
        "timestamp": 21.0,
        "annotation": "The woman continues to celebrate. The man stands upright, acknowledging the woman's win. Both are smiling. No noticeable change from the previous frame."
      },
      {
        "timestamp": 22.0,
        "annotation": "The woman continues to celebrate. The man stands upright, acknowledging the woman's win. Both are smiling. No noticeable change from the previous frame."
      },
      {
        "timestamp": 23.0,
        "annotation": "The woman continues to celebrate. The man stands upright, acknowledging the woman's win. Both are smiling. No noticeable change from the previous frame."
      },
      {
        "timestamp": 24.0,
        "annotation": "The woman continues to celebrate. The man stands upright, acknowledging the woman's win. Both are smiling. No noticeable change from the previous frame."
      },
      {
        "timestamp": 25.0,
        "annotation": "The woman continues to celebrate. The man stands upright, acknowledging the woman's win. Both are smiling. No noticeable change from the previous frame."
      },
      {
        "timestamp": 26.0,
        "annotation": "The woman continues to celebrate. The man stands upright, acknowledging the woman's win. Both are smiling. No noticeable change from the previous frame."
      },
      {
        "timestamp": 27.0,
        "annotation": "The woman continues to celebrate. The man stands upright, acknowledging the woman's win. Both are smiling. No noticeable change from the previous frame."
      },
      {
        "timestamp": 28.0,
        "annotation": "The woman continues to celebrate. The man stands upright, acknowledging the woman's win. Both are smiling. No noticeable change from the previous frame."
      },
      {
        "timestamp": 29.0,
        "annotation": "The woman continues to celebrate. The man stands upright, acknowledging the woman's win. Both are smiling. No noticeable change from the previous frame."
      },
      {
        "timestamp": 30.0,
        "annotation": "The woman continues to celebrate. The man stands upright, acknowledging the woman's win. Both are smiling. No noticeable change from the previous frame."
      },
      {
        "timestamp": 31.0,
        "annotation": "The woman continues to celebrate. The man stands upright, acknowledging the woman's win. Both are smiling. No noticeable change from the previous frame."
      },
      {
        "timestamp": 32.0,
        "annotation": "The woman continues to celebrate. The man stands upright, acknowledging the woman's win. Both are smiling. No noticeable change from the previous frame."
      },
      {
        "timestamp": 33.0,
        "annotation": "The woman continues to celebrate. The man stands upright, acknowledging the woman's win. Both are smiling. No noticeable change from the previous frame."
      },
      {
        "timestamp": 34.0,
        "annotation": "The woman continues to celebrate. The man stands upright, acknowledging the woman's win. Both are smiling. No noticeable change from the previous frame."
      },
      {
        "timestamp": 35.0,
        "annotation": "The woman continues to celebrate. The man stands upright, acknowledging the woman's win. Both are smiling. No noticeable change from the previous frame."
      },
      {
        "timestamp": 36.0,
        "annotation": "The woman continues to celebrate. The man stands upright, acknowledging the woman's win. Both are smiling. No noticeable change from the previous frame."
      },
      {
        "timestamp": 37.0,
        "annotation": "The woman continues to celebrate. The man stands upright, acknowledging the woman's win. Both are smiling. No noticeable change from the previous frame."
      },
      {
        "timestamp": 38.0,
        "annotation": "The woman continues to celebrate. The man stands upright, acknowledging the woman's win. Both are smiling. No noticeable change from the previous frame."
      },
      {
        "timestamp": 39.0,
        "annotation": "The woman continues to celebrate. The man stands upright, acknowledging the woman's win. Both are smiling. No noticeable change from the previous frame."
      },
      {
        "timestamp": 40.0,
        "annotation": "The man and woman are standing in front of a table with two sets of colored cups. The man has his hands on his head, and the woman is celebrating with her hands raised. Both are smiling. The text 'Cup Matching 1v1' is visible at the bottom of the image. No noticeable change from the previous frame."
      },
      {
        "timestamp": 41.0,
        "annotation": "The woman continues to celebrate with her hands raised. The man has his hands on his head, acknowledging the woman's win. Both are smiling. The woman's posture has slightly changed, with her hands more open and raised higher. The text 'Cup Matching 1v1' is still visible."
      },
      {
        "timestamp": 42.0,
        "annotation": "The woman is now laughing loudly with her mouth open, still celebrating. The man has his hands on his head, acknowledging the woman's win. Both are smiling. The woman's expression has changed to a more exaggerated celebration. The text 'Cup Matching 1v1' is still visible."
      }
    ],
    "whole_video_annotation": "The video depicts a friendly competition between a man and a woman in a kitchen, engaging in a \"Cup Matching 1v1\" game. They each have a box of colorful cups and are tasked with stacking the cups in a specific arrangement. The man starts by stacking his cups quickly and celebrates his initial progress. However, the woman then focuses on her own stack and successfully completes her arrangement before the man. The man acknowledges her victory, and the woman celebrates her win, with both participants smiling and enjoying the moment. The game appears to be more about the strategy and speed of arranging the cups rather than just being the fastest.",
    "annotations_summary": "The video shows a man and a woman in a kitchen participating in a \"Cup Matching 1v1\" game. Each has a box of colorful cups and must stack them in a specific arrangement. The man initially stacks his cups quickly and celebrates his progress. However, the woman focuses on her stack and completes her arrangement before the man. The man acknowledges her victory, and the woman celebrates her win. Both participants enjoy the moment, smiling and engaging in friendly competition. The game emphasizes strategy and speed in arranging the cups."
  }
}