{
  "qid": "0706-7",
  "video_id": "zLAwp0V1vng",
  "video_path": "videos\\0706_zLAwp0V1vng.mp4",
  "main_question": "What is the purpose of the man's actions in the first half of the video?\nA. Setting up a camera on a tripod\nB. Shooting video material for the second half\nC. Demonstrating moves for social media\nD. Practicing martial arts",
  "sub_questions": "To better understand the video and determine the purpose of the man's actions in the first half, consider the following sub-questions:\n\n1. **What equipment is the man handling or interacting with at the beginning of the video?**\n   - This can help identify if he is setting up a camera or any other device.\n\n2. **Is the man performing any specific movements or routines, and if so, what kind?**\n   - This can indicate whether he is practicing martial arts, demonstrating moves, or something else.\n\n3. **Does the man appear to be aware of a camera or is he looking directly into one at any point?**\n   - This can provide clues about whether he is shooting video material for the second half or demonstrating moves for an audience, possibly for social media.",
  "annotations": {
    "frame_annotations": [
      {
        "timestamp": 0.0,
        "annotation": "A man is standing on a beach next to a camera mounted on a tripod. He appears to be adjusting the camera."
      },
      {
        "timestamp": 1.0,
        "annotation": "The man is bending down towards the camera, likely making final adjustments. No significant change from the previous frame."
      },
      {
        "timestamp": 2.0,
        "annotation": "The man is now standing upright and appears to be preparing to move away from the camera. Noticeable change: He is no longer bending down."
      },
      {
        "timestamp": 3.0,
        "annotation": "The man is walking away from the camera, moving towards the water. Noticeable change: He is now in motion, walking away."
      },
      {
        "timestamp": 4.0,
        "annotation": "The man is further away from the camera, positioned more centrally in the frame. Noticeable change: He has moved further from the camera."
      },
      {
        "timestamp": 5.0,
        "annotation": "The man is in a dynamic pose, appearing to be in the middle of a martial arts move. Noticeable change: He is now performing an action."
      },
      {
        "timestamp": 6.0,
        "annotation": "The man is in a follow-through position of his martial arts move, with one arm extended forward. Noticeable change: His pose has changed to follow through the movement."
      },
      {
        "timestamp": 7.0,
        "annotation": "The man is now seen from a low angle, with his arm extended and fingers spread. Noticeable change: The perspective has changed to a low angle shot."
      },
      {
        "timestamp": 8.0,
        "annotation": "There is a burst of blue smoke or effect around the man, obscuring parts of his body. Noticeable change: Blue smoke or effect has appeared."
      },
      {
        "timestamp": 9.0,
        "annotation": "The man is now seen in a split-screen effect, with one side showing him in normal lighting and the other side with the blue smoke effect. Noticeable change: Split-screen effect with blue smoke on one side."
      },
      {
        "timestamp": 10.0,
        "annotation": "The man is seen in a split-screen effect, with one side showing him in normal lighting and the other side with the blue smoke effect. The man is in a crouched position, appearing to be in motion. Noticeable change: The man's position has changed slightly, indicating movement."
      },
      {
        "timestamp": 11.0,
        "annotation": "The man continues to be in a crouched position, moving forward with his arms extended. The split-screen effect with blue smoke on one side remains. Noticeable change: The man's forward motion is more pronounced."
      },
      {
        "timestamp": 12.0,
        "annotation": "The man is still in a crouched position, with his arms extended forward. The split-screen effect with blue smoke on one side is consistent. Noticeable change: The man's posture remains similar, but his position has shifted slightly forward."
      },
      {
        "timestamp": 13.0,
        "annotation": "The man is in a more upright position, with his arms still extended. The split-screen effect with blue smoke on one side continues. Noticeable change: The man's posture has changed from crouched to more upright."
      },
      {
        "timestamp": 14.0,
        "annotation": "The man is now in a dynamic pose, appearing to be in mid-motion. The split-screen effect with blue smoke on one side is maintained. Noticeable change: The man's pose has become more dynamic, suggesting a quick movement."
      },
      {
        "timestamp": 15.0,
        "annotation": "The man is seen in a blurred motion, indicating rapid movement. The split-screen effect with blue smoke on one side is still present. Noticeable change: The man's motion is more blurred, emphasizing speed."
      },
      {
        "timestamp": 16.0,
        "annotation": "The man is in a blurred, dynamic pose, with the split-screen effect and blue smoke effect continuing. Noticeable change: The man's motion is highly blurred, suggesting very fast movement."
      }
    ],
    "whole_video_annotation": "In the video, a man is initially seen on a beach setting up and adjusting a camera mounted on a tripod. After ensuring the camera is ready, he walks towards the water and begins performing a series of martial arts moves. The video transitions to include special effects, such as blue smoke and a split-screen, as the man continues his dynamic movements, which become increasingly fast and blurred.\n\nGiven the context of the first half of the video, the purpose of the man's actions is most likely:\n\nA. Setting up a camera on a tripod\n\nThis is evident from the initial frames where he is adjusting and preparing the camera before moving away to perform his actions.",
    "annotations_summary": "### Summary of the Video Descriptions\n\n**Frame-Level Descriptions:**\n- **0.0s to 4.0s:** A man is on a beach, setting up and adjusting a camera on a tripod. He then walks away from the camera towards the water.\n- **5.0s to 16.0s:** The man performs a series of martial arts moves. The video includes special effects such as blue smoke and a split-screen, with the man's movements becoming increasingly fast and blurred.\n\n**Video-Level Description:**\n- The video begins with a man on a beach setting up and adjusting a camera. After ensuring the camera is ready, he walks towards the water and starts performing martial arts moves. Special effects like blue smoke and a split-screen are introduced as the man's movements become faster and more dynamic.\n\n**Purpose of the Man's Actions:**\n- The man's initial actions are most likely for setting up a camera on a tripod, as evidenced by his adjustments and preparations before moving away to perform his martial arts routine."
  }
}