{
  "qid": "0708-7",
  "video_id": "dIKw3x7iLUo",
  "video_path": "videos\\0708_dIKw3x7iLUo.mp4",
  "main_question": "Why did the cat scream in the last shot?\nA. It was scared of the water.\nB. It was upset about the mess in the bathtub.\nC. It thought it had destroyed all the bath products, but more were brought out.\nD. It was hungry.",
  "sub_questions": "To better understand why the cat screamed in the last shot, consider the following sub-questions:\n\n1. **What was the cat doing immediately before it screamed?**\n   - Understanding the cat's actions leading up to the scream can provide context for its reaction.\n\n2. **Were there any sudden changes in the environment or any stimuli present when the cat screamed?**\n   - Identifying any sudden changes or stimuli can help determine if the cat was reacting to something specific, such as water, noise, or movement.\n\n3. **How did the cat behave throughout the video, and was the scream consistent with its previous behavior?**\n   - Observing the cat's overall behavior can help assess whether the scream was an isolated incident or part of a pattern, which might indicate a specific cause like hunger, fear, or frustration.",
  "annotations": {
    "frame_annotations": [
      {
        "timestamp": 0.0,
        "annotation": "A cat is standing on a tiled floor, looking directly at the camera with a curious expression."
      },
      {
        "timestamp": 1.0,
        "annotation": "The scene shifts to a bathtub filled with water and various bath products placed on the side. No noticeable change from the previous frame as it is a different scene."
      },
      {
        "timestamp": 2.0,
        "annotation": "A close-up of the cat's face, showing its large green eyes and curious expression. No noticeable change from the previous frame as it is a different scene."
      },
      {
        "timestamp": 3.0,
        "annotation": "The cat is now in the bathtub, interacting with yellow rubber ducks in the water. Noticeable change from the previous frame as the cat is now in the bathtub."
      },
      {
        "timestamp": 4.0,
        "annotation": "A human hand is seen placing a yellow rubber duck on the cat's head while the cat is in the bathtub. Noticeable change from the previous frame as a human hand appears."
      },
      {
        "timestamp": 5.0,
        "annotation": "A close-up of the cat's face showing a serious expression. Noticeable change from the previous frame as the scene shifts to a close-up of the cat's face."
      },
      {
        "timestamp": 6.0,
        "annotation": "A hand is seen cleaning the bathtub faucet with a cloth. Noticeable change from the previous frame as the scene shifts to the bathtub faucet."
      },
      {
        "timestamp": 7.0,
        "annotation": "A close-up of a bath product container in the bathtub. Noticeable change from the previous frame as the scene shifts to a bath product."
      },
      {
        "timestamp": 8.0,
        "annotation": "The cat is seen with a surprised or scared expression, possibly screaming. Noticeable change from the previous frame as the cat's expression changes dramatically."
      },
      {
        "timestamp": 9.0,
        "annotation": "A close-up of the cat's face showing a more relaxed expression. Noticeable change from the previous frame as the cat's expression changes again."
      },
      {
        "timestamp": 10.0,
        "annotation": "A person's hand is seen holding a bottle of bath product over a bathtub filled with water. Noticeable change from the previous frame as the scene shifts from the cat's face to the bathtub."
      },
      {
        "timestamp": 11.0,
        "annotation": "The bath product is being squeezed out into the bathtub. Noticeable change from the previous frame as the product starts to come out of the bottle."
      },
      {
        "timestamp": 12.0,
        "annotation": "More bath product is being dispensed into the bathtub. Noticeable change from the previous frame as more product is visible in the water."
      },
      {
        "timestamp": 13.0,
        "annotation": "The bathtub is now filled with various bath products floating in the water. Noticeable change from the previous frame as additional products are seen in the tub."
      },
      {
        "timestamp": 14.0,
        "annotation": "The bathtub is messy with bath products scattered and some foam visible. Noticeable change from the previous frame as the mess becomes more apparent."
      },
      {
        "timestamp": 15.0,
        "annotation": "A close-up of the cat's face showing a surprised or scared expression. Noticeable change from the previous frame as the scene shifts back to the cat."
      },
      {
        "timestamp": 16.0,
        "annotation": "The cat's mouth is open, appearing to scream or yell. Noticeable change from the previous frame as the cat's expression intensifies."
      },
      {
        "timestamp": 17.0,
        "annotation": "A person is seen holding two shopping bags with the logo 'ZOZO'. Noticeable change from the previous frame as the scene shifts to the person with the bags."
      },
      {
        "timestamp": 18.0,
        "annotation": "The person is seen placing more bath products on the floor. Noticeable change from the previous frame as additional products are brought out."
      }
    ],
    "whole_video_annotation": "The video depicts a sequence of scenes involving a cat and a bathtub filled with water and various bath products. Initially, the cat is seen standing on a tiled floor and then interacting with yellow rubber ducks in the bathtub. A human hand places a rubber duck on the cat's head, and the cat's expressions change from curious to serious, then surprised or scared, and finally more relaxed. The video then shifts to a person cleaning the bathtub faucet and showing close-ups of bath products. The bathtub becomes messy with bath products scattered and foam visible. The cat's expressions of surprise or fear intensify. Towards the end, a person is seen holding shopping bags with the logo 'ZOZO' and placing more bath products on the floor.\n\nBased on the sequence of events, the most likely reason the cat screamed in the last shot is:\n\nC. It thought it had destroyed all the bath products, but more were brought out.",
    "annotations_summary": "### Summary of Frame-Level Descriptions:\n\n1. **Initial Scene (0.0s - 2.0s):**\n   - A cat stands on a tiled floor, looking curious.\n   - The scene shifts to a bathtub filled with water and bath products.\n   - A close-up of the cat's face shows its large green eyes and curious expression.\n\n2. **Cat in the Bathtub (3.0s - 5.0s):**\n   - The cat interacts with yellow rubber ducks in the bathtub.\n   - A human hand places a rubber duck on the cat's head.\n   - A close-up of the cat's face shows a serious expression.\n\n3. **Cleaning and Bath Products (6.0s - 7.0s):**\n   - A hand cleans the bathtub faucet with a cloth.\n   - A close-up of a bath product container in the bathtub.\n\n4. **Cat's Reactions (8.0s - 9.0s):**\n   - The cat shows a surprised or scared expression, possibly screaming.\n   - The cat's face shows a more relaxed expression.\n\n5. **Adding Bath Products (10.0s - 14.0s):**\n   - A person's hand holds a bottle of bath product over the bathtub.\n   - Bath product is squeezed into the bathtub, filling it with various products and foam.\n   - The bathtub becomes messy with scattered bath products and visible foam.\n\n6. **Cat's Final Reactions (15.0s - 16.0s):**\n   - A close-up of the cat's face shows a surprised or scared expression.\n   - The cat's mouth is open, appearing to scream or yell.\n\n7. **Ending Scene (17.0s - 18.0s):**\n   - A person holds two shopping bags with the logo 'ZOZO'.\n   - The person places more bath products on the floor.\n\n### Summary of Video-Level Description:\n\nThe video shows a cat interacting with a bathtub filled with water and various bath products. The cat initially stands on a tiled floor and then plays with rubber ducks in the bathtub. A human hand places a rubber duck on the cat's head, and the cat's expressions change from curious to serious, then surprised or scared, and finally more relaxed. The video then shifts to a person cleaning the bathtub faucet and showing close-ups of bath products. The bathtub becomes messy with scattered products and foam. The cat's expressions of surprise or fear intensify. Towards the end, a person is seen holding shopping bags with the logo 'ZOZO' and placing more bath products on the floor.\n\n### Most Likely Reason for the Cat's Scream:\n\n**C. It thought it had destroyed all the bath products, but more were brought out.**\n\nThis conclusion is supported by the sequence of events where the cat appears surprised or scared when more bath products are introduced at the end of the video."
  }
}