{
  "qid": "0721-0",
  "video_id": "ir89-1OXw5U",
  "video_path": "videos\\0721_ir89-1OXw5U.mp4",
  "main_question": "What is the man in sunglasses holding in his hand?",
  "sub_questions": "To better understand the video and answer the main question \"What is the man in sunglasses holding in his hand?\", consider the following sub-questions:\n\n1. **Can you describe the setting and context of the scene?**\n   - Understanding the environment and situation can provide clues about what the man might be holding.\n\n2. **What is the man in sunglasses wearing or carrying besides the item in his hand?**\n   - Additional items or clothing can give context to what he might be holding.\n\n3. **Are there any other people or objects nearby that might interact with the man or the item he is holding?**\n   - Interactions or proximity to other objects or people can offer hints about the item in his hand.",
  "annotations": {
    "frame_annotations": [
      {
        "timestamp": 0.0,
        "annotation": "A hand holding a slice of lemon in front of a boat on the water. The boat is moving away from the camera."
      },
      {
        "timestamp": 1.0,
        "annotation": "The hand and lemon slice are in the same position. The boat is slightly further away."
      },
      {
        "timestamp": 2.0,
        "annotation": "The hand and lemon slice remain stationary. The boat continues to move away."
      },
      {
        "timestamp": 3.0,
        "annotation": "The hand and lemon slice are still in the same position. The boat is further away."
      },
      {
        "timestamp": 4.0,
        "annotation": "The hand and lemon slice are unchanged. The boat is now quite distant."
      },
      {
        "timestamp": 5.0,
        "annotation": "The scene changes to a garden with a child dressed in a watermelon costume. The hand is now holding a slice of watermelon in front of the child."
      },
      {
        "timestamp": 6.0,
        "annotation": "The hand and watermelon slice are in the same position. The child is still posing."
      },
      {
        "timestamp": 7.0,
        "annotation": "The hand and watermelon slice remain stationary. The child's pose is unchanged."
      },
      {
        "timestamp": 8.0,
        "annotation": "The scene changes to a beach with a person in a yellow shirt and red flower in their hair. The person is framing a small island with their hands."
      },
      {
        "timestamp": 9.0,
        "annotation": "The person in the yellow shirt is still framing the island with their hands. The scene is unchanged."
      },
      {
        "timestamp": 10.0,
        "annotation": "The person in the yellow shirt is still framing the island with their hands. The scene is unchanged."
      },
      {
        "timestamp": 11.0,
        "annotation": "The person in the yellow shirt is still framing the island with their hands. The scene is unchanged."
      },
      {
        "timestamp": 12.0,
        "annotation": "The person in the yellow shirt is still framing the island with their hands. The scene is unchanged."
      },
      {
        "timestamp": 13.0,
        "annotation": "The person in the yellow shirt is still framing the island with their hands. The scene is unchanged."
      },
      {
        "timestamp": 14.0,
        "annotation": "The person in the yellow shirt is still framing the island with their hands. The scene is unchanged."
      },
      {
        "timestamp": 15.0,
        "annotation": "The person in the yellow shirt is still framing the island with their hands. The scene is unchanged."
      },
      {
        "timestamp": 16.0,
        "annotation": "The person in the yellow shirt is still framing the island with their hands. The scene is unchanged."
      },
      {
        "timestamp": 17.0,
        "annotation": "The person in the yellow shirt is still framing the island with their hands. The scene is unchanged."
      },
      {
        "timestamp": 18.0,
        "annotation": "The person in the yellow shirt is still framing the island with their hands. The scene is unchanged."
      },
      {
        "timestamp": 19.0,
        "annotation": "The person in the yellow shirt is still framing the island with their hands. The scene is unchanged."
      },
      {
        "timestamp": 20.0,
        "annotation": "The person in the yellow shirt is still framing the island with their hands. The scene is unchanged."
      },
      {
        "timestamp": 21.0,
        "annotation": "The person in the yellow shirt is still framing the island with their hands. The scene is unchanged."
      },
      {
        "timestamp": 22.0,
        "annotation": "The person in the yellow shirt is still framing the island with their hands. The scene is unchanged."
      },
      {
        "timestamp": 23.0,
        "annotation": "The person in the yellow shirt is still framing the island with their hands. The scene is unchanged."
      },
      {
        "timestamp": 24.0,
        "annotation": "The person in the yellow shirt is still framing the island with their hands. The scene is unchanged."
      },
      {
        "timestamp": 25.0,
        "annotation": "The person in the yellow shirt is still framing the island with their hands. The scene is unchanged."
      },
      {
        "timestamp": 26.0,
        "annotation": "The person in the yellow shirt is still framing the island with their hands. The scene is unchanged."
      },
      {
        "timestamp": 27.0,
        "annotation": "The person in the yellow shirt is still framing the island with their hands. The scene is unchanged."
      },
      {
        "timestamp": 28.0,
        "annotation": "The person in the yellow shirt is still framing the island with their hands. The scene is unchanged."
      },
      {
        "timestamp": 29.0,
        "annotation": "The person in the yellow shirt is still framing the island with their hands. The scene is unchanged."
      },
      {
        "timestamp": 30.0,
        "annotation": "A person is holding a plastic water bottle over a waterfall. The water from the bottle is flowing out and appears to merge with the waterfall."
      },
      {
        "timestamp": 31.0,
        "annotation": "The person continues to hold the water bottle over the waterfall. The scene is unchanged from the previous frame."
      },
      {
        "timestamp": 32.0,
        "annotation": "The person is still holding the water bottle over the waterfall. The scene remains consistent with the previous frames."
      }
    ],
    "whole_video_annotation": "The video consists of several distinct scenes, each lasting for a few seconds. Here's a general description of what is happening:\n\n1. **Boat Scene (0.00 - 4.00 seconds):** A hand is holding a slice of lemon in front of a moving boat on the water. The boat gradually moves away from the camera while the hand and lemon slice remain stationary.\n\n2. **Garden Scene (5.00 - 7.00 seconds):** The scene changes to a garden where a child dressed in a watermelon costume is posing. The same hand is now holding a slice of watermelon in front of the child.\n\n3. **Beach Scene (8.00 - 29.00 seconds):** The scene shifts to a beach where a person in a yellow shirt and a red flower in their hair is framing a small island with their hands. This scene remains unchanged for a prolonged period.\n\n4. **Waterfall Scene (30.00 - 32.00 seconds):** The final scene shows a person holding a plastic water bottle over a waterfall. The water from the bottle appears to merge with the waterfall.\n\nRegarding the user's question, \"What is the man in sunglasses holding in his hand?\" there is no mention of a man in sunglasses in any of the provided frames. Therefore, it is not possible to answer this question based on the given information.",
    "annotations_summary": "The video consists of four distinct scenes:\n\n1. **Boat Scene (0.00 - 4.00 seconds):** A hand holds a slice of lemon in front of a boat moving away on the water. The hand and lemon remain stationary while the boat gradually moves further away.\n\n2. **Garden Scene (5.00 - 7.00 seconds):** The scene shifts to a garden where a child dressed in a watermelon costume is posing. The same hand now holds a slice of watermelon in front of the child.\n\n3. **Beach Scene (8.00 - 29.00 seconds):** The scene changes to a beach where a person in a yellow shirt and a red flower in their hair frames a small island with their hands. This scene remains static for a prolonged period.\n\n4. **Waterfall Scene (30.00 - 32.00 seconds):** The final scene shows a person holding a plastic water bottle over a waterfall, with the water from the bottle appearing to merge with the waterfall.\n\nRegarding the question, \"What is the man in sunglasses holding in his hand?\" there is no mention of a man in sunglasses in any of the provided descriptions, so this question cannot be answered based on the given information."
  }
}