{
  "qid": "0725-7",
  "video_id": "PVMqxKAXDQo",
  "video_path": "videos\\0725_PVMqxKAXDQo.mp4",
  "main_question": "Why does the drink level in the bottle decrease?\nA. The balloon inside the bottle is deflating.\nB. The drink is evaporating.\nC. It is being consumed through a straw.\nD. The bottle has a leak.",
  "sub_questions": "To better understand the video and determine why the drink level in the bottle is decreasing, consider the following sub-questions:\n\n1. **Is there a visible straw or any other object inserted into the bottle?**\n   - This can help determine if the drink is being consumed through a straw.\n\n2. **Are there any signs of a leak, such as wetness around the bottle or a damaged seal?**\n   - This can indicate if the bottle has a leak.\n\n3. **Is the bottle sealed tightly, and is there any change in the shape or size of a balloon inside the bottle?**\n   - This can help assess if the balloon inside the bottle is deflating.\n\n4. **Is the bottle open or exposed to air, and are there any signs of evaporation, such as condensation on the bottle or a change in the drink's concentration?**\n   - This can indicate if the drink is evaporating.\n\nThese sub-questions should help clarify the cause of the decreasing drink level in the bottle.",
  "annotations": {
    "frame_annotations": [
      {
        "timestamp": 0.0,
        "annotation": "A man in a blue shirt is holding a bottle of orange juice with a straw in his mouth. He appears to be in the middle of drinking from the bottle. An arrow points to the bottle's cap, indicating it might be the focus of the action."
      },
      {
        "timestamp": 1.0,
        "annotation": "The man continues to drink from the bottle. The liquid level in the bottle appears to be slightly lower than in the previous frame, indicating that he is consuming the drink. The arrow is still pointing to the bottle's cap."
      },
      {
        "timestamp": 2.0,
        "annotation": "The man is still drinking from the bottle. The liquid level has decreased further, showing continuous consumption. The arrow remains pointed at the bottle's cap."
      },
      {
        "timestamp": 3.0,
        "annotation": "The man is still in the process of drinking. The liquid level in the bottle is noticeably lower. The arrow is still highlighting the bottle's cap."
      },
      {
        "timestamp": 4.0,
        "annotation": "The man continues to drink from the bottle. The liquid level has decreased even more. The arrow is still pointing to the bottle's cap."
      },
      {
        "timestamp": 5.0,
        "annotation": "The man is still drinking. The liquid level in the bottle is significantly lower now. The arrow is still focused on the bottle's cap."
      },
      {
        "timestamp": 6.0,
        "annotation": "The man appears to be finishing his drink. The liquid level is very low. The arrow is still pointing to the bottle's cap."
      },
      {
        "timestamp": 7.0,
        "annotation": "The man has stopped drinking and is now holding the bottle away from his mouth. The liquid level is almost empty. The arrow is no longer visible."
      },
      {
        "timestamp": 8.0,
        "annotation": "The man is holding the empty bottle upright. There is no visible liquid left in the bottle. The man appears to be smiling."
      },
      {
        "timestamp": 9.0,
        "annotation": "The man is now drinking directly from the bottle without using the straw. The bottle is tilted, and the liquid is being consumed quickly. There is no arrow in this frame."
      },
      {
        "timestamp": 10.0,
        "annotation": "The man is drinking from a bottle with a balloon attached to the opening. The balloon is partially inflated."
      },
      {
        "timestamp": 11.0,
        "annotation": "The man continues to drink from the bottle. The balloon is slightly more inflated compared to the previous frame."
      },
      {
        "timestamp": 12.0,
        "annotation": "The man is still drinking from the bottle. The balloon is more inflated, indicating more air is being expelled from the bottle."
      },
      {
        "timestamp": 13.0,
        "annotation": "The man continues to drink. The balloon is now fully inflated, showing significant air expulsion from the bottle."
      },
      {
        "timestamp": 14.0,
        "annotation": "The man is still drinking from the bottle. The balloon remains fully inflated."
      },
      {
        "timestamp": 15.0,
        "annotation": "The man is still drinking from the bottle. The balloon starts to deflate slightly as the drinking continues."
      },
      {
        "timestamp": 16.0,
        "annotation": "The man is still drinking from the bottle. The balloon is noticeably deflating."
      },
      {
        "timestamp": 17.0,
        "annotation": "The man is still drinking from the bottle. The balloon is almost completely deflated."
      },
      {
        "timestamp": 18.0,
        "annotation": "The man is still drinking from the bottle. The balloon is fully deflated."
      },
      {
        "timestamp": 19.0,
        "annotation": "The man finishes drinking from the bottle. The balloon is fully deflated, and the bottle appears empty."
      },
      {
        "timestamp": 20.0,
        "annotation": "The man is holding a bottle with a balloon inside. The balloon is partially inflated, and the bottle appears to be full of liquid. The man is drinking from the bottle using a straw."
      },
      {
        "timestamp": 21.0,
        "annotation": "The man continues to drink from the bottle. The balloon inside the bottle appears to be slightly more deflated compared to the previous frame."
      },
      {
        "timestamp": 22.0,
        "annotation": "The man is still drinking from the bottle. The balloon inside the bottle is more deflated, and the liquid level in the bottle is noticeably lower."
      },
      {
        "timestamp": 23.0,
        "annotation": "The man continues to drink from the bottle. The balloon is further deflated, and the liquid level in the bottle continues to decrease."
      },
      {
        "timestamp": 24.0,
        "annotation": "The man is still drinking from the bottle. The balloon inside the bottle is almost fully deflated, and the liquid level is significantly lower."
      },
      {
        "timestamp": 25.0,
        "annotation": "The man finishes drinking from the bottle. The balloon is fully deflated, and the bottle appears empty."
      },
      {
        "timestamp": 26.0,
        "annotation": "The man has stopped drinking and is holding the bottle. The balloon remains fully deflated, and the bottle appears empty."
      },
      {
        "timestamp": 27.0,
        "annotation": "The man is holding the bottle with the deflated balloon inside. There is no noticeable change from the previous frame."
      },
      {
        "timestamp": 28.0,
        "annotation": "The man is still holding the bottle with the deflated balloon. There is no noticeable change from the previous frame."
      },
      {
        "timestamp": 29.0,
        "annotation": "The man is holding the bottle with the deflated balloon. There is no noticeable change from the previous frame."
      },
      {
        "timestamp": 30.0,
        "annotation": "The man is holding a bottle of Fanta with a deflated balloon inside. There is no noticeable change from the previous frame."
      },
      {
        "timestamp": 31.0,
        "annotation": "The man is holding the bottle of Fanta with the deflated balloon. There is no noticeable change from the previous frame."
      },
      {
        "timestamp": 32.0,
        "annotation": "The man is holding the bottle of Fanta with the deflated balloon. There is no noticeable change from the previous frame."
      },
      {
        "timestamp": 33.0,
        "annotation": "The man is holding the bottle of Fanta with the deflated balloon. There is no noticeable change from the previous frame."
      },
      {
        "timestamp": 34.0,
        "annotation": "The man is holding the bottle of Fanta with the deflated balloon. There is no noticeable change from the previous frame."
      },
      {
        "timestamp": 35.0,
        "annotation": "The man is holding the bottle of Fanta with the deflated balloon. There is no noticeable change from the previous frame."
      },
      {
        "timestamp": 36.0,
        "annotation": "The man is holding the bottle of Fanta with the deflated balloon. There is no noticeable change from the previous frame."
      },
      {
        "timestamp": 37.0,
        "annotation": "The man is holding the bottle of Fanta with the deflated balloon. There is no noticeable change from the previous frame."
      },
      {
        "timestamp": 38.0,
        "annotation": "The man is holding the bottle of Fanta with the deflated balloon. There is no noticeable change from the previous frame."
      },
      {
        "timestamp": 39.0,
        "annotation": "The man is holding the bottle of Fanta with the deflated balloon. There is no noticeable change from the previous frame."
      },
      {
        "timestamp": 40.0,
        "annotation": "The man is holding a bottle of Fanta with a deflated balloon inside. There is no noticeable change from the previous frame."
      },
      {
        "timestamp": 41.0,
        "annotation": "The man is holding a bottle of Fanta with a deflated balloon inside. There is no noticeable change from the previous frame."
      },
      {
        "timestamp": 42.0,
        "annotation": "The man is holding a bottle of Fanta with a deflated balloon inside. There is no noticeable change from the previous frame."
      },
      {
        "timestamp": 43.0,
        "annotation": "The man is holding a bottle of Fanta with a deflated balloon inside. There is no noticeable change from the previous frame."
      },
      {
        "timestamp": 44.0,
        "annotation": "The man is holding a bottle of Fanta with a deflated balloon inside. There is no noticeable change from the previous frame."
      },
      {
        "timestamp": 45.0,
        "annotation": "The man is holding a bottle of Fanta with a deflated balloon inside. There is no noticeable change from the previous frame."
      },
      {
        "timestamp": 46.0,
        "annotation": "The man is holding a bottle of Fanta with a deflated balloon inside. There is no noticeable change from the previous frame."
      },
      {
        "timestamp": 47.0,
        "annotation": "The man is holding a bottle of Fanta with a deflated balloon inside. There is no noticeable change from the previous frame."
      },
      {
        "timestamp": 48.0,
        "annotation": "The man is holding a bottle of Fanta with a deflated balloon inside. There is no noticeable change from the previous frame."
      },
      {
        "timestamp": 49.0,
        "annotation": "The man is holding a bottle of Fanta with a deflated balloon inside. There is no noticeable change from the previous frame."
      },
      {
        "timestamp": 50.0,
        "annotation": "The man is holding a bottle of Fanta with a deflated balloon inside. There is no noticeable change from the previous frame."
      },
      {
        "timestamp": 51.0,
        "annotation": "The man is holding a bottle of Fanta with a deflated balloon inside. There is no noticeable change from the previous frame."
      },
      {
        "timestamp": 52.0,
        "annotation": "The man is holding a bottle of Fanta with a deflated balloon inside. There is no noticeable change from the previous frame."
      },
      {
        "timestamp": 53.0,
        "annotation": "The man is holding a bottle of Fanta with a deflated balloon inside. There is no noticeable change from the previous frame."
      },
      {
        "timestamp": 54.0,
        "annotation": "The man is holding a bottle of Fanta with a deflated balloon inside. There is no noticeable change from the previous frame."
      },
      {
        "timestamp": 55.0,
        "annotation": "The man is holding a bottle of Fanta with a deflated balloon inside. There is no noticeable change from the previous frame."
      },
      {
        "timestamp": 56.0,
        "annotation": "The man is holding a bottle of Fanta with a deflated balloon inside. There is no noticeable change from the previous frame."
      },
      {
        "timestamp": 57.0,
        "annotation": "The man is holding a bottle of Fanta with a deflated balloon inside. There is no noticeable change from the previous frame."
      },
      {
        "timestamp": 58.0,
        "annotation": "The man is holding a bottle of Fanta with a deflated balloon inside. There is no noticeable change from the previous frame."
      }
    ],
    "whole_video_annotation": "In the video, a man is seen drinking from a bottle of orange juice (later identified as Fanta) in various ways. Initially, he drinks using a straw, and the liquid level in the bottle decreases as he consumes the drink. Later, he drinks directly from the bottle, and a balloon attached to the opening inflates and then deflates as he drinks. The balloon inside the bottle also deflates as he continues to drink using a straw. The focus seems to be on the interaction between the drinking process and the balloon's inflation and deflation.\n\nGiven the options, the most accurate reason for the drink level in the bottle decreasing is:\n\nC. It is being consumed through a straw.",
    "annotations_summary": "### Summary of the Video Descriptions\n\nThe video features a man engaging in various drinking actions with a bottle of orange juice, which is later identified as Fanta. The sequence can be broken down into several key phases:\n\n1. **Initial Drinking with Straw (0.0s - 8.0s):**\n   - The man starts drinking from a bottle of orange juice using a straw.\n   - The liquid level in the bottle gradually decreases as he drinks.\n   - An arrow points to the bottle's cap, highlighting the focus on the drinking action.\n\n2. **Direct Drinking (9.0s - 19.0s):**\n   - The man switches to drinking directly from the bottle without the straw.\n   - A balloon attached to the bottle's opening inflates as he drinks, indicating air expulsion from the bottle.\n   - The balloon deflates as the man continues to drink, eventually becoming fully deflated when the bottle appears empty.\n\n3. **Drinking with Internal Balloon (20.0s - 26.0s):**\n   - The man drinks from a bottle containing a balloon inside.\n   - The balloon deflates as the liquid level decreases, showing continuous consumption.\n   - The bottle appears empty by the end of this phase.\n\n4. **Final Phase (27.0s - 58.0s):**\n   - The man holds the empty bottle of Fanta with the deflated balloon inside.\n   - There is no noticeable change in the scene for the remaining duration of the video.\n\n### Most Accurate Reason for Decreasing Drink Level\n\nGiven the options, the most accurate reason for the drink level in the bottle decreasing is:\n\n**C. It is being consumed through a straw.**\n\nThis is supported by the initial frames (0.0s - 8.0s) where the man is clearly drinking through a straw, and the liquid level decreases accordingly."
  }
}