{
  "qid": "0731-2",
  "video_id": "oSyWpIh4vF8",
  "video_path": "videos\\0731_oSyWpIh4vF8.mp4",
  "main_question": "Could the old man's nose be seen as a mermaid sitting on a reef?",
  "sub_questions": "To better understand the video and address the main question \"Could the old man's nose be seen as a mermaid sitting on a reef?\", consider the following sub-questions:\n\n1. **What are the distinctive features of the old man's nose as described or shown in the video?**\n   - Understanding the shape, size, and any unique characteristics of the old man's nose will help in comparing it to the imagery of a mermaid sitting on a reef.\n\n2. **How is the mermaid sitting on a reef typically depicted or imagined?**\n   - Knowing the common visual representations of a mermaid on a reef can provide a basis for comparison with the old man's nose.\n\n3. **Are there any visual or descriptive elements in the video that support or refute the comparison between the old man's nose and a mermaid on a reef?**\n   - Identifying specific details from the video that either reinforce or contradict the comparison can help in forming a clearer conclusion.",
  "annotations": {
    "frame_annotations": [
      {
        "timestamp": 0.0,
        "annotation": "The image shows an old man with a prominent nose. The nose appears to be elongated and curved, resembling a mermaid sitting on a reef. The background features a serene landscape with a sky and distant horizon."
      },
      {
        "timestamp": 1.0,
        "annotation": "The image remains the same as the previous frame. The old man's nose is still prominent and curved, maintaining the resemblance to a mermaid on a reef."
      },
      {
        "timestamp": 2.0,
        "annotation": "The image remains unchanged from the previous frame. The old man's nose continues to resemble a mermaid sitting on a reef."
      },
      {
        "timestamp": 3.0,
        "annotation": "The image is identical to the previous frame. The old man's nose still looks like a mermaid on a reef."
      },
      {
        "timestamp": 4.0,
        "annotation": "A red arrow appears, pointing towards the old man's nose, emphasizing its shape and the resemblance to a mermaid on a reef."
      },
      {
        "timestamp": 5.0,
        "annotation": "The image is the same as the previous frame, with the red arrow still pointing at the old man's nose, highlighting its mermaid-like appearance."
      },
      {
        "timestamp": 6.0,
        "annotation": "The image remains unchanged from the previous frame, with the red arrow continuing to emphasize the old man's nose."
      },
      {
        "timestamp": 7.0,
        "annotation": "The red arrow disappears, returning the image to its original state. The old man's nose still resembles a mermaid on a reef."
      },
      {
        "timestamp": 8.0,
        "annotation": "The image is the same as the previous frame, with no changes observed. The old man's nose continues to look like a mermaid on a reef."
      },
      {
        "timestamp": 9.0,
        "annotation": "The image remains unchanged from the previous frame. The old man's nose still maintains its resemblance to a mermaid sitting on a reef."
      }
    ],
    "whole_video_annotation": "The video appears to be a simple, static sequence focusing on an old man with a distinctive, elongated, and curved nose. The background features a serene landscape with a sky and distant horizon. Throughout the video, the old man's nose is repeatedly highlighted and compared to a mermaid sitting on a reef. A red arrow briefly appears, pointing to the nose to emphasize this resemblance. The video does not show any movement or changes in the scene beyond the appearance of the arrow. The overall effect is to draw attention to the unique shape of the old man's nose and its perceived similarity to a mermaid on a reef.",
    "annotations_summary": "The video is a static sequence that focuses on an old man with a distinctive, elongated, and curved nose. The background features a serene landscape with a sky and distant horizon. Throughout the video, the old man's nose is repeatedly highlighted and compared to a mermaid sitting on a reef. At the 4-second mark, a red arrow appears, pointing to the nose to emphasize this resemblance, and it disappears at the 7-second mark. The video does not show any other movement or changes in the scene, maintaining a consistent emphasis on the unique shape of the old man's nose."
  }
}