{
  "qid": "0738-7",
  "video_id": "YpwGoqs1zjA",
  "video_path": "videos\\0738_YpwGoqs1zjA.mp4",
  "main_question": "How did the man in the video film the sky changing from black to bright?\nA. By adjusting the brightness or exposure settings.\nB. By using a time-lapse feature.\nC. By changing the camera angle.\nD. By using a filter.",
  "sub_questions": "To better understand how the man in the video filmed the sky changing from black to bright, consider the following sub-questions:\n\n1. **What type of camera or device was used to film the sky?**\n   - Understanding the equipment can provide clues about its capabilities, such as whether it supports time-lapse or has advanced exposure settings.\n\n2. **How long did the filming session last?**\n   - Knowing the duration can help determine if a time-lapse feature was used, as this technique typically captures changes over an extended period.\n\n3. **Were there any noticeable changes in the camera's position or settings during the video?**\n   - Observing if the camera angle or settings were adjusted can indicate whether the man used techniques like changing the camera angle or adjusting brightness/exposure settings.",
  "annotations": {
    "frame_annotations": [
      {
        "timestamp": 0.0,
        "annotation": "The man is holding a smartphone, filming the sky and the ocean. The sky is transitioning from dark to bright, indicating either sunrise or sunset. The man is standing on a beach with waves gently crashing in the background."
      },
      {
        "timestamp": 0.97,
        "annotation": "The man continues to hold the smartphone, filming the same scene. The sky appears slightly brighter compared to the previous frame, suggesting the passage of time."
      },
      {
        "timestamp": 1.94,
        "annotation": "The man is still filming. The sky is noticeably brighter, and the colors are more vibrant. The waves in the background remain consistent."
      },
      {
        "timestamp": 2.91,
        "annotation": "The man maintains the same filming position. The sky continues to brighten, and the horizon line is more distinct. The ocean waves are slightly more visible."
      },
      {
        "timestamp": 3.88,
        "annotation": "The man is still filming the scene. The sky is now significantly brighter, with more defined clouds and colors. The ocean waves are more prominent."
      },
      {
        "timestamp": 4.85,
        "annotation": "The man continues to film. The sky is much brighter, and the transition from dark to light is almost complete. The ocean waves are clearly visible."
      },
      {
        "timestamp": 5.81,
        "annotation": "The man is still holding the smartphone, filming the bright sky and ocean. The scene is now fully lit, indicating the end of the transition from dark to bright."
      },
      {
        "timestamp": 6.78,
        "annotation": "The man continues to film the bright scene. The sky is fully bright, and the ocean waves are clearly visible. The man's hands are steady, maintaining the same framing."
      },
      {
        "timestamp": 7.75,
        "annotation": "The man is still filming. The bright scene remains consistent, with no noticeable changes in the sky or ocean. The man's hands are in the same position."
      },
      {
        "timestamp": 8.72,
        "annotation": "The man continues to film the bright scene. The sky and ocean remain consistent with the previous frame, indicating the end of the video."
      },
      {
        "timestamp": 9.69,
        "annotation": "The image shows a dark sky with some clouds and a hint of light on the horizon, suggesting early dawn or dusk. The ocean is calm and reflects the dim light from the sky."
      },
      {
        "timestamp": 10.66,
        "annotation": "The sky is slightly brighter compared to the previous frame, with more light visible on the horizon. The clouds are more defined, and the ocean appears slightly more illuminated."
      },
      {
        "timestamp": 11.63,
        "annotation": "The sky has brightened further, with more pronounced colors of orange and yellow near the horizon. The clouds are more distinct, and the ocean reflects the increasing light."
      },
      {
        "timestamp": 12.6,
        "annotation": "The sky is now significantly brighter, with a clear transition from dark to light. The colors in the sky are more vibrant, and the ocean is well-lit, reflecting the brightening scene."
      }
    ],
    "whole_video_annotation": "In the video, a man is standing on a beach, holding a smartphone and filming the sky and ocean as it transitions from dark to bright. This transition suggests either a sunrise or sunset. Over the course of the video, the sky gradually becomes brighter and more vibrant, while the ocean waves remain consistent in the background. The man maintains a steady position and framing throughout the recording.\n\nGiven the description of the video, the most likely method the man used to film the sky changing from black to bright is:\n\nB. By using a time-lapse feature.\n\nTime-lapse photography captures frames at set intervals over a period of time and then plays them back at a faster speed, condensing hours into seconds or minutes. This technique is commonly used to show changes in the sky during sunrise or sunset.",
    "annotations_summary": "### Summary of the Video Descriptions\n\n**Frame-Level Descriptions:**\nThe video captures a man standing on a beach, holding a smartphone and filming the sky and ocean as it transitions from dark to bright. This transition, which suggests either sunrise or sunset, is shown over a series of frames:\n\n- **Initial Frames (0.0s to 4.8s):** The sky gradually brightens, transitioning from dark to light. The ocean waves are visible in the background, and the man maintains a steady filming position.\n- **Middle Frames (5.8s to 8.7s):** The sky becomes fully bright, and the scene is well-lit. The ocean waves are clearly visible, and the man's hands remain steady.\n- **Final Frames (9.7s to 12.6s):** The video appears to loop back to the beginning, showing the sky transitioning from dark to bright again. The sky brightens further, with more vibrant colors and a well-lit ocean.\n\n**Video-Level Description:**\nThe man stands on a beach, holding a smartphone to film the sky and ocean as they transition from dark to bright, indicating either sunrise or sunset. The sky gradually becomes brighter and more vibrant, while the ocean waves remain consistent. The man maintains a steady position and framing throughout the recording.\n\n**Most Likely Filming Method:**\nThe most likely method the man used to film the sky changing from dark to bright is **B. By using a time-lapse feature.** Time-lapse photography captures frames at set intervals over a period of time and then plays them back at a faster speed, condensing hours into seconds or minutes. This technique is commonly used to show changes in the sky during sunrise or sunset."
  }
}