{
  "qid": "0738-3",
  "video_id": "YpwGoqs1zjA",
  "video_path": "videos\\0738_YpwGoqs1zjA.mp4",
  "main_question": "Did the man in the video use a time-lapse feature to show the sky changing from black to bright?",
  "sub_questions": "To better understand whether the man in the video used a time-lapse feature to show the sky changing from black to bright, consider the following sub-questions:\n\n1. **How long does the video last, and how quickly does the sky change from black to bright?**\n   - This can help determine if the transition is too fast to be real-time.\n\n2. **Are there any visible indicators of time-lapse techniques, such as slight jumps in the motion of clouds or stars?**\n   - Time-lapse videos often show rapid movement of elements that would normally move slowly.\n\n3. **Does the video include any metadata or descriptions that mention time-lapse or similar techniques?**\n   - Sometimes, creators include this information in the video description or tags.",
  "annotations": {
    "frame_annotations": [
      {
        "timestamp": 0.0,
        "annotation": "A man is standing on a beach holding a smartphone, recording a video of the ocean and sky at sunset. The sky is transitioning from dark to bright with hues of orange and blue."
      },
      {
        "timestamp": 0.97,
        "annotation": "The man continues to hold the smartphone, capturing the scene. The sky shows slight changes in color, becoming a bit brighter."
      },
      {
        "timestamp": 1.94,
        "annotation": "The man's hands are steady, and the smartphone screen shows the ongoing recording. The sky's brightness increases slightly, with more orange tones appearing."
      },
      {
        "timestamp": 2.91,
        "annotation": "The man adjusts his grip slightly on the smartphone. The sky continues to brighten, with the orange hues becoming more prominent."
      },
      {
        "timestamp": 3.88,
        "annotation": "The man's hands remain steady, and the smartphone screen shows the recording interface. The sky is noticeably brighter, with the sun rising higher."
      },
      {
        "timestamp": 4.85,
        "annotation": "The man's hands are still holding the smartphone, and the recording continues. The sky is significantly brighter, with the sun almost fully visible above the horizon."
      },
      {
        "timestamp": 5.81,
        "annotation": "The man's hands are in the same position, and the smartphone screen shows the recording. The sky is very bright, with the sun fully visible and the colors shifting towards a more daytime appearance."
      },
      {
        "timestamp": 6.78,
        "annotation": "The man's hands are still holding the smartphone, and the recording continues. The sky is now very bright, with the sun fully risen and the colors of the sky transitioning to a clearer blue."
      },
      {
        "timestamp": 7.75,
        "annotation": "The man's hands remain steady, and the smartphone screen shows the recording interface. The sky is fully bright, indicating that the sun has risen completely."
      },
      {
        "timestamp": 8.72,
        "annotation": "The man continues to hold the smartphone, capturing the fully bright sky and ocean. The scene is now fully lit, indicating daytime."
      },
      {
        "timestamp": 9.69,
        "annotation": "The sky is dark with a hint of light on the horizon, suggesting early dawn. The ocean is calm and reflects the dim light."
      },
      {
        "timestamp": 10.66,
        "annotation": "The sky is slightly brighter compared to the previous frame, with more light spreading across the horizon. The ocean remains calm."
      },
      {
        "timestamp": 11.63,
        "annotation": "The sky continues to brighten, with more pronounced golden hues appearing on the horizon. The ocean still reflects the increasing light."
      },
      {
        "timestamp": 12.6,
        "annotation": "The sky is now significantly brighter, with a clear transition from dark to light. The horizon is illuminated with warm colors, and the ocean reflects this brightness."
      }
    ],
    "whole_video_annotation": "The video captures a man standing on a beach, recording the sky and ocean as the scene transitions from night to daytime. The man holds a smartphone steadily throughout the recording, capturing the gradual brightening of the sky from dark hues to a fully lit daytime scene. The sequence of frames shows the progression of the sunrise, with the sky transitioning from dark with hints of light on the horizon to a fully bright sky with clear blue tones. The ocean remains calm and reflects the changing light conditions. The video appears to be a time-lapse, condensing the time span of the sunrise into a shorter duration.",
    "annotations_summary": "The video depicts a man standing on a beach, recording the sunrise with his smartphone. The scene transitions from night to daytime over the course of the video. Initially, the sky is dark with hints of light on the horizon, gradually brightening to reveal golden hues and eventually a fully lit, clear blue sky. The man holds the smartphone steadily throughout, capturing the entire progression of the sunrise. The ocean remains calm and reflects the changing light conditions. The video is likely a time-lapse, compressing the sunrise into a shorter duration."
  }
}