{
  "qid": "0740-2",
  "video_id": "AoUnw7jcHhg",
  "video_path": "videos\\0740_AoUnw7jcHhg.mp4",
  "main_question": "In the first math problem shown, is the third step performing the multiplication of 4 \u00d7 4?",
  "sub_questions": "To better understand the video and address the main question, consider the following sub-questions:\n\n1. **What are the first two steps in the math problem shown in the video?**\n   - Understanding the initial steps can provide context for the third step and help verify if the third step involves multiplication.\n\n2. **What specific operations are performed in the third step of the math problem?**\n   - This sub-question directly addresses the main question by asking for details about the third step, which can confirm whether multiplication of 4 \u00d7 4 is involved.\n\n3. **Are there any visual or textual clues in the video that indicate the type of operation being performed in the third step?**\n   - This sub-question can help identify any explicit indications in the video that show the nature of the operation in the third step, such as symbols, equations, or verbal explanations.",
  "annotations": {
    "frame_annotations": [
      {
        "timestamp": 0.0,
        "annotation": "The image shows a math problem written on a whiteboard. The problem is 8 \u00f7 2(2 + 2) = ?. Above the problem, it says '70% of people get this wrong' and 'VIRAL MATH PROBLEM'. The word 'PEMDAS' is written in red above the problem."
      },
      {
        "timestamp": 1.0,
        "annotation": "A hand holding a pen appears in the frame, positioned near the math problem. No changes to the math problem itself.",
        "change": "A hand holding a pen appears in the frame."
      },
      {
        "timestamp": 2.0,
        "annotation": "The hand with the pen is now closer to the whiteboard, seemingly about to write something. The math problem remains unchanged.",
        "change": "The hand with the pen moves closer to the whiteboard."
      },
      {
        "timestamp": 3.0,
        "annotation": "The pen is now touching the whiteboard near the word 'PEMDAS'. The math problem is still the same.",
        "change": "The pen touches the whiteboard near the word 'PEMDAS'."
      },
      {
        "timestamp": 4.0,
        "annotation": "The pen starts to write an arrow pointing to the '2' in the expression 2(2 + 2). The math problem is unchanged.",
        "change": "The pen starts writing an arrow pointing to the '2' in the expression."
      },
      {
        "timestamp": 5.0,
        "annotation": "The arrow is now fully drawn, pointing to the '2' in the expression 2(2 + 2). The math problem remains the same.",
        "change": "The arrow is fully drawn, pointing to the '2' in the expression."
      },
      {
        "timestamp": 6.0,
        "annotation": "The hand with the pen moves away from the whiteboard. The arrow and the math problem are still visible.",
        "change": "The hand with the pen moves away from the whiteboard."
      },
      {
        "timestamp": 7.0,
        "annotation": "The hand with the pen is no longer in the frame. The arrow and the math problem are clearly visible on the whiteboard.",
        "change": "The hand with the pen is no longer in the frame."
      },
      {
        "timestamp": 8.0,
        "annotation": "The image is the same as the previous frame. The arrow and the math problem are still visible on the whiteboard.",
        "change": "No noticeable change from the previous frame."
      },
      {
        "timestamp": 9.0,
        "annotation": "The image is the same as the previous frame. The arrow and the math problem are still visible on the whiteboard.",
        "change": "No noticeable change from the previous frame."
      },
      {
        "timestamp": 10.0,
        "annotation": "A hand is writing on a whiteboard. The text '70% of people get this wrong' is visible at the top. The hand is writing the expression '8 \u00f7 2(2 + 2) = ?' and has just written the '8'. The word 'PEMDAS' is written above the expression with an arrow pointing to the division sign.",
        "change": "The hand starts writing the math problem on the whiteboard."
      },
      {
        "timestamp": 11.0,
        "annotation": "The hand continues to write on the whiteboard, now writing the division sign '\u00f7'. The expression '8 \u00f7' is visible.",
        "change": "The division sign '\u00f7' is added to the expression."
      },
      {
        "timestamp": 12.0,
        "annotation": "The hand is writing the next part of the expression, '2('. The expression now reads '8 \u00f7 2('.",
        "change": "The characters '2(' are added to the expression."
      },
      {
        "timestamp": 13.0,
        "annotation": "The hand is writing the '2' inside the parentheses. The expression now reads '8 \u00f7 2(2'.",
        "change": "The character '2' is added inside the parentheses."
      },
      {
        "timestamp": 14.0,
        "annotation": "The hand is writing the '+' sign inside the parentheses. The expression now reads '8 \u00f7 2(2 +'.",
        "change": "The '+' sign is added inside the parentheses."
      },
      {
        "timestamp": 15.0,
        "annotation": "The hand is writing the second '2' inside the parentheses. The expression now reads '8 \u00f7 2(2 + 2'.",
        "change": "The second '2' is added inside the parentheses."
      },
      {
        "timestamp": 16.0,
        "annotation": "The hand is closing the parentheses with a ')'. The expression now reads '8 \u00f7 2(2 + 2)'.",
        "change": "The parentheses are closed with a ')'."
      },
      {
        "timestamp": 17.0,
        "annotation": "The hand is writing the equals sign '='. The expression now reads '8 \u00f7 2(2 + 2) ='.",
        "change": "The equals sign '=' is added to the expression."
      },
      {
        "timestamp": 18.0,
        "annotation": "The hand is writing the first part of the solution, '8 : 2'.",
        "change": "The characters '8 : 2' are added below the expression."
      },
      {
        "timestamp": 19.0,
        "annotation": "The hand is writing the next part of the solution, '4'. The solution now reads '8 : 2(4'.",
        "change": "The character '4' is added inside the parentheses in the solution."
      },
      {
        "timestamp": 20.0,
        "annotation": "The hand is writing the next part of the solution, '4'. The solution now reads '8 : 2(4'.",
        "change": "No change from the previous frame."
      },
      {
        "timestamp": 21.0,
        "annotation": "The hand is writing the next part of the solution, '4'. The solution now reads '8 : 2(4'.",
        "change": "No change from the previous frame."
      },
      {
        "timestamp": 22.0,
        "annotation": "The hand is writing the next part of the solution, '4'. The solution now reads '8 : 2(4'.",
        "change": "No change from the previous frame."
      },
      {
        "timestamp": 23.0,
        "annotation": "The hand is writing the next part of the solution, '4'. The solution now reads '8 : 2(4'.",
        "change": "No change from the previous frame."
      },
      {
        "timestamp": 24.0,
        "annotation": "The hand is writing the next part of the solution, '4'. The solution now reads '8 : 2(4'.",
        "change": "No change from the previous frame."
      },
      {
        "timestamp": 25.0,
        "annotation": "The hand is writing the next part of the solution, '4'. The solution now reads '8 : 2(4'.",
        "change": "No change from the previous frame."
      },
      {
        "timestamp": 26.0,
        "annotation": "The hand is writing the next part of the solution, '4'. The solution now reads '8 : 2(4'.",
        "change": "No change from the previous frame."
      },
      {
        "timestamp": 27.0,
        "annotation": "The hand is writing the next part of the solution, '4'. The solution now reads '8 : 2(4'.",
        "change": "No change from the previous frame."
      },
      {
        "timestamp": 28.0,
        "annotation": "The hand is writing the next part of the solution, '4'. The solution now reads '8 : 2(4'.",
        "change": "No change from the previous frame."
      }
    ],
    "whole_video_annotation": "The video appears to be an educational or explanatory clip focused on solving a viral math problem written on a whiteboard. The problem in question is \"8 \u00f7 2(2 + 2) = ?\". The video starts by showing the problem on the whiteboard with annotations indicating that 70% of people get it wrong and mentions the acronym \"PEMDAS\" (Parentheses, Exponents, Multiplication and Division (from left to right), Addition and Subtraction (from left to right)). A hand then appears, using a pen to draw an arrow pointing to the '2' in the expression 2(2 + 2), likely to emphasize the order of operations according to PEMDAS. Subsequently, the hand rewrites the problem step-by-step on the whiteboard, demonstrating the solution process.\n\nRegarding the specific question: \"In the first math problem shown, is the third step performing the multiplication of 4 \u00d7 4?\" Based on the frames provided, the video does not explicitly show the third step of the solution process. However, according to the standard order of operations (PEMDAS/BODMAS), the correct interpretation of the problem \"8 \u00f7 2(2 + 2)\" would involve first solving the expression inside the parentheses, then performing the multiplication, and finally the division. Therefore, the third step would indeed involve multiplying 4 \u00d7 4, resulting in 16.",
    "annotations_summary": "The video demonstrates the solution to the viral math problem \"8 \u00f7 2(2 + 2) = ?\" written on a whiteboard. Here's a brief summary of the descriptions:\n\n### Initial Setup:\n- **[0.0s to 9.0s]**: The math problem \"8 \u00f7 2(2 + 2) = ?\" is displayed on a whiteboard with annotations indicating that 70% of people get it wrong and mentioning the acronym \"PEMDAS.\" An arrow is drawn pointing to the '2' in the expression 2(2 + 2) to emphasize the order of operations.\n\n### Solution Process:\n- **[10.0s to 28.0s]**: A hand rewrites the problem step-by-step on the whiteboard, demonstrating the solution process. The hand writes the expression \"8 \u00f7 2(2 + 2) = ?\" and begins solving it according to the PEMDAS rule.\n\n### Specific Observations:\n- The video does not explicitly show the third step of the solution process within the provided frames. However, based on the PEMDAS rule, the third step would involve multiplying 4 \u00d7 4, resulting in 16.\n\n### Conclusion:\nThe video is an educational clip focused on solving the math problem \"8 \u00f7 2(2 + 2) = ?\" by following the order of operations as per PEMDAS. The third step in solving this problem involves performing the multiplication of 4 \u00d7 4."
  }
}