{
  "qid": "0740-7",
  "video_id": "AoUnw7jcHhg",
  "video_path": "videos\\0740_AoUnw7jcHhg.mp4",
  "main_question": "What is the third step in the calculation process for the first math problem?\nA. Performing the division of 8 \u00f7 2\nB. Performing the subtraction of 8 - 4\nC. Performing the addition of 2 + 2\nD. Performing the multiplication of 4 \u00d7 4",
  "sub_questions": "To better understand the video and determine the third step in the calculation process for the first math problem, consider the following sub-questions:\n\n1. **What is the sequence of operations presented in the video for solving the first math problem?**\n   - Understanding the order of operations will help identify the third step.\n\n2. **Can you list the individual steps performed in the calculation process as shown in the video?**\n   - This will provide a clear breakdown of each operation, making it easier to pinpoint the third step.\n\n3. **Are there any specific instructions or rules mentioned in the video that dictate the order of operations?**\n   - Knowing any specific guidelines or rules can help confirm the sequence of steps and identify the third step accurately.",
  "annotations": {
    "frame_annotations": [
      {
        "timestamp": 0.0,
        "annotation": "The image shows a math problem written on a whiteboard. The problem is 8 \u00f7 2(2 + 2) = ?. Above the problem, it states '70% of people get this wrong' and 'VIRAL MATH PROBLEM'. The word 'PEMDAS' is written in red above the problem."
      },
      {
        "timestamp": 1.0,
        "annotation": "The image is the same as the previous frame. No changes are noticeable."
      },
      {
        "timestamp": 2.0,
        "annotation": "A hand holding a pen appears in the frame, pointing towards the math problem."
      },
      {
        "timestamp": 3.0,
        "annotation": "The hand with the pen moves slightly downward, still pointing at the math problem."
      },
      {
        "timestamp": 4.0,
        "annotation": "The hand with the pen moves further downward, approaching the math problem."
      },
      {
        "timestamp": 5.0,
        "annotation": "The hand with the pen is now directly over the math problem, ready to write or indicate something."
      },
      {
        "timestamp": 6.0,
        "annotation": "The hand with the pen starts to write or indicate something on the whiteboard. The pen is now touching the board."
      },
      {
        "timestamp": 7.0,
        "annotation": "The hand with the pen is in the process of writing or indicating something. The pen is moving across the board."
      },
      {
        "timestamp": 8.0,
        "annotation": "The hand with the pen has drawn an arrow pointing to the '2' in the expression 2(2 + 2)."
      },
      {
        "timestamp": 9.0,
        "annotation": "The hand with the pen is still visible, but the arrow pointing to the '2' is clearly indicated. No further changes are noticeable."
      },
      {
        "timestamp": 10.0,
        "annotation": "The hand with the pen is pointing to the '2' in the expression '8 \u00f7 2(2 + 2)'. The pen is circling the '2'. No further changes are noticeable."
      },
      {
        "timestamp": 11.0,
        "annotation": "The hand with the pen is still pointing to the '2' in the expression '8 \u00f7 2(2 + 2)'. The pen is circling the '2'. No further changes are noticeable."
      },
      {
        "timestamp": 12.0,
        "annotation": "The hand with the pen is still pointing to the '2' in the expression '8 \u00f7 2(2 + 2)'. The pen is circling the '2'. No further changes are noticeable."
      },
      {
        "timestamp": 13.0,
        "annotation": "The hand with the pen is still pointing to the '2' in the expression '8 \u00f7 2(2 + 2)'. The pen is circling the '2'. No further changes are noticeable."
      },
      {
        "timestamp": 14.0,
        "annotation": "The hand with the pen is still pointing to the '2' in the expression '8 \u00f7 2(2 + 2)'. The pen is circling the '2'. No further changes are noticeable."
      },
      {
        "timestamp": 15.0,
        "annotation": "The hand with the pen is still pointing to the '2' in the expression '8 \u00f7 2(2 + 2)'. The pen is circling the '2'. No further changes are noticeable."
      },
      {
        "timestamp": 16.0,
        "annotation": "The hand with the pen is still pointing to the '2' in the expression '8 \u00f7 2(2 + 2)'. The pen is circling the '2'. No further changes are noticeable."
      },
      {
        "timestamp": 17.0,
        "annotation": "The hand with the pen is still pointing to the '2' in the expression '8 \u00f7 2(2 + 2)'. The pen is circling the '2'. No further changes are noticeable."
      },
      {
        "timestamp": 18.0,
        "annotation": "The hand with the pen is still pointing to the '2' in the expression '8 \u00f7 2(2 + 2)'. The pen is circling the '2'. No further changes are noticeable."
      },
      {
        "timestamp": 19.0,
        "annotation": "The hand with the pen is still pointing to the '2' in the expression '8 \u00f7 2(2 + 2)'. The pen is circling the '2'. No further changes are noticeable."
      },
      {
        "timestamp": 20.0,
        "annotation": "The hand with the pen is still pointing to the '2' in the expression '8 \u00f7 2(2 + 2)'. The pen is circling the '2'. No further changes are noticeable."
      },
      {
        "timestamp": 21.0,
        "annotation": "The hand with the pen is still pointing to the '2' in the expression '8 \u00f7 2(2 + 2)'. The pen is circling the '2'. No further changes are noticeable."
      },
      {
        "timestamp": 22.0,
        "annotation": "The hand with the pen is still pointing to the '2' in the expression '8 \u00f7 2(2 + 2)'. The pen is circling the '2'. No further changes are noticeable."
      },
      {
        "timestamp": 23.0,
        "annotation": "The hand with the pen is still pointing to the '2' in the expression '8 \u00f7 2(2 + 2)'. The pen is circling the '2'. No further changes are noticeable."
      },
      {
        "timestamp": 24.0,
        "annotation": "The hand with the pen is still pointing to the '2' in the expression '8 \u00f7 2(2 + 2)'. The pen is circling the '2'. No further changes are noticeable."
      },
      {
        "timestamp": 25.0,
        "annotation": "The hand with the pen is still pointing to the '2' in the expression '8 \u00f7 2(2 + 2)'. The pen is circling the '2'. No further changes are noticeable."
      },
      {
        "timestamp": 26.0,
        "annotation": "The hand with the pen is still pointing to the '2' in the expression '8 \u00f7 2(2 + 2)'. The pen is circling the '2'. No further changes are noticeable."
      },
      {
        "timestamp": 27.0,
        "annotation": "The hand with the pen is still pointing to the '2' in the expression '8 \u00f7 2(2 + 2)'. The pen is circling the '2'. No further changes are noticeable."
      },
      {
        "timestamp": 28.0,
        "annotation": "The hand with the pen is still pointing to the '2' in the expression '8 \u00f7 2(2 + 2)'. The pen is circling the '2'. No further changes are noticeable."
      }
    ],
    "whole_video_annotation": "The video appears to be an educational or explanatory clip focused on a viral math problem written on a whiteboard. The problem presented is \"8 \u00f7 2(2 + 2) = ?\". The video starts with the problem displayed on the whiteboard, accompanied by text indicating that 70% of people get this wrong and that it is a \"VIRAL MATH PROBLEM.\" The word \"PEMDAS\" is also written above the problem, suggesting that the explanation will involve the order of operations (Parentheses, Exponents, Multiplication and Division, Addition and Subtraction).\n\nThroughout the video, a hand holding a pen appears and interacts with the problem on the whiteboard. Initially, the hand points to the problem, and then it draws an arrow pointing to the '2' in the expression \"2(2 + 2).\" Subsequently, the hand circles the '2' in the expression \"8 \u00f7 2(2 + 2).\" This action seems to emphasize the importance of the order of operations in solving the problem correctly.\n\n### Answer to the Question:\nThe third step in the calculation process for the problem \"8 \u00f7 2(2 + 2)\" according to the order of operations (PEMDAS/BODMAS) is:\n\nC. Performing the addition of 2 + 2\n\nThis is because, following the order of operations, you first handle what is inside the parentheses.",
    "annotations_summary": "### Summary of the Video Descriptions\n\n**Frame-Level Descriptions:**\nThe video begins with a math problem written on a whiteboard: \"8 \u00f7 2(2 + 2) = ?\". The problem is labeled as a \"VIRAL MATH PROBLEM\" and notes that \"70% of people get this wrong.\" The acronym \"PEMDAS\" is written above the problem, indicating that the explanation will involve the order of operations.\n\nA hand holding a pen appears and interacts with the problem:\n- Initially, the hand points to the problem.\n- The hand then draws an arrow pointing to the '2' in the expression \"2(2 + 2)\".\n- Subsequently, the hand circles the '2' in the expression \"8 \u00f7 2(2 + 2),\" emphasizing the importance of the order of operations in solving the problem.\n\n**Video-Level Description:**\nThe video is an educational or explanatory clip focused on a viral math problem. It starts with the problem displayed on the whiteboard, accompanied by text indicating its viral nature and the common mistake rate. The word \"PEMDAS\" suggests that the explanation will involve the order of operations.\n\nThroughout the video, a hand holding a pen interacts with the problem, drawing attention to the '2' in the expression \"2(2 + 2)\" and then circling the '2' in \"8 \u00f7 2(2 + 2).\" This action highlights the significance of the order of operations in solving the problem correctly.\n\n### Answer to the Question:\nThe third step in the calculation process for the problem \"8 \u00f7 2(2 + 2)\" according to the order of operations (PEMDAS/BODMAS) is:\n\n**C. Performing the addition of 2 + 2**\n\nThis is because, following the order of operations, you first handle what is inside the parentheses."
  }
}