{
  "qid": "0742-0",
  "video_id": "LiP7IkD0-fk",
  "video_path": "videos\\0742_LiP7IkD0-fk.mp4",
  "main_question": "What is the value of x?",
  "sub_questions": "To better understand the video and determine the value of \\( x \\), consider the following sub-questions:\n\n1. **What is the context or equation involving \\( x \\) that is being discussed in the video?**\n   - Understanding the specific equation or context will help in identifying the value of \\( x \\).\n\n2. **Are there any given values or conditions that \\( x \\) must satisfy?**\n   - Knowing any constraints or additional information provided in the video can aid in solving for \\( x \\).\n\n3. **What methods or steps are used in the video to solve for \\( x \\)?**\n   - Following the steps or methods demonstrated in the video can lead to the correct value of \\( x \\).",
  "annotations": {
    "frame_annotations": [
      {
        "timestamp": 0.0,
        "annotation": "The image shows a slide with a mathematical problem asking for the value of 5x. The problem involves angles labeled as x\u00b0, 2x\u00b0, and 2x\u00b0. There are multiple-choice answers listed as A) 18, B) 25, C) 90, and D) No math during summer!"
      },
      {
        "timestamp": 0.97,
        "annotation": "A hand holding a pencil appears at the bottom of the frame, pointing towards the slide. No noticeable change in the slide content."
      },
      {
        "timestamp": 1.94,
        "annotation": "The pencil is now closer to the slide, pointing at the angle labeled x\u00b0. No change in the slide content."
      },
      {
        "timestamp": 2.9,
        "annotation": "The pencil is moving towards the angle labeled 2x\u00b0. No change in the slide content."
      },
      {
        "timestamp": 3.87,
        "annotation": "The pencil is now pointing at the angle labeled 2x\u00b0. No change in the slide content."
      },
      {
        "timestamp": 4.84,
        "annotation": "The pencil is moving away from the angle labeled 2x\u00b0. No change in the slide content."
      },
      {
        "timestamp": 5.81,
        "annotation": "The pencil is now pointing at the multiple-choice answers. No change in the slide content."
      },
      {
        "timestamp": 6.77,
        "annotation": "The pencil is moving towards the answer choice B) 25. No change in the slide content."
      },
      {
        "timestamp": 7.74,
        "annotation": "The pencil is now pointing at the answer choice B) 25. No change in the slide content."
      },
      {
        "timestamp": 8.71,
        "annotation": "The pencil is moving away from the answer choice B) 25. No change in the slide content."
      },
      {
        "timestamp": 9.68,
        "annotation": "The pencil is moving away from the answer choice B) 25. No change in the slide content."
      },
      {
        "timestamp": 10.64,
        "annotation": "The pencil is moving away from the answer choice B) 25. No change in the slide content."
      },
      {
        "timestamp": 11.61,
        "annotation": "The pencil is moving away from the answer choice B) 25. No change in the slide content."
      },
      {
        "timestamp": 12.58,
        "annotation": "The pencil is moving away from the answer choice B) 25. No change in the slide content."
      },
      {
        "timestamp": 13.55,
        "annotation": "The pencil is moving away from the answer choice B) 25. No change in the slide content."
      },
      {
        "timestamp": 14.51,
        "annotation": "The pencil is moving away from the answer choice B) 25. No change in the slide content."
      },
      {
        "timestamp": 15.48,
        "annotation": "The pencil is moving away from the answer choice B) 25. No change in the slide content."
      },
      {
        "timestamp": 16.45,
        "annotation": "The pencil is moving away from the answer choice B) 25. No change in the slide content."
      },
      {
        "timestamp": 17.42,
        "annotation": "The pencil is moving away from the answer choice B) 25. No change in the slide content."
      },
      {
        "timestamp": 18.39,
        "annotation": "The pencil is moving away from the answer choice B) 25. No change in the slide content."
      },
      {
        "timestamp": 19.35,
        "annotation": "The pencil is moving away from the answer choice B) 25. No change in the slide content."
      },
      {
        "timestamp": 20.32,
        "annotation": "The pencil is moving away from the answer choice B) 25. No change in the slide content. The tip of the pencil is now visible."
      },
      {
        "timestamp": 21.29,
        "annotation": "The pencil is moving away from the answer choice B) 25. No change in the slide content. The tip of the pencil is now visible and starts to write an x near answer choice A) 18."
      },
      {
        "timestamp": 22.26,
        "annotation": "The pencil has written an x near answer choice A) 18. No change in the slide content."
      },
      {
        "timestamp": 23.22,
        "annotation": "The pencil is moving away from the x near answer choice A) 18. No change in the slide content."
      },
      {
        "timestamp": 24.19,
        "annotation": "The pencil is writing x + 2x near answer choice A) 18. No change in the slide content."
      },
      {
        "timestamp": 25.16,
        "annotation": "The pencil has written x + 2x near answer choice A) 18. No change in the slide content."
      },
      {
        "timestamp": 26.13,
        "annotation": "The pencil is writing x + 2x + 2x near answer choice A) 18. No change in the slide content."
      },
      {
        "timestamp": 27.09,
        "annotation": "The pencil has written x + 2x + 2x = near answer choice A) 18. No change in the slide content."
      },
      {
        "timestamp": 28.06,
        "annotation": "The pencil has written x + 2x + 2x = 90 near answer choice A) 18. No change in the slide content."
      },
      {
        "timestamp": 29.03,
        "annotation": "The pencil is pointing at the equation x + 2x + 2x = 90 written near answer choice A) 18. No change in the slide content."
      },
      {
        "timestamp": 30.0,
        "annotation": "The pencil is still pointing at the equation x + 2x + 2x = 90. No change in the slide content."
      },
      {
        "timestamp": 30.96,
        "annotation": "The pencil is still pointing at the equation x + 2x + 2x = 90. No change in the slide content."
      },
      {
        "timestamp": 31.93,
        "annotation": "The pencil is still pointing at the equation x + 2x + 2x = 90. No change in the slide content."
      },
      {
        "timestamp": 32.9,
        "annotation": "The pencil starts to write 5x below the equation x + 2x + 2x = 90."
      },
      {
        "timestamp": 33.87,
        "annotation": "The pencil finishes writing 5x below the equation x + 2x + 2x = 90."
      },
      {
        "timestamp": 34.83,
        "annotation": "The pencil starts to write the equal sign and 90 next to 5x, forming the equation 5x = 90."
      },
      {
        "timestamp": 35.8,
        "annotation": "The pencil finishes writing the equation 5x = 90. The hand is now visible pointing at the equation."
      }
    ],
    "whole_video_annotation": "The video appears to be a presentation or tutorial where someone is solving a mathematical problem involving angles. Here's a short general description of what is happening:\n\nA slide displays a mathematical problem asking for the value of \\(5x\\), with angles labeled as \\(x\u00b0\\), \\(2x\u00b0\\), and \\(2x\u00b0\\). The slide also includes multiple-choice answers: A) 18, B) 25, C) 90, and D) No math during summer!\n\nA hand holding a pencil appears and points to different parts of the slide, specifically the angles and the multiple-choice answers. The pencil initially points to the angle labeled \\(x\u00b0\\), then moves to \\(2x\u00b0\\), and finally points to the multiple-choice answers. The pencil then moves towards answer choice B) 25 but ultimately writes an \"x\" near answer choice A) 18.\n\nThe hand then writes out the equation \\(x + 2x + 2x = 90\\) near answer choice A) 18, indicating that the sum of the angles is 90 degrees. The pencil then writes \\(5x\\) below this equation and completes the equation \\(5x = 90\\).\n\nThe hand points at the final equation \\(5x = 90\\), suggesting that this is the correct equation to solve for \\(x\\).\n\nTo find the value of \\(x\\), you would solve the equation \\(5x = 90\\):\n\n\\[ x = \\frac{90}{5} = 18 \\]\n\nSo, the value of \\(x\\) is 18.",
    "annotations_summary": "The video depicts a presentation or tutorial where a mathematical problem involving angles is solved. The slide shows a problem asking for the value of \\(5x\\) with angles labeled as \\(x\u00b0\\), \\(2x\u00b0\\), and \\(2x\u00b0\\), and multiple-choice answers: A) 18, B) 25, C) 90, and D) No math during summer!\n\nA hand holding a pencil appears and points to different parts of the slide, initially focusing on the angles and then the multiple-choice answers. The pencil moves towards answer choice B) 25 but ultimately writes an \"x\" near answer choice A) 18.\n\nThe hand then writes out the equation \\(x + 2x + 2x = 90\\) near answer choice A) 18, indicating that the sum of the angles is 90 degrees. The pencil completes the equation by writing \\(5x\\) below it, forming \\(5x = 90\\).\n\nThe hand points at the final equation \\(5x = 90\\), suggesting this is the correct equation to solve for \\(x\\). Solving \\(5x = 90\\) gives \\(x = 18\\).\n\nThus, the value of \\(x\\) is determined to be 18."
  }
}