{
  "qid": "0755-1",
  "video_id": "HsXS1Qt11cU",
  "video_path": "videos\\0755_HsXS1Qt11cU.mp4",
  "main_question": "What is the composition of the sponge shown in the video?",
  "sub_questions": "To better understand the video and answer the main question \"What is the composition of the sponge shown in the video?\", consider the following sub-questions:\n\n1. **What are the visual characteristics of the sponge in the video?**\n   - This will help identify any distinctive features that might indicate the type of sponge, such as color, texture, and structure.\n\n2. **Are there any labels, packaging, or context clues in the video that indicate the sponge's composition?**\n   - Sometimes, the packaging or labels on the sponge can provide information about its materials.\n\n3. **Does the video show any interactions with the sponge that might reveal its composition?**\n   - For example, does the sponge absorb water quickly, does it have a particular smell when wet, or does it react in any way that might give clues about its composition?",
  "annotations": {
    "frame_annotations": [
      {
        "timestamp": 0.0,
        "annotation": "A person is holding a sponge on a plate. The sponge appears to be a kitchen sponge. There are some icons floating above the person's head."
      },
      {
        "timestamp": 1.0,
        "annotation": "The person is still holding the sponge on the plate. The person's gaze is directed slightly to the side. No noticeable change from the previous frame."
      },
      {
        "timestamp": 2.0,
        "annotation": "The person picks up the sponge from the plate with their right hand."
      },
      {
        "timestamp": 3.0,
        "annotation": "The person brings the sponge closer to their face, appearing to smell it."
      },
      {
        "timestamp": 4.0,
        "annotation": "The person is now squeezing the sponge with both hands."
      },
      {
        "timestamp": 5.0,
        "annotation": "The scene changes to a kitchen sink. The person is holding a bottle of dish soap near the sink."
      },
      {
        "timestamp": 6.0,
        "annotation": "The person is pouring dish soap into the sink."
      },
      {
        "timestamp": 7.0,
        "annotation": "The person is holding the bottle of dish soap up to the camera, showing the brand and contents."
      },
      {
        "timestamp": 8.0,
        "annotation": "The person is tilting the bottle slightly, possibly to show the label better."
      },
      {
        "timestamp": 9.0,
        "annotation": "The person is looking at the camera with a slight smile, still holding the bottle of dish soap."
      },
      {
        "timestamp": 10.0,
        "annotation": "The person is still looking at the camera with a slight smile, still holding the bottle of dish soap."
      },
      {
        "timestamp": 11.0,
        "annotation": "The person is still looking at the camera with a slight smile, still holding the bottle of dish soap."
      },
      {
        "timestamp": 12.0,
        "annotation": "The person is still looking at the camera with a slight smile, still holding the bottle of dish soap."
      },
      {
        "timestamp": 13.0,
        "annotation": "The person is still looking at the camera with a slight smile, still holding the bottle of dish soap."
      },
      {
        "timestamp": 14.0,
        "annotation": "The person is still looking at the camera with a slight smile, still holding the bottle of dish soap."
      },
      {
        "timestamp": 15.0,
        "annotation": "The person is still looking at the camera with a slight smile, still holding the bottle of dish soap."
      },
      {
        "timestamp": 16.0,
        "annotation": "The person is still looking at the camera with a slight smile, still holding the bottle of dish soap."
      },
      {
        "timestamp": 17.0,
        "annotation": "The person is still looking at the camera with a slight smile, still holding the bottle of dish soap."
      }
    ],
    "whole_video_annotation": "The video appears to be a short demonstration or review involving a kitchen sponge and dish soap. Here's a brief summary of the content:\n\nA person starts by holding a kitchen sponge on a plate. They then pick up the sponge, bring it close to their face as if to smell it, and squeeze it with both hands. The scene transitions to a kitchen sink, where the person pours dish soap into the sink and then holds up the bottle of dish soap to the camera, showing the brand and contents. The person tilts the bottle slightly to better display the label and then looks at the camera with a slight smile while continuing to hold the bottle.\n\nRegarding the composition of the sponge, the video does not provide specific details about its materials or ingredients. Typically, kitchen sponges are made from a combination of materials such as cellulose (plant fibers), synthetic fibers (like polyester or nylon), and sometimes foam. They may also contain antimicrobial agents to prevent the growth of bacteria and mold. For precise information about the composition of the sponge shown in the video, additional context or specific product details would be needed.",
    "annotations_summary": "The video demonstrates a person interacting with a kitchen sponge and dish soap. Here's a brief summary:\n\n- **Initial Scene (0-4s):** The person holds a kitchen sponge on a plate, picks it up, brings it close to their face (possibly to smell it), and squeezes it with both hands.\n- **Transition to Sink (5-7s):** The scene changes to a kitchen sink, where the person pours dish soap into the sink and then holds up the bottle to the camera, showing the brand and contents.\n- **Final Pose (8-17s):** The person tilts the bottle slightly to better display the label and then looks at the camera with a slight smile while continuing to hold the bottle.\n\nThe video appears to be a short demonstration or review of kitchen cleaning products, focusing on a sponge and dish soap."
  }
}