{
  "qid": "0762-2",
  "video_id": "Jo7sfpeWqwE",
  "video_path": "videos\\0762_Jo7sfpeWqwE.mp4",
  "main_question": "Is the second boat made of paper, as indicated by its immediate sinking when stepped on?",
  "sub_questions": "To better understand the video and address the main question, consider the following sub-questions:\n\n1. **What material is the second boat constructed from?**\n   - This sub-question directly addresses the material composition of the second boat, which is crucial to determining if it is made of paper.\n\n2. **What happens when someone steps onto the second boat?**\n   - Observing the boat's reaction when someone steps onto it can provide evidence of its material properties and durability.\n\n3. **Are there any visual or contextual clues indicating the boat's fragility or construction method?**\n   - This sub-question helps in gathering additional information that might support or refute the hypothesis that the boat is made of paper, such as visible seams, texture, or any construction process shown in the video.",
  "annotations": {
    "frame_annotations": [
      {
        "timestamp": 0.0,
        "annotation": "A man is standing on a makeshift raft composed of suitcases and a wooden plank in a pool. Various icons are floating above: a water bottle, a book, a red couch, a teddy bear, and a guitar."
      },
      {
        "timestamp": 1.0,
        "annotation": "The man is stepping forward on the raft. No significant change in the surroundings or the raft's composition."
      },
      {
        "timestamp": 2.0,
        "annotation": "The man is extending his arms outward for balance as he continues to step forward. The raft remains stable."
      },
      {
        "timestamp": 3.0,
        "annotation": "The water bottle icon is now highlighted in green. The man is bending forward slightly, appearing to lose his balance. The raft starts to tilt."
      },
      {
        "timestamp": 4.0,
        "annotation": "The man is regaining his balance with his arms outstretched. The raft is leveling out again."
      },
      {
        "timestamp": 5.0,
        "annotation": "The book icon is now highlighted in red. The man is falling backward into the water. The raft begins to sink rapidly."
      },
      {
        "timestamp": 6.0,
        "annotation": "The man is underwater, and the raft is almost completely submerged. The wooden plank is visible above the water."
      },
      {
        "timestamp": 7.0,
        "annotation": "The man surfaces briefly, pushing off from the submerged raft. The raft is now fully underwater."
      },
      {
        "timestamp": 8.0,
        "annotation": "The man is swimming away from the sunk raft. The wooden plank is the only part of the raft visible above water."
      },
      {
        "timestamp": 9.0,
        "annotation": "The man is seen swimming further away from the completely submerged raft. The scene shows only the wooden plank and the man swimming."
      },
      {
        "timestamp": 10.0,
        "annotation": "The man is standing on a makeshift raft constructed from several guitars. The raft is partially submerged in water. The man appears to be balancing carefully on the raft."
      },
      {
        "timestamp": 11.0,
        "annotation": "The man is still standing on the guitar raft. He seems to be adjusting his balance or preparing to move. No significant change from the previous frame."
      },
      {
        "timestamp": 12.0,
        "annotation": "The man is now crouching down on the guitar raft. He appears to be stabilizing himself or perhaps trying to distribute his weight more evenly."
      },
      {
        "timestamp": 13.0,
        "annotation": "The man is still crouching on the guitar raft. He seems to be in the process of sitting down or adjusting his position. No significant change from the previous frame."
      },
      {
        "timestamp": 14.0,
        "annotation": "The man is now sitting on the guitar raft. He is surrounded by several large teddy bears that are also on the raft. The teddy bears were not present in the previous frames."
      },
      {
        "timestamp": 15.0,
        "annotation": "The man is still sitting on the guitar raft among the teddy bears. He appears to be interacting with one of the teddy bears, possibly arranging them."
      },
      {
        "timestamp": 16.0,
        "annotation": "The man is now standing up on the guitar raft again. The teddy bears are still present on the raft. The man seems to be preparing to step off the raft."
      },
      {
        "timestamp": 17.0,
        "annotation": "The man has stepped off the guitar raft and is now standing on a wooden plank that is partially submerged in the water. The guitar raft is behind him."
      },
      {
        "timestamp": 18.0,
        "annotation": "The man is still standing on the wooden plank. He appears to be looking down or adjusting his position on the plank."
      },
      {
        "timestamp": 19.0,
        "annotation": "The man is seen swimming further away from the completely submerged raft. The scene shows only the wooden plank and the man swimming."
      }
    ],
    "whole_video_annotation": "The video depicts a man navigating through a pool using various makeshift rafts composed of unusual items. Here's a general description of the sequence of events:\n\n1. **Initial Raft (Suitcases and Wooden Plank):**\n   - The man starts on a raft made of suitcases and a wooden plank.\n   - He attempts to step forward but loses his balance and falls into the water, causing the raft to sink.\n\n2. **Second Raft (Guitars):**\n   - The man surfaces and swims to a new raft constructed from several guitars.\n   - He carefully balances on the guitar raft, crouches down, and sits among several large teddy bears that appear on the raft.\n   - He stands up again and steps off the guitar raft onto a wooden plank.\n\n3. **Final Scene:**\n   - The man is seen swimming away from the submerged guitar raft, with only the wooden plank visible above water.\n\nRegarding the user's question: The second raft is not made of paper; it is made of guitars. The immediate sinking of the first raft is not due to it being made of paper but rather due to the man losing his balance and falling into the water, which causes the raft to become unstable and sink.",
    "annotations_summary": "The video shows a man navigating through a pool using makeshift rafts composed of unusual items. Here's a brief summary:\n\n1. **Initial Raft (Suitcases and Wooden Plank):**\n   - The man starts on a raft made of suitcases and a wooden plank.\n   - He attempts to step forward but loses his balance and falls into the water, causing the raft to sink rapidly.\n\n2. **Second Raft (Guitars):**\n   - The man swims to a new raft constructed from several guitars.\n   - He carefully balances on the guitar raft, crouches down, and sits among several large teddy bears that appear on the raft.\n   - He stands up again and steps off the guitar raft onto a wooden plank.\n\n3. **Final Scene:**\n   - The man is seen swimming away from the submerged guitar raft, with only the wooden plank visible above water.\n\nThroughout the video, various icons such as a water bottle, a book, a red couch, a teddy bear, and a guitar float above the scene, with some being highlighted at different moments."
  }
}