{
  "qid": "0777-1",
  "video_id": "LLo9u8GYUU0",
  "video_path": "videos\\0777_LLo9u8GYUU0.mp4",
  "main_question": "What is the total number of trick shots displayed in the images?",
  "sub_questions": "To better understand the video and answer the main question, here are three helpful sub-questions:\n\n1. **How many distinct trick shots are performed in the video?**\n   - This will help identify the unique trick shots rather than counting repetitions.\n\n2. **Are there any trick shots that are performed multiple times? If so, how many times?**\n   - This will help in accurately counting the total number of trick shots displayed.\n\n3. **Does the video include any segments that are not trick shots? If yes, how can they be distinguished from the trick shots?**\n   - This will ensure that only the relevant trick shot segments are counted.",
  "annotations": {
    "frame_annotations": [
      {
        "timestamp": 0.0,
        "annotation": "Two individuals are sitting on a couch in a living room. There are several cans and bottles arranged on the floor in front of them. The text '3 Months of Trick Shots' is displayed at the top. No noticeable change from the previous frame as this is the first frame."
      },
      {
        "timestamp": 1.0,
        "annotation": "One of the individuals is leaning forward, appearing to set up a trick shot with the cans and bottles. Noticeable change: The individual on the left is now leaning forward."
      },
      {
        "timestamp": 2.0,
        "annotation": "The individual on the left is in the process of performing a trick shot, with his arm extended towards the cans. Noticeable change: The individual's arm is extended, indicating the start of the trick shot."
      },
      {
        "timestamp": 3.0,
        "annotation": "The individual on the left is reacting, possibly in surprise or excitement, with his mouth open and arms raised. Noticeable change: The individual's expression and posture have changed, suggesting a successful or failed trick shot."
      },
      {
        "timestamp": 4.0,
        "annotation": "A single individual is lying on the floor in a different room. There is a long line of cups filled with liquid, arranged in a straight line in front of him. The text '9 Months of Trick Shots' is displayed at the top. Noticeable change: The scene has changed to a different room with a new setup for trick shots."
      },
      {
        "timestamp": 5.0,
        "annotation": "The individual is in the process of releasing an orange ball down the line of cups. Noticeable change: The individual's hand is in motion, releasing the ball."
      },
      {
        "timestamp": 6.0,
        "annotation": "The orange ball is mid-air, moving down the line of cups. Noticeable change: The ball is now in mid-air, indicating the trick shot is in progress."
      },
      {
        "timestamp": 7.0,
        "annotation": "The orange ball is continuing its path down the line of cups. Noticeable change: The ball is further along the line of cups."
      },
      {
        "timestamp": 8.0,
        "annotation": "The orange ball is nearing the end of the line of cups. Noticeable change: The ball is closer to the end of the cup line."
      },
      {
        "timestamp": 9.0,
        "annotation": "The individual is reacting with excitement, lying on his back with arms raised. The trick shot appears to be successful. Noticeable change: The individual's posture has changed to a celebratory stance."
      },
      {
        "timestamp": 10.0,
        "annotation": "The ball is in mid-air, approaching a trash can on a grassy field. The background shows a sports field with players and a stadium. Noticeable change: The ball is now visible in the frame, moving towards the trash can."
      },
      {
        "timestamp": 11.0,
        "annotation": "The ball is closer to the trash can, still in mid-air. Noticeable change: The ball has moved closer to the trash can."
      },
      {
        "timestamp": 12.0,
        "annotation": "The ball has entered the trash can. Noticeable change: The ball is now inside the trash can."
      },
      {
        "timestamp": 13.0,
        "annotation": "The ball is inside the trash can, and the individual is sitting on a couch in an indoor setting, holding a stick with a ball on top. Noticeable change: The scene has changed to an indoor setting with a different trick shot setup."
      },
      {
        "timestamp": 14.0,
        "annotation": "The individual is raising his arms in excitement, still sitting on the couch. Noticeable change: The individual's posture has changed to a celebratory stance."
      },
      {
        "timestamp": 15.0,
        "annotation": "The individual is standing on the stick with the ball, balancing himself. Noticeable change: The individual has stood up on the stick."
      },
      {
        "timestamp": 16.0,
        "annotation": "The individual is still balancing on the stick, with multiple sticks and balls on the floor. Noticeable change: Additional sticks and balls are visible on the floor."
      },
      {
        "timestamp": 17.0,
        "annotation": "Two individuals are sitting on a couch in an indoor setting, surrounded by red and white cups on the floor. Noticeable change: The scene has changed to show two individuals preparing for a trick shot involving cups."
      },
      {
        "timestamp": 18.0,
        "annotation": "The setup with the cups remains the same. Noticeable change: No significant change from the previous frame."
      },
      {
        "timestamp": 19.0,
        "annotation": "The setup with the cups remains the same. Noticeable change: No significant change from the previous frame."
      },
      {
        "timestamp": 20.0,
        "annotation": "Two individuals are sitting on a couch in a living room. Several red cups are scattered on the floor in front of them. Noticeable change: No significant change from the previous frame."
      },
      {
        "timestamp": 21.0,
        "annotation": "The scene remains the same with the two individuals sitting on the couch and red cups on the floor. Noticeable change: No significant change from the previous frame."
      },
      {
        "timestamp": 22.0,
        "annotation": "The scene remains the same with the two individuals sitting on the couch and red cups on the floor. Noticeable change: No significant change from the previous frame."
      },
      {
        "timestamp": 23.0,
        "annotation": "The scene remains the same with the two individuals sitting on the couch and red cups on the floor. Noticeable change: No significant change from the previous frame."
      },
      {
        "timestamp": 24.0,
        "annotation": "The scene remains the same with the two individuals sitting on the couch and red cups on the floor. Noticeable change: No significant change from the previous frame."
      },
      {
        "timestamp": 25.0,
        "annotation": "The scene remains the same with the two individuals sitting on the couch and red cups on the floor. Noticeable change: No significant change from the previous frame."
      },
      {
        "timestamp": 26.0,
        "annotation": "The scene remains the same with the two individuals sitting on the couch and red cups on the floor. Noticeable change: No significant change from the previous frame."
      },
      {
        "timestamp": 27.0,
        "annotation": "The scene remains the same with the two individuals sitting on the couch and red cups on the floor. Noticeable change: No significant change from the previous frame."
      },
      {
        "timestamp": 28.0,
        "annotation": "The scene changes as the two individuals are now reacting excitedly, possibly after completing a trick shot. Noticeable change: The individuals' expressions and body language have changed, indicating excitement."
      },
      {
        "timestamp": 29.0,
        "annotation": "The scene changes as the two individuals are now sitting on a couch with a soccer ball balanced on a bottle. Noticeable change: The setup has changed to include a soccer ball and a bottle, indicating a different trick shot."
      },
      {
        "timestamp": 30.0,
        "annotation": "The scene changes as a person is lying on the floor with a setup of ping pong balls, cardboard pieces, and cans. Noticeable change: The setup has changed to include ping pong balls, cardboard pieces, and cans, indicating a different trick shot."
      },
      {
        "timestamp": 31.0,
        "annotation": "The person is still lying on the floor with the same setup of ping pong balls, cardboard pieces, and cans. Noticeable change: No significant change from the previous frame."
      },
      {
        "timestamp": 32.0,
        "annotation": "The person is still lying on the floor with the same setup of ping pong balls, cardboard pieces, and cans. Noticeable change: No significant change from the previous frame."
      },
      {
        "timestamp": 33.0,
        "annotation": "The person is still lying on the floor with the same setup of ping pong balls, cardboard pieces, and cans. Noticeable change: No significant change from the previous frame."
      },
      {
        "timestamp": 34.0,
        "annotation": "The person is still lying on the floor with the same setup of ping pong balls, cardboard pieces, and cans. Noticeable change: No significant change from the previous frame."
      },
      {
        "timestamp": 35.0,
        "annotation": "The person is still lying on the floor with the same setup of ping pong balls, cardboard pieces, and cans. Noticeable change: No significant change from the previous frame."
      },
      {
        "timestamp": 36.0,
        "annotation": "The scene changes to two individuals in a living room. One is standing with a baseball bat and a piece of paper on the floor. Noticeable change: The setup has changed to include a baseball bat and a piece of paper, indicating a different trick shot."
      },
      {
        "timestamp": 37.0,
        "annotation": "The person with the baseball bat is in the process of swinging it towards the paper on the floor. Noticeable change: The person is in motion, preparing to hit the paper."
      },
      {
        "timestamp": 38.0,
        "annotation": "The person has swung the baseball bat and appears to have hit the paper, which is now in the air. Noticeable change: The paper is in the air, indicating the trick shot is in progress."
      },
      {
        "timestamp": 39.0,
        "annotation": "The scene changes to two individuals in a living room. One is standing with a skateboard and a balloon on a dartboard. Noticeable change: The setup has changed to include a skateboard and a balloon on a dartboard, indicating a different trick shot."
      },
      {
        "timestamp": 40.0,
        "annotation": "Two individuals are in a living room. One is standing on a ladder with a pink object on his head, while the other is sitting on a couch. There are colorful sticky notes scattered on the floor. Noticeable change: The scene has changed from the previous annotation to a living room setup with a ladder and sticky notes."
      },
      {
        "timestamp": 41.0,
        "annotation": "The individual on the ladder is adjusting the pink object on his head. The other person on the couch appears to be watching attentively. Noticeable change: The person on the ladder is now adjusting the pink object."
      },
      {
        "timestamp": 42.0,
        "annotation": "The individual on the ladder is in the process of jumping off while the pink object falls towards the sticky notes below. Noticeable change: The person on the ladder is jumping off, and the pink object is in mid-air."
      },
      {
        "timestamp": 43.0,
        "annotation": "The individual who was on the ladder is now in mid-air, and the pink object is falling towards the sticky notes. Noticeable change: The person is fully in mid-air, and the pink object is closer to the sticky notes."
      },
      {
        "timestamp": 44.0,
        "annotation": "The scene changes to a different room with two individuals near a ping pong table. One person is preparing to hit a ball towards a red cup balanced on a cone. Noticeable change: The scene has changed to a different room with a ping pong table setup."
      },
      {
        "timestamp": 45.0,
        "annotation": "The individual is in the process of kicking the ball towards the red cup. Noticeable change: The person is now kicking the ball."
      },
      {
        "timestamp": 46.0,
        "annotation": "The ball is in mid-air heading towards the red cup. Noticeable change: The ball is now in mid-air."
      },
      {
        "timestamp": 47.0,
        "annotation": "The scene changes to an outdoor setting with two individuals sitting on chairs in front of a garage. A bicycle wheel with a bottle on it is in the foreground. Noticeable change: The scene has changed to an outdoor setting with a bicycle wheel and bottle setup."
      },
      {
        "timestamp": 48.0,
        "annotation": "The bottle on the bicycle wheel is now tilted, indicating movement. Noticeable change: The bottle on the bicycle wheel is tilted."
      },
      {
        "timestamp": 49.0,
        "annotation": "Both individuals are standing up, appearing to react to the bottle falling off the bicycle wheel. Noticeable change: Both individuals are now standing and reacting to the bottle falling."
      },
      {
        "timestamp": 50.0,
        "annotation": "Both individuals are standing up, appearing to react to the bottle falling off the bicycle wheel. Noticeable change: Both individuals are now standing and reacting to the bottle falling."
      },
      {
        "timestamp": 51.0,
        "annotation": "Both individuals are still standing and reacting to the bottle falling off the bicycle wheel. Noticeable change: No significant change from the previous frame."
      },
      {
        "timestamp": 52.0,
        "annotation": "Both individuals continue to stand and react to the bottle falling off the bicycle wheel. Noticeable change: No significant change from the previous frame."
      },
      {
        "timestamp": 53.0,
        "annotation": "Both individuals are still standing and reacting to the bottle falling off the bicycle wheel. Noticeable change: No significant change from the previous frame."
      },
      {
        "timestamp": 54.0,
        "annotation": "Both individuals remain standing and reacting to the bottle falling off the bicycle wheel. Noticeable change: No significant change from the previous frame."
      },
      {
        "timestamp": 55.0,
        "annotation": "Both individuals are still standing and reacting to the bottle falling off the bicycle wheel. Noticeable change: No significant change from the previous frame."
      },
      {
        "timestamp": 56.0,
        "annotation": "Both individuals continue to stand and react to the bottle falling off the bicycle wheel. Noticeable change: No significant change from the previous frame."
      },
      {
        "timestamp": 57.0,
        "annotation": "Both individuals are still standing and reacting to the bottle falling off the bicycle wheel. Noticeable change: No significant change from the previous frame."
      },
      {
        "timestamp": 58.0,
        "annotation": "Both individuals remain standing and reacting to the bottle falling off the bicycle wheel. Noticeable change: No significant change from the previous frame."
      },
      {
        "timestamp": 59.0,
        "annotation": "Both individuals are still standing and reacting to the bottle falling off the bicycle wheel. Noticeable change: No significant change from the previous frame."
      }
    ],
    "whole_video_annotation": "The video appears to be a compilation of various trick shots performed by individuals in different settings. The trick shots involve a variety of objects such as cans, bottles, cups, balls, and other household items. The individuals are seen setting up and executing these trick shots, often reacting with excitement or surprise upon completion.\n\n### General Description:\nThe video showcases a series of trick shots performed by one or more individuals in various indoor and outdoor settings. The trick shots involve creative use of everyday objects like cans, bottles, cups, balls, and more. The individuals set up these objects in specific arrangements and then perform actions to achieve the trick shots, often resulting in successful outcomes that elicit reactions of excitement or surprise.\n\n### Total Number of Trick Shots:\nBased on the frames provided, there are at least 8 distinct trick shots displayed:\n\n1. **Frames 0-3**: Trick shot involving cans and bottles on the floor.\n2. **Frames 4-9**: Trick shot with an orange ball and a line of cups.\n3. **Frames 10-12**: Trick shot involving a ball and a trash can on a sports field.\n4. **Frames 13-16**: Trick shot involving balancing on a stick with a ball.\n5. **Frames 17-28**: Trick shot involving red and white cups on the floor.\n6. **Frames 29**: Trick shot with a soccer ball balanced on a bottle.\n7. **Frames 30-35**: Trick shot involving ping pong balls, cardboard pieces, and cans.\n8. **Frames 36-38**: Trick shot with a baseball bat and a piece of paper.\n9. **Frames 39**: Trick shot with a skateboard and a balloon on a dartboard.\n10. **Frames 40-43**: Trick shot involving a person jumping off a ladder with a pink object.\n11. **Frames 44-46**: Trick shot with a ping pong ball and a red cup balanced on a cone.\n12. **Frames 47-59**: Trick shot with a bicycle wheel and a bottle.\n\nTherefore, the total number of trick shots displayed in the images is 12.",
    "annotations_summary": "The video is a compilation of various trick shots performed by individuals in different indoor and outdoor settings. Here is a brief summary of the trick shots described:\n\n1. **Cans and Bottles Trick Shot (0-3s)**:\n   - Two individuals set up and perform a trick shot using cans and bottles arranged on the floor in a living room.\n\n2. **Orange Ball and Cups Trick Shot (4-9s)**:\n   - An individual lies on the floor and releases an orange ball down a line of cups filled with liquid, successfully navigating the ball through the cups.\n\n3. **Ball and Trash Can Trick Shot (10-12s)**:\n   - A ball is shown in mid-air, approaching and eventually entering a trash can on a grassy sports field.\n\n4. **Balancing on a Stick Trick Shot (13-16s)**:\n   - An individual balances on a stick with a ball on top, standing up and maintaining balance despite additional sticks and balls on the floor.\n\n5. **Red and White Cups Trick Shot (17-28s)**:\n   - Two individuals set up and perform a trick shot involving red and white cups scattered on the floor in an indoor setting.\n\n6. **Soccer Ball on a Bottle Trick Shot (29s)**:\n   - Two individuals sit on a couch with a soccer ball balanced on a bottle, preparing for a trick shot.\n\n7. **Ping Pong Balls and Cans Trick Shot (30-35s)**:\n   - A person lies on the floor with a setup of ping pong balls, cardboard pieces, and cans, preparing for a trick shot.\n\n8. **Baseball Bat and Paper Trick Shot (36-38s)**:\n   - An individual swings a baseball bat to hit a piece of paper on the floor, sending it into the air.\n\n9. **Skateboard and Balloon Trick Shot (39s)**:\n   - Two individuals set up a trick shot with a skateboard and a balloon on a dartboard.\n\n10. **Ladder and Pink Object Trick Shot (40-43s)**:\n    - An individual jumps off a ladder while a pink object falls towards sticky notes on the floor.\n\n11. **Ping Pong Ball and Red Cup Trick Shot (44-46s)**:\n    - An individual kicks a ping pong ball towards a red cup balanced on a cone.\n\n12. **Bicycle Wheel and Bottle Trick Shot (47-59s)**:\n    - Two individuals react to a bottle falling off a spinning bicycle wheel in an outdoor setting.\n\nThe video captures the creativity and excitement of performing trick shots using everyday objects, with individuals reacting enthusiastically to the outcomes."
  }
}