{
  "qid": "0790-1",
  "video_id": "HPoyer1Ix-o",
  "video_path": "videos\\0790_HPoyer1Ix-o.mp4",
  "main_question": "What adjustment is needed to make the blue tube visible through the transparent sheet?",
  "sub_questions": "To better understand the video and address the main question, consider the following sub-questions:\n\n1. **What is the current visibility issue with the blue tube through the transparent sheet?**\n   - Is the blue tube completely invisible, or is it partially obscured?\n   - Are there any specific conditions (e.g., lighting, angle) under which the tube is more or less visible?\n\n2. **What are the properties of the transparent sheet that might be affecting visibility?**\n   - Is the sheet made of a material that has any inherent tint or distortion?\n   - Are there any patterns, textures, or coatings on the sheet that could be interfering with visibility?\n\n3. **What adjustments have been attempted so far, and what were the results?**\n   - Have changes in lighting, angle, or position been tried?\n   - Have any modifications been made to the transparent sheet or the blue tube itself, and what were the outcomes?",
  "annotations": {
    "frame_annotations": [
      {
        "timestamp": 0.0,
        "annotation": "Four colored tubes (red, green, blue, and black) are arranged in a cross shape."
      },
      {
        "timestamp": 1.0,
        "annotation": "A hand appears, holding a transparent sheet above the tubes. The blue tube is partially obscured by the sheet."
      },
      {
        "timestamp": 2.0,
        "annotation": "The hand moves the transparent sheet closer to the tubes, further obscuring the blue tube."
      },
      {
        "timestamp": 3.0,
        "annotation": "The transparent sheet is now directly above the blue tube, completely obscuring it from view."
      },
      {
        "timestamp": 4.0,
        "annotation": "The hand adjusts the transparent sheet slightly, but the blue tube remains obscured."
      },
      {
        "timestamp": 5.0,
        "annotation": "The hand lifts the transparent sheet slightly, revealing a small portion of the blue tube."
      },
      {
        "timestamp": 6.0,
        "annotation": "The transparent sheet is lifted higher, making the blue tube more visible."
      },
      {
        "timestamp": 7.0,
        "annotation": "The blue tube is now fully visible as the transparent sheet is lifted above it."
      },
      {
        "timestamp": 8.0,
        "annotation": "The hand repositions the transparent sheet above the red and green tubes, leaving the blue tube fully visible."
      },
      {
        "timestamp": 9.0,
        "annotation": "The transparent sheet is held steady above the red and green tubes, with the blue tube completely visible underneath."
      },
      {
        "timestamp": 10.0,
        "annotation": "The transparent sheet is held steady above the red and green tubes, with the blue tube completely visible underneath. No change from the previous frame."
      },
      {
        "timestamp": 11.0,
        "annotation": "The transparent sheet is lifted slightly, revealing a small portion of the blue tube underneath. The red and green tubes remain steady."
      },
      {
        "timestamp": 12.0,
        "annotation": "The transparent sheet is lifted higher, revealing more of the blue tube. The red and green tubes are still in the same position."
      },
      {
        "timestamp": 13.0,
        "annotation": "The transparent sheet is lifted even higher, making most of the blue tube visible. The red and green tubes remain unchanged."
      },
      {
        "timestamp": 14.0,
        "annotation": "The transparent sheet is lifted to the point where the blue tube is almost fully visible. The red and green tubes are still steady."
      },
      {
        "timestamp": 15.0,
        "annotation": "The transparent sheet is lifted higher, and the blue tube is now fully visible. The red and green tubes remain in the same position."
      },
      {
        "timestamp": 16.0,
        "annotation": "The transparent sheet is lifted even higher, and the blue tube is completely visible. The red and green tubes are still unchanged."
      },
      {
        "timestamp": 17.0,
        "annotation": "The transparent sheet is lifted to its highest point, and the blue tube is fully visible underneath. The red and green tubes remain steady."
      },
      {
        "timestamp": 18.0,
        "annotation": "The transparent sheet starts to be lowered back down, partially obscuring the blue tube again. The red and green tubes are still in the same position."
      },
      {
        "timestamp": 19.0,
        "annotation": "The transparent sheet is lowered further, obscuring more of the blue tube. The red and green tubes remain unchanged."
      },
      {
        "timestamp": 20.0,
        "annotation": "The transparent sheet is lowered further, obscuring more of the blue tube. The red and green tubes remain unchanged."
      },
      {
        "timestamp": 21.0,
        "annotation": "The transparent sheet continues to lower, obscuring even more of the blue tube. The red and green tubes remain in the same position."
      },
      {
        "timestamp": 22.0,
        "annotation": "The transparent sheet is now almost completely obscuring the blue tube. The red and green tubes are still unchanged."
      },
      {
        "timestamp": 23.0,
        "annotation": "The transparent sheet fully obscures the blue tube. The red and green tubes remain in their original positions."
      },
      {
        "timestamp": 24.0,
        "annotation": "The transparent sheet remains in the same position, fully obscuring the blue tube. The red and green tubes are unchanged."
      },
      {
        "timestamp": 25.0,
        "annotation": "The transparent sheet is still in the same position, fully obscuring the blue tube. The red and green tubes remain unchanged."
      },
      {
        "timestamp": 26.0,
        "annotation": "The transparent sheet continues to fully obscure the blue tube. The red and green tubes are still in their original positions."
      },
      {
        "timestamp": 27.0,
        "annotation": "The transparent sheet is still fully obscuring the blue tube. The red and green tubes remain unchanged."
      },
      {
        "timestamp": 28.0,
        "annotation": "The transparent sheet is lifted slightly, revealing a small portion of the blue tube. The red and green tubes are still in their original positions."
      },
      {
        "timestamp": 29.0,
        "annotation": "The transparent sheet is tilted at a 45-degree angle, revealing more of the blue tube. The red and green tubes remain unchanged."
      },
      {
        "timestamp": 30.0,
        "annotation": "The transparent sheet is tilted at a 45-degree angle, revealing more of the blue tube. The red and green tubes remain unchanged. No noticeable change from the previous frame."
      },
      {
        "timestamp": 31.0,
        "annotation": "The transparent sheet continues to be tilted at a 45-degree angle. The blue tube is still partially visible. No noticeable change from the previous frame."
      },
      {
        "timestamp": 32.0,
        "annotation": "The transparent sheet remains at the same angle. The blue tube is still partially visible. No noticeable change from the previous frame."
      },
      {
        "timestamp": 33.0,
        "annotation": "The transparent sheet starts to lower slightly, beginning to obscure the blue tube. The red and green tubes remain unchanged."
      },
      {
        "timestamp": 34.0,
        "annotation": "The transparent sheet is now almost parallel to the surface, largely obscuring the blue tube. The red and green tubes remain unchanged."
      },
      {
        "timestamp": 35.0,
        "annotation": "The transparent sheet is parallel to the surface, completely obscuring the blue tube. The red and green tubes remain unchanged."
      }
    ],
    "whole_video_annotation": "In the video, a hand manipulates a transparent sheet above a cross-shaped arrangement of four colored tubes (red, green, blue, and black). The primary focus is on the blue tube, which is initially obscured by the transparent sheet. The hand moves the sheet in various ways\u2014lifting, lowering, and tilting it\u2014to either obscure or reveal the blue tube. The red and green tubes remain mostly unchanged and serve as reference points throughout the video. The adjustments made to the transparent sheet determine the visibility of the blue tube.",
    "annotations_summary": "The video features a hand manipulating a transparent sheet above a cross-shaped arrangement of four colored tubes: red, green, blue, and black. The primary action involves the blue tube, which is initially obscured by the transparent sheet. Throughout the video, the hand lifts, lowers, and tilts the sheet to either obscure or reveal the blue tube, while the red and green tubes remain mostly unchanged and serve as reference points. The visibility of the blue tube is determined by the adjustments made to the transparent sheet."
  }
}