{
  "qid": "0794-7",
  "video_id": "pxtbNUqh3Sc",
  "video_path": "videos\\0794_pxtbNUqh3Sc.mp4",
  "main_question": "Who is the 'friend' mentioned in the caption?\nA. The white cat leaving quickly at the beginning of the video.\nB. The white cat leading another along a narrow ledge.\nC. The cat with a black spot on its ear.\nD. The balck dog.",
  "sub_questions": "To better understand the video and determine who the 'friend' mentioned in the caption is, consider the following sub-questions:\n\n1. **What animals appear in the video?**\n   - Identifying the types of animals present will help narrow down the options. For example, if only cats are seen, options involving a dog can be ruled out.\n\n2. **What are the distinguishing features of the cats in the video?**\n   - Pay attention to details such as color, markings, and any unique features like a black spot on the ear. This will help match the descriptions given in the options.\n\n3. **What actions do the animals perform in the video?**\n   - Note the behaviors and interactions between the animals. For instance, observe if there is a cat leading another along a narrow ledge or if a cat is leaving quickly at the beginning of the video. This will help correlate the actions with the options provided.",
  "annotations": {
    "frame_annotations": [
      {
        "timestamp": 0.0,
        "annotation": "The video starts with an empty narrow ledge. The background shows a building with a corrugated roof and a green door."
      },
      {
        "timestamp": 1.0,
        "annotation": "The scene remains the same as the previous frame. The narrow ledge is still empty."
      },
      {
        "timestamp": 2.0,
        "annotation": "The scene remains the same as the previous frame. The narrow ledge is still empty."
      },
      {
        "timestamp": 3.0,
        "annotation": "A white cat appears on the narrow ledge, walking towards the camera."
      },
      {
        "timestamp": 4.0,
        "annotation": "The white cat continues walking along the narrow ledge."
      },
      {
        "timestamp": 5.0,
        "annotation": "The white cat is now further along the ledge, moving away from the camera."
      },
      {
        "timestamp": 6.0,
        "annotation": "The white cat is seen from above, continuing to move along the ledge. Another cat with a black spot on its ear appears in the background, sitting on a higher platform."
      },
      {
        "timestamp": 7.0,
        "annotation": "The white cat is now out of frame, and the view focuses on the cat with the black spot on its ear, which is looking down at the ledge."
      },
      {
        "timestamp": 8.0,
        "annotation": "The cat with the black spot on its ear is still looking down, seemingly observing the ledge."
      },
      {
        "timestamp": 9.0,
        "annotation": "The cat with the black spot on its ear is still in the same position, continuing to look down at the ledge."
      },
      {
        "timestamp": 10.0,
        "annotation": "The cat with the black spot on its ear is still in the same position, continuing to look down at the ledge. The view is from the cat's perspective, showing the tiled ground below."
      },
      {
        "timestamp": 11.0,
        "annotation": "The cat with the black spot on its ear remains in the same position, looking down at the ledge. The view is still from the cat's perspective, showing the tiled ground below."
      },
      {
        "timestamp": 12.0,
        "annotation": "The cat with the black spot on its ear is still in the same position, continuing to look down at the ledge. The view is from the cat's perspective, showing the tiled ground below."
      },
      {
        "timestamp": 13.0,
        "annotation": "The cat with the black spot on its ear is still in the same position, looking down at the ledge. The view is from the cat's perspective, showing the tiled ground below. A black dog appears at the edge of the frame, looking down."
      },
      {
        "timestamp": 14.0,
        "annotation": "The cat with the black spot on its ear is still in the same position, looking down at the ledge. The view is from the cat's perspective, showing the tiled ground below. The black dog is now more visible, standing on the ledge."
      },
      {
        "timestamp": 15.0,
        "annotation": "The cat with the black spot on its ear is still in the same position, looking down at the ledge. The view is from the cat's perspective, showing the tiled ground below. The black dog is walking along the ledge."
      },
      {
        "timestamp": 16.0,
        "annotation": "The cat with the black spot on its ear is still in the same position, looking down at the ledge. The view is from the cat's perspective, showing the tiled ground below. The black dog is now joined by an orange and white dog, both walking along the ledge."
      },
      {
        "timestamp": 17.0,
        "annotation": "The cat with the black spot on its ear is still in the same position, looking down at the ledge. The view is from the cat's perspective, showing the tiled ground below. The black dog and the orange and white dog are continuing to walk along the ledge."
      }
    ],
    "whole_video_annotation": "The video depicts a sequence of events on a narrow ledge in front of a building with a corrugated roof and a green door. Initially, the ledge is empty. A white cat appears and walks along the ledge, moving out of the frame. Another cat, distinguishable by a black spot on its ear, appears on a higher platform and looks down at the ledge. Later, a black dog and an orange and white dog appear on the ledge, walking together. The cat with the black spot on its ear continues to observe the ledge from its elevated position throughout the scene.\n\nGiven the context, the \"friend\" mentioned in the caption is likely the cat with the black spot on its ear, as it is the one observing the actions on the ledge, including the appearance of the dogs.\n\nSo the answer is:\nC. The cat with a black spot on its ear.",
    "annotations_summary": "The video shows a narrow ledge in front of a building with a corrugated roof and a green door. Initially, the ledge is empty. A white cat walks along the ledge and moves out of frame. A second cat, identifiable by a black spot on its ear, appears on a higher platform and watches the ledge intently. Later, a black dog and an orange and white dog appear on the ledge, walking together. The cat with the black spot on its ear continues to observe the ledge throughout the scene."
  }
}