{
  "qid": "0794-3",
  "video_id": "pxtbNUqh3Sc",
  "video_path": "videos\\0794_pxtbNUqh3Sc.mp4",
  "main_question": "Is the 'friend' in the caption the black dog?",
  "sub_questions": "To better understand the video and determine if the 'friend' in the caption refers to the black dog, consider the following sub-questions:\n\n1. **What is the context of the video?**\n   - Are there any other animals or people present in the video that could be referred to as a 'friend'?\n\n2. **How does the black dog interact with others in the video?**\n   - Does the black dog show signs of friendship or companionship with another character in the video?\n\n3. **Are there any textual or visual cues that clarify the identity of the 'friend'?**\n   - Does the caption or any other text in the video provide additional context?\n   - Are there any visual elements, such as captions or graphics, that indicate who the 'friend' is?",
  "annotations": {
    "frame_annotations": [
      {
        "timestamp": 0.0,
        "annotation": "The video starts with a view of a narrow concrete ledge. The ledge is adjacent to a building with a corrugated metal roof and a green door. There is no noticeable change from the previous frame as this is the first frame."
      },
      {
        "timestamp": 1.0,
        "annotation": "The view remains the same as the previous frame, showing the narrow concrete ledge and the building. There is no noticeable change from the previous frame."
      },
      {
        "timestamp": 2.0,
        "annotation": "The view remains the same as the previous frame, showing the narrow concrete ledge and the building. There is no noticeable change from the previous frame."
      },
      {
        "timestamp": 3.0,
        "annotation": "The view remains the same as the previous frame, showing the narrow concrete ledge and the building. There is no noticeable change from the previous frame."
      },
      {
        "timestamp": 4.0,
        "annotation": "The view remains the same as the previous frame, showing the narrow concrete ledge and the building. There is no noticeable change from the previous frame."
      },
      {
        "timestamp": 5.0,
        "annotation": "A white cat appears on the ledge, walking towards the camera. This is the first noticeable change, as an animal has entered the frame."
      },
      {
        "timestamp": 6.0,
        "annotation": "The cat continues to walk along the ledge, moving closer to the camera. The cat's movement is the noticeable change from the previous frame."
      },
      {
        "timestamp": 7.0,
        "annotation": "The cat is now closer to the camera, and its full body is visible on the ledge. The cat's position has changed noticeably from the previous frame."
      },
      {
        "timestamp": 8.0,
        "annotation": "The cat is now at the edge of the ledge, looking down. This is a noticeable change as the cat's orientation and position have shifted."
      },
      {
        "timestamp": 9.0,
        "annotation": "The cat is now lying down on the ledge, looking downwards. This is a noticeable change from the previous frame as the cat's posture has changed."
      },
      {
        "timestamp": 10.0,
        "annotation": "The scene is from a dog's perspective, looking down at a tiled surface. There is no noticeable change from the previous frame as it was not provided."
      },
      {
        "timestamp": 11.0,
        "annotation": "The scene remains the same as the previous frame, with the dog's perspective looking down at the tiled surface. No noticeable change."
      },
      {
        "timestamp": 12.0,
        "annotation": "The scene remains the same as the previous frame, with the dog's perspective looking down at the tiled surface. No noticeable change."
      },
      {
        "timestamp": 13.0,
        "annotation": "The scene remains the same as the previous frame, with the dog's perspective looking down at the tiled surface. No noticeable change."
      },
      {
        "timestamp": 14.0,
        "annotation": "The scene changes as a black cat appears at the edge of the tiles, looking down. This is a noticeable change from the previous frames."
      },
      {
        "timestamp": 15.0,
        "annotation": "An orange and white dog appears on the tiles, walking towards the black cat. This is a noticeable change from the previous frame."
      },
      {
        "timestamp": 16.0,
        "annotation": "The orange and white dog continues to walk towards the black cat, which is now more visible. No noticeable change in the dogs' positions compared to the previous frame."
      },
      {
        "timestamp": 17.0,
        "annotation": "The orange and white dog is now closer to the black cat, which is still at the edge of the tiles. No noticeable change in the dogs' positions compared to the previous frame."
      }
    ],
    "whole_video_annotation": "The video captures two distinct scenes:\n\n1. **First Scene (Frames 0-9):**\n   - The video begins with a static view of a narrow concrete ledge adjacent to a building with a corrugated metal roof and a green door.\n   - A white cat appears on the ledge and walks towards the camera, eventually lying down at the edge of the ledge, looking downwards.\n\n2. **Second Scene (Frames 10-17):**\n   - The perspective shifts to that of a dog looking down at a tiled surface.\n   - A black cat appears at the edge of the tiles, looking down.\n   - An orange and white dog enters the scene, walking towards the black cat.\n\nRegarding the user's question: \"Is the 'friend' in the caption the black dog?\" Based on the provided frames, there is no explicit mention of a \"friend\" in the captions. However, the orange and white dog does approach the black cat, which could imply a friendly interaction. Without additional context or captions, it is not possible to definitively identify the \"friend\" as the black dog.",
    "annotations_summary": "The video consists of two distinct scenes:\n\n1. **First Scene (0-9 seconds):**\n   - The video starts with a static view of a narrow concrete ledge next to a building with a corrugated metal roof and a green door.\n   - A white cat walks onto the ledge, moves towards the camera, and eventually lies down at the edge, looking downwards.\n\n2. **Second Scene (10-17 seconds):**\n   - The perspective changes to that of a dog looking down at a tiled surface.\n   - A black cat appears at the edge of the tiles, looking down.\n   - An orange and white dog enters the scene and walks towards the black cat.\n\nThe descriptions do not explicitly mention a \"friend,\" but the orange and white dog approaches the black cat, suggesting a possible friendly interaction."
  }
}