{
  "qid": "0806-2",
  "video_id": "1dEijri97Qc",
  "video_path": "videos\\0806_1dEijri97Qc.mp4",
  "main_question": "Can you confirm that the video shows four cables being bundled together?",
  "sub_questions": "To better understand the video and confirm whether it shows four cables being bundled together, consider the following sub-questions:\n\n1. **How many distinct cables are visible in the video?**\n   - This will help determine if there are indeed four cables present.\n\n2. **Are the cables shown in the process of being bundled or already bundled together?**\n   - This will clarify the action taking place in the video.\n\n3. **Can you describe the appearance and arrangement of the cables?**\n   - This will provide more context about how the cables are positioned and whether they are bundled together.",
  "annotations": {
    "frame_annotations": [
      {
        "timestamp": 0.0,
        "annotation": "The image shows a close-up of a wooden surface. There is no noticeable activity or objects in the frame."
      },
      {
        "timestamp": 1.0,
        "annotation": "A single thin wooden stick is placed on the wooden surface. No change from the previous frame as it is the first frame with an object."
      },
      {
        "timestamp": 2.0,
        "annotation": "A pair of yellow-handled pliers is introduced into the frame, positioned near the wooden stick."
      },
      {
        "timestamp": 3.0,
        "annotation": "The pliers are now gripping a thin metal object, which appears to be a cable or wire."
      },
      {
        "timestamp": 4.0,
        "annotation": "The metal object (cable or wire) is being wrapped around the wooden stick using the pliers."
      },
      {
        "timestamp": 5.0,
        "annotation": "The wrapping process continues with the cable or wire being coiled around the stick more tightly."
      },
      {
        "timestamp": 6.0,
        "annotation": "A white object, possibly a tube or insulation, is being slid over the wrapped cable and wooden stick."
      },
      {
        "timestamp": 7.0,
        "annotation": "The white object is positioned over the wrapped cable, and the cable is being adjusted or tightened."
      },
      {
        "timestamp": 8.0,
        "annotation": "The cable is being further adjusted or cut to fit properly within the white object."
      },
      {
        "timestamp": 9.0,
        "annotation": "The final adjustment of the cable within the white object is being made, ensuring a snug fit."
      },
      {
        "timestamp": 10.0,
        "annotation": "A person is wrapping a white spiral cable cover around a single cable. The cover is being carefully aligned and secured."
      },
      {
        "timestamp": 11.0,
        "annotation": "The person continues to wrap the spiral cover around the cable, ensuring it fits snugly. The cover is being pulled downwards along the cable."
      },
      {
        "timestamp": 12.0,
        "annotation": "The spiral cover is now partially wrapped around the cable. The person is adjusting the cover to ensure it is straight and properly aligned."
      },
      {
        "timestamp": 13.0,
        "annotation": "The person is wrapping another section of the spiral cover around the cable. The cover is being pulled downwards and aligned."
      },
      {
        "timestamp": 14.0,
        "annotation": "The spiral cover is now fully wrapped around the cable. The person is making final adjustments to ensure it is secure and properly aligned."
      },
      {
        "timestamp": 15.0,
        "annotation": "The person is now holding four cables together. The spiral cover is being prepared to wrap around all four cables."
      },
      {
        "timestamp": 16.0,
        "annotation": "The person starts wrapping the spiral cover around the bundled cables. The cover is being aligned and secured around the cables."
      },
      {
        "timestamp": 17.0,
        "annotation": "The spiral cover is being pulled downwards along the bundled cables. The person is ensuring the cover fits snugly around all four cables."
      },
      {
        "timestamp": 18.0,
        "annotation": "The person continues to wrap the spiral cover around the bundled cables, making adjustments to ensure it is straight and secure."
      },
      {
        "timestamp": 19.0,
        "annotation": "The spiral cover is now fully wrapped around the bundled cables. The person is making final adjustments to ensure the cover is secure and properly aligned."
      }
    ],
    "whole_video_annotation": "The video depicts a process of organizing and protecting cables using a spiral cover. Here's a short general description:\n\nThe video begins with a close-up of a wooden surface. A thin wooden stick is placed on the surface, and a pair of yellow-handled pliers is used to wrap a thin metal cable or wire around the stick. A white object, possibly a tube or insulation, is then slid over the wrapped cable and stick, and adjustments are made to ensure a snug fit.\n\nFollowing this, a person is seen wrapping a white spiral cable cover around a single cable, carefully aligning and securing it. The process continues with the person wrapping another section of the spiral cover around the cable, ensuring it fits snugly and is properly aligned.\n\nIn the later frames, the person holds four cables together and begins wrapping the spiral cover around the bundled cables. The cover is aligned, secured, and adjusted to ensure it fits snugly around all four cables, making final adjustments to ensure it is straight and secure.\n\nTo answer the user's question: Yes, the video shows four cables being bundled together starting from Frame 15.",
    "annotations_summary": "The video demonstrates a step-by-step process of organizing and protecting cables using a spiral cover. Here's a brief summary:\n\n1. **Initial Setup (0-2s)**:\n   - The video starts with a close-up of a wooden surface.\n   - A thin wooden stick is placed on the surface.\n\n2. **Wrapping the Cable (2-9s)**:\n   - Yellow-handled pliers are used to wrap a thin metal cable or wire around the wooden stick.\n   - A white object (possibly a tube or insulation) is slid over the wrapped cable and stick, and adjustments are made for a snug fit.\n\n3. **Single Cable Covering (10-14s)**:\n   - A person wraps a white spiral cable cover around a single cable, ensuring it is carefully aligned and secured.\n   - The process is repeated for another section of the spiral cover.\n\n4. **Bundling Multiple Cables (15-19s)**:\n   - The person holds four cables together and wraps the spiral cover around the bundled cables.\n   - The cover is aligned, secured, and adjusted to ensure it fits snugly around all four cables, with final adjustments made for a straight and secure fit.\n\nThe video effectively illustrates the method of using a spiral cover to organize and protect both single and multiple cables."
  }
}