{
  "qid": "0812-7",
  "video_id": "5NgU4w_qPBg",
  "video_path": "videos\\0812_5NgU4w_qPBg.mp4",
  "main_question": "How many times did the person try to place the toy into the drawer?\nA. 2\nB. 3\nC. 5\nD. 10",
  "sub_questions": "To better understand the video and determine how many times the person tried to place the toy into the drawer, consider the following sub-questions:\n\n1. **Can you observe the person attempting to place the toy into the drawer multiple times?**\n   - This will help identify if there are distinct attempts visible in the video.\n\n2. **Are there any clear indicators or actions that signify the start and end of each attempt?**\n   - For example, does the person pick up the toy, try to place it, and then pick it up again for another attempt?\n\n3. **Does the video show the person struggling or making multiple adjustments while trying to place the toy into the drawer?**\n   - This could indicate multiple attempts within a single continuous action.\n\nThese sub-questions should help in analyzing the video more effectively to count the number of attempts accurately.",
  "annotations": {
    "frame_annotations": [
      {
        "timestamp": 0.0,
        "annotation": "The image shows a table with some papers on it. A person's legs are visible under the table."
      },
      {
        "timestamp": 1.0,
        "annotation": "A yellow and white stuffed toy bird is hanging from a strap. The text 'Quiero uno' is visible, indicating a desire for the toy. No noticeable change from the previous frame."
      },
      {
        "timestamp": 2.0,
        "annotation": "A hand is reaching out towards the toy bird. Noticeable change: a hand appears in the frame."
      },
      {
        "timestamp": 3.0,
        "annotation": "The hand is now holding the toy bird. Noticeable change: the toy bird is being held by the hand."
      },
      {
        "timestamp": 4.0,
        "annotation": "The hand is moving the toy bird slightly. Noticeable change: the position of the toy bird has changed."
      },
      {
        "timestamp": 5.0,
        "annotation": "The hand is still holding the toy bird, but the angle has changed slightly. Noticeable change: the angle of the toy bird has shifted."
      },
      {
        "timestamp": 6.0,
        "annotation": "The hand is adjusting the toy bird's position. Noticeable change: the toy bird's position is being adjusted."
      },
      {
        "timestamp": 7.0,
        "annotation": "The hand is lifting the toy bird higher. Noticeable change: the toy bird is being lifted."
      },
      {
        "timestamp": 8.0,
        "annotation": "The toy bird is now being lowered. Noticeable change: the toy bird is moving downward."
      },
      {
        "timestamp": 9.0,
        "annotation": "The hand is releasing the toy bird, allowing it to hang freely again. Noticeable change: the hand is letting go of the toy bird."
      },
      {
        "timestamp": 10.0,
        "annotation": "The hand is holding the toy bird near the drawer. Noticeable change: The toy bird is now being held close to the drawer."
      },
      {
        "timestamp": 11.0,
        "annotation": "The toy bird is being placed into the drawer. Noticeable change: The toy bird is moving towards the drawer."
      },
      {
        "timestamp": 12.0,
        "annotation": "The toy bird is partially inside the drawer. Noticeable change: The toy bird is halfway into the drawer."
      },
      {
        "timestamp": 13.0,
        "annotation": "The toy bird is being released into the drawer. Noticeable change: The hand is letting go of the toy bird."
      },
      {
        "timestamp": 14.0,
        "annotation": "The toy bird is hanging freely inside the drawer. Noticeable change: The toy bird is now fully inside the drawer."
      }
    ],
    "whole_video_annotation": "In the video, a person interacts with a yellow and white stuffed toy bird that is hanging from a strap. The person's hand reaches out, grabs the toy bird, and attempts to place it into a drawer. The process involves several adjustments and movements of the toy bird before it is finally released into the drawer.\n\nRegarding the question: \"How many times did the person try to place the toy into the drawer?\"\n\nThe correct answer is:\n**A. 2**\n\nThe person makes two distinct attempts to place the toy bird into the drawer:\n1. From Frame 10 to Frame 14, the person holds the toy bird near the drawer, moves it towards the drawer, and places it inside.",
    "annotations_summary": "### Summary of Frame-Level Descriptions\n\nThe video depicts a person interacting with a yellow and white stuffed toy bird hanging from a strap. The sequence of actions is as follows:\n\n1. **Initial Setup (0.0s - 1.0s)**:\n   - A table with papers and a person's legs is visible.\n   - The toy bird is hanging, and the text \"Quiero uno\" is visible.\n\n2. **Interaction with the Toy Bird (2.0s - 9.0s)**:\n   - A hand reaches out and grabs the toy bird.\n   - The hand adjusts the toy bird's position, lifting and lowering it.\n\n3. **First Attempt to Place the Toy Bird in the Drawer (10.0s - 14.0s)**:\n   - The hand holds the toy bird near the drawer.\n   - The toy bird is moved towards the drawer and partially placed inside.\n   - The toy bird is fully released into the drawer and hangs freely inside.\n\n### Video-Level Description\n\nThe video shows a person interacting with a yellow and white stuffed toy bird. The person's hand reaches out, grabs the toy bird, and attempts to place it into a drawer. This process involves several adjustments and movements before the toy bird is finally released into the drawer.\n\n### Answer to the Question\n\nThe person makes **one distinct attempt** to place the toy bird into the drawer, which occurs from Frame 10 to Frame 14. During this attempt, the toy bird is moved towards the drawer, partially placed inside, and then fully released into the drawer."
  }
}