{
  "qid": "0812-2",
  "video_id": "5NgU4w_qPBg",
  "video_path": "videos\\0812_5NgU4w_qPBg.mp4",
  "main_question": "Did the person try to place the toy into the drawer three times?",
  "sub_questions": "To better understand whether the person tried to place the toy into the drawer three times, consider the following sub-questions:\n\n1. **How many attempts does the person make to place the toy into the drawer?**\n   - This will help determine the total number of tries.\n\n2. **Are there any visible or audible cues indicating multiple attempts?**\n   - This could include repeated motions, sounds of the drawer opening and closing, or verbal expressions of effort.\n\n3. **Does the person's behavior or the environment change between attempts?**\n   - Observing changes in the person's actions or the surroundings can provide context for each attempt.",
  "annotations": {
    "frame_annotations": [
      {
        "timestamp": 0.0,
        "annotation": "The image shows a person's hand holding a piece of paper with some writing on it. The background includes a table and a chair."
      },
      {
        "timestamp": 1.0,
        "annotation": "The image shows a yellow and white stuffed toy bird hanging from a strap. The background includes a chair and part of a person's body."
      },
      {
        "timestamp": 2.0,
        "annotation": "The image shows a person's hand holding the stuffed toy bird. The background includes a chair and part of a person's body."
      },
      {
        "timestamp": 3.0,
        "annotation": "The image shows the person's hand moving the stuffed toy bird slightly to the left. The background includes a chair and part of a person's body."
      },
      {
        "timestamp": 4.0,
        "annotation": "The image shows the person's hand holding the stuffed toy bird steady. The background includes a chair and part of a person's body."
      },
      {
        "timestamp": 5.0,
        "annotation": "The image shows the person's hand moving the stuffed toy bird slightly to the right. The background includes a chair and part of a person's body."
      },
      {
        "timestamp": 6.0,
        "annotation": "The image shows the person's hand holding the stuffed toy bird steady again. The background includes a chair and part of a person's body."
      },
      {
        "timestamp": 7.0,
        "annotation": "The image shows the person's hand moving the stuffed toy bird slightly upwards. The background includes a chair and part of a person's body."
      },
      {
        "timestamp": 8.0,
        "annotation": "The image shows the person's hand holding the stuffed toy bird steady. The background includes a chair and part of a person's body."
      },
      {
        "timestamp": 9.0,
        "annotation": "The image shows the person's hand moving the stuffed toy bird slightly downwards. The background includes a chair and part of a person's body."
      },
      {
        "timestamp": 10.0,
        "annotation": "The image shows the person's hand holding a stuffed toy bird above a drawer. The background includes a chair and part of a person's body."
      },
      {
        "timestamp": 11.0,
        "annotation": "The person's hand is moving the stuffed toy bird slightly downwards towards the drawer. No significant change from the previous frame."
      },
      {
        "timestamp": 12.0,
        "annotation": "The stuffed toy bird is closer to the drawer, and the hand appears to be attempting to place it inside. The motion is continuous from the previous frame."
      },
      {
        "timestamp": 13.0,
        "annotation": "The stuffed toy bird is partially inside the drawer. The hand is still in the process of placing it in. Noticeable change as the toy is now engaging with the drawer."
      },
      {
        "timestamp": 14.0,
        "annotation": "The stuffed toy bird is fully inside the drawer. The hand is no longer visible in the frame, indicating the action of placing the toy is complete."
      }
    ],
    "whole_video_annotation": "In the video, a person is seen holding a yellow and white stuffed toy bird. The person manipulates the toy, moving it in various directions (left, right, up, and down) before attempting to place it inside a drawer. The action of placing the toy into the drawer is shown in a continuous motion over several frames, culminating in the toy being fully inside the drawer by the end of the video.\n\nRegarding the user's question: \"Did the person try to place the toy into the drawer three times?\" Based on the provided frames, the person attempts to place the toy into the drawer only once, starting from Frame 10 and completing the action by Frame 14. There are no indications of multiple attempts.",
    "annotations_summary": "### Summary of the Video Descriptions\n\n**Frame-Level Descriptions:**\nThe video begins with a person's hand holding a piece of paper with writing on it, with a table and chair in the background. The hand then holds a yellow and white stuffed toy bird, moving it in various directions (left, right, up, and down) while a chair and part of a person's body are visible in the background. Starting from the 10-second mark, the hand moves the stuffed toy bird downwards towards a drawer. The toy is partially placed inside the drawer by the 13-second mark and is fully inside by the 14-second mark, completing the action in a continuous motion.\n\n**Video-Level Description:**\nThe video shows a person holding a yellow and white stuffed toy bird. The person manipulates the toy, moving it in different directions before attempting to place it inside a drawer. The action of placing the toy into the drawer is shown continuously over several frames, with the toy fully inside the drawer by the end of the video.\n\n**User's Question:**\nThe person attempts to place the toy into the drawer only once, starting from the 10-second mark and completing the action by the 14-second mark. There are no indications of multiple attempts."
  }
}