{
  "qid": "0818-7",
  "video_id": "1_OTyluZCcg",
  "video_path": "videos\\0818_1_OTyluZCcg.mp4",
  "main_question": "What is the little girl holding in her hand?\nA. A book\nB. A toy car\nC. A small bottle\nD. A piece of cash",
  "sub_questions": "To better understand the video and determine what the little girl is holding in her hand, consider the following sub-questions:\n\n1. **What is the shape and size of the object in the little girl's hand?**\n   - Is it flat and rectangular, cylindrical, or another shape?\n   - Is it small enough to fit in one hand, or does it require both hands?\n\n2. **What colors or patterns are visible on the object?**\n   - Are there any distinctive colors, logos, or designs that can help identify the object?\n   - Does the object have text or numbers on it?\n\n3. **How is the little girl interacting with the object?**\n   - Is she reading from it, playing with it, or holding it in a specific way?\n   - Does her interaction with the object provide any clues about its purpose or identity?",
  "annotations": {
    "frame_annotations": [
      {
        "timestamp": 0.0,
        "annotation": "A man stands in a room with two children. The younger child is reaching out towards the man. There is a container filled with stuffed toys in front of them."
      },
      {
        "timestamp": 1.0,
        "annotation": "The man is now holding a piece of cash in his hand, extending it towards the younger child. The older child is watching the interaction. No noticeable change in the container of toys."
      },
      {
        "timestamp": 2.0,
        "annotation": "The younger child is now holding the piece of cash in their hand, looking up at the man. The older child is still observing."
      },
      {
        "timestamp": 3.0,
        "annotation": "The man is lifting the younger child upside down by their legs. The older child is clapping her hands, seemingly excited."
      },
      {
        "timestamp": 4.0,
        "annotation": "The younger child is still being held upside down, laughing. The older child continues to clap."
      },
      {
        "timestamp": 5.0,
        "annotation": "The man is lowering the younger child towards the container of toys. The older child is still clapping."
      },
      {
        "timestamp": 6.0,
        "annotation": "The younger child is now reaching into the container of toys. The older child is still clapping."
      },
      {
        "timestamp": 7.0,
        "annotation": "The younger child is grabbing a toy from the container. The older child is still clapping."
      },
      {
        "timestamp": 8.0,
        "annotation": "The younger child is holding a toy above the container. The older child is still clapping."
      },
      {
        "timestamp": 9.0,
        "annotation": "The younger child is now being placed back on the ground by the man. The older child is still clapping."
      },
      {
        "timestamp": 10.0,
        "annotation": "The younger child is now standing on the ground. The older child is holding a small white object in her hand and is clapping. The man is bending down to pick up a toy from the box."
      },
      {
        "timestamp": 11.0,
        "annotation": "The younger child is still standing on the ground. The older child continues to clap and hold the small white object. The man is lifting the younger child up towards the box."
      },
      {
        "timestamp": 12.0,
        "annotation": "The man is lifting the younger child higher towards the box. The older child is still clapping and holding the small white object."
      },
      {
        "timestamp": 13.0,
        "annotation": "The younger child is now reaching into the box of toys. The older child is still clapping and holding the small white object."
      },
      {
        "timestamp": 14.0,
        "annotation": "The younger child is grabbing a large stuffed toy from the box. The older child is still clapping and holding the small white object."
      },
      {
        "timestamp": 15.0,
        "annotation": "The younger child is successfully pulling out a large stuffed toy from the box. The older child is still clapping and holding the small white object."
      },
      {
        "timestamp": 16.0,
        "annotation": "The younger child is now holding the large stuffed toy. The older child is still clapping and holding the small white object."
      },
      {
        "timestamp": 17.0,
        "annotation": "The younger child is being lowered to the ground while holding the large stuffed toy. The older child is still clapping and holding the small white object."
      },
      {
        "timestamp": 18.0,
        "annotation": "The younger child is now standing on the ground with the large stuffed toy. The older child is still clapping and holding the small white object."
      },
      {
        "timestamp": 19.0,
        "annotation": "The younger child is hugging the large stuffed toy. The older child is still clapping and holding the small white object."
      }
    ],
    "whole_video_annotation": "In the video, a man interacts with two children in a room containing a container filled with stuffed toys. The man gives a piece of cash to the younger child, who then reaches into the container to grab a toy. The man lifts the younger child upside down and then helps them retrieve a large stuffed toy from the container. Throughout the interaction, the older child claps enthusiastically and holds a small white object in her hand.\n\nRegarding the question, \"What is the little girl holding in her hand?\"\nThe correct answer is:\nC. A small bottle",
    "annotations_summary": "### Summary of Frame-Level Descriptions\n\nThe video depicts a man interacting with two children in a room containing a container filled with stuffed toys. The sequence of events is as follows:\n\n1. **Initial Interaction (0-2s):** The man gives a piece of cash to the younger child, who takes it and looks up at the man. The older child observes the interaction.\n2. **Upside-Down Lift (3-5s):** The man lifts the younger child upside down by their legs. The older child claps excitedly.\n3. **Toy Retrieval (6-10s):** The younger child reaches into the container, grabs a toy, and is placed back on the ground. The older child continues to clap and holds a small white object.\n4. **Second Toy Retrieval (11-19s):** The man lifts the younger child again towards the box. The younger child grabs a large stuffed toy and is lowered to the ground, hugging the toy. The older child claps enthusiastically throughout, holding the small white object.\n\n### Summary of Video-Level Description\n\nThe video shows a man interacting with two children in a room with a container of stuffed toys. The man gives cash to the younger child, who then retrieves a toy from the container. The man lifts the younger child upside down and helps them get a large stuffed toy. The older child claps enthusiastically and holds a small white object throughout the interaction.\n\n### Answer to the Question\n\nThe question is, \"What is the little girl holding in her hand?\"\n\nThe correct answer is:\n**C. A small bottle**\n\nThis conclusion is drawn from the frame-level descriptions, where the older child is consistently described as holding a \"small white object.\" Given the options, \"A small bottle\" is the most plausible interpretation of a \"small white object.\""
  }
}