{
  "qid": "0818-3",
  "video_id": "1_OTyluZCcg",
  "video_path": "videos\\0818_1_OTyluZCcg.mp4",
  "main_question": "Is the little girl holding a small bottle in her hand?",
  "sub_questions": "To better understand the video and answer the main question \"Is the little girl holding a small bottle in her hand?\", consider the following sub-questions:\n\n1. **What objects are visible in the little girl's hands throughout the video?**\n   - This will help identify if a bottle is present in her hands at any point.\n\n2. **Can you describe the size and shape of the object the little girl is holding?**\n   - This will provide details to confirm if the object is a small bottle.\n\n3. **Are there any close-up shots or clear views of the little girl's hands and the object she is holding?**\n   - This will ensure that the identification of the object is accurate and not based on assumptions.",
  "annotations": {
    "frame_annotations": [
      {
        "timestamp": 0.0,
        "annotation": "A man stands in a room with two children. The man is holding some money, and there is a container filled with stuffed animals in front of them. The text on the image reads 'POV: Your kids ask to play the claw machine'."
      },
      {
        "timestamp": 1.0,
        "annotation": "The man is now handing the money to the younger child. The older child is watching. No noticeable change in the container of stuffed animals."
      },
      {
        "timestamp": 2.0,
        "annotation": "The younger child is reaching up to take the money from the man. The older child is still watching."
      },
      {
        "timestamp": 3.0,
        "annotation": "The man is lifting the younger child upside down. The older child is still watching and holding a small bottle in her hand."
      },
      {
        "timestamp": 4.0,
        "annotation": "The younger child is still being held upside down by the man. The older child is still holding the small bottle in her hand."
      },
      {
        "timestamp": 5.0,
        "annotation": "The younger child is still being held upside down. The older child is still holding the small bottle in her hand."
      },
      {
        "timestamp": 6.0,
        "annotation": "The younger child is still being held upside down. The older child is still holding the small bottle in her hand."
      },
      {
        "timestamp": 7.0,
        "annotation": "The younger child is still being held upside down. The older child is still holding the small bottle in her hand."
      },
      {
        "timestamp": 8.0,
        "annotation": "The man is lowering the younger child towards the container of stuffed animals. The older child is still holding the small bottle in her hand."
      },
      {
        "timestamp": 9.0,
        "annotation": "The younger child is now reaching into the container of stuffed animals. The older child is still holding the small bottle in her hand."
      },
      {
        "timestamp": 10.0,
        "annotation": "The younger child is still reaching into the container of stuffed animals. The older child is still holding the small bottle in her hand."
      },
      {
        "timestamp": 11.0,
        "annotation": "The younger child is still reaching into the container of stuffed animals. The older child is still holding the small bottle in her hand."
      },
      {
        "timestamp": 12.0,
        "annotation": "The younger child is still reaching into the container of stuffed animals. The older child is still holding the small bottle in her hand."
      },
      {
        "timestamp": 13.0,
        "annotation": "The younger child is still reaching into the container of stuffed animals. The older child is still holding the small bottle in her hand."
      },
      {
        "timestamp": 14.0,
        "annotation": "The younger child is still reaching into the container of stuffed animals. The older child is still holding the small bottle in her hand."
      },
      {
        "timestamp": 15.0,
        "annotation": "The younger child is still reaching into the container of stuffed animals. The older child is still holding the small bottle in her hand."
      },
      {
        "timestamp": 16.0,
        "annotation": "The younger child is still reaching into the container of stuffed animals. The older child is still holding the small bottle in her hand."
      },
      {
        "timestamp": 17.0,
        "annotation": "The younger child is still reaching into the container of stuffed animals. The older child is still holding the small bottle in her hand."
      },
      {
        "timestamp": 18.0,
        "annotation": "The younger child is still reaching into the container of stuffed animals. The older child is still holding the small bottle in her hand."
      },
      {
        "timestamp": 19.0,
        "annotation": "The younger child is still reaching into the container of stuffed animals. The older child is still holding the small bottle in her hand."
      }
    ],
    "whole_video_annotation": "The video depicts a man interacting with two children in a room. The scene begins with the man holding money and a container filled with stuffed animals, suggesting they are about to play a game similar to a claw machine. The man hands the money to the younger child, who is then lifted upside down by the man and lowered towards the container of stuffed animals. Throughout the video, the older child, a little girl, is consistently seen holding a small bottle in her hand while observing the interaction between the man and the younger child. The younger child spends a significant portion of the video reaching into the container of stuffed animals.",
    "annotations_summary": "The video shows a man and two children in a room, engaging in an activity similar to playing a claw machine. Initially, the man holds money and a container of stuffed animals. He hands the money to the younger child, who is then lifted upside down and lowered towards the container. Throughout the video, the older child, a girl, holds a small bottle and watches the interaction. The younger child spends most of the time reaching into the container of stuffed animals."
  }
}