{
  "qid": "0818-2",
  "video_id": "1_OTyluZCcg",
  "video_path": "videos\\0818_1_OTyluZCcg.mp4",
  "main_question": "Is the little girl holding a piece of cash in her hand?",
  "sub_questions": "To better understand the video and answer the main question \"Is the little girl holding a piece of cash in her hand?\", consider the following sub-questions:\n\n1. **What is the little girl doing with her hands in the video?**\n   - This sub-question helps to determine if her hands are visible and what she is holding.\n\n2. **Can you clearly see the object in the little girl's hand?**\n   - This sub-question aims to confirm if the object is identifiable and not obscured.\n\n3. **Does the object in the little girl's hand resemble currency (e.g., bills or coins)?**\n   - This sub-question directly addresses whether the object appears to be money.",
  "annotations": {
    "frame_annotations": [
      {
        "timestamp": 0.0,
        "annotation": "A man stands in a room with two children. The man is holding some cash in his hand. There is a container filled with stuffed animals in front of them. The text on the image reads 'POV: Your kids ask to play the claw machine'."
      },
      {
        "timestamp": 1.0,
        "annotation": "The man is now handing the cash to the younger child. The older child is watching. The container with stuffed animals is still in front of them."
      },
      {
        "timestamp": 2.0,
        "annotation": "The younger child is reaching up to take the cash from the man. The older child is still watching. The container with stuffed animals remains in the same position."
      },
      {
        "timestamp": 3.0,
        "annotation": "The man is lifting the younger child upside down. The older child is clapping her hands. The container with stuffed animals is still visible."
      },
      {
        "timestamp": 4.0,
        "annotation": "The younger child is still being held upside down by the man. The older child continues to clap. The container with stuffed animals is in the same position."
      },
      {
        "timestamp": 5.0,
        "annotation": "The man is lowering the younger child towards the container. The older child is still clapping. The container with stuffed animals is directly below the younger child."
      },
      {
        "timestamp": 6.0,
        "annotation": "The younger child is now inside the container, reaching for a stuffed animal. The older child is still clapping. The man is assisting the younger child."
      },
      {
        "timestamp": 7.0,
        "annotation": "The younger child is still inside the container, holding a stuffed animal. The older child is clapping. The man is helping the younger child."
      },
      {
        "timestamp": 8.0,
        "annotation": "The younger child is being lifted out of the container with a stuffed animal. The older child is clapping. The man is holding the younger child."
      },
      {
        "timestamp": 9.0,
        "annotation": "The younger child is now out of the container, holding the stuffed animal. The older child is clapping. The man is standing up with the younger child in his arms."
      },
      {
        "timestamp": 10.0,
        "annotation": "The younger child is now out of the container, holding the stuffed animal. The older child is clapping. The man is standing up with the younger child in his arms."
      },
      {
        "timestamp": 11.0,
        "annotation": "The younger child is still holding the stuffed animal. The older child continues to clap. The man is lifting the younger child higher."
      },
      {
        "timestamp": 12.0,
        "annotation": "The younger child is being lifted higher by the man. The older child is still clapping enthusiastically. The younger child is smiling."
      },
      {
        "timestamp": 13.0,
        "annotation": "The younger child is now fully lifted up by the man. The older child is still clapping. The younger child is laughing and holding the stuffed animal tightly."
      },
      {
        "timestamp": 14.0,
        "annotation": "The younger child is being lowered back down by the man. The older child is still clapping. The younger child is still holding the stuffed animal."
      },
      {
        "timestamp": 15.0,
        "annotation": "The younger child is now back on the ground, still holding the stuffed animal. The older child is still clapping. The man is bending down to interact with the younger child."
      },
      {
        "timestamp": 16.0,
        "annotation": "The younger child is now walking away from the container, holding the stuffed animal. The older child is still clapping. The man is standing up."
      },
      {
        "timestamp": 17.0,
        "annotation": "The younger child is walking towards the camera, holding the stuffed animal. The older child is still clapping. The man is watching the younger child."
      },
      {
        "timestamp": 18.0,
        "annotation": "The younger child is now closer to the camera, holding the stuffed animal. The older child is still clapping. The man is smiling and watching the younger child."
      },
      {
        "timestamp": 19.0,
        "annotation": "The younger child is now in the foreground, holding the stuffed animal and smiling. The older child is still clapping in the background. The man is smiling and watching the younger child."
      }
    ],
    "whole_video_annotation": "The video depicts a playful and heartwarming scene involving a man and two children. The man initially holds some cash and stands in front of a container filled with stuffed animals, mimicking a claw machine game. He hands the cash to the younger child, who then reaches into the container to grab a stuffed animal with the man's assistance. The older child watches and claps enthusiastically throughout the process. The younger child successfully retrieves a stuffed animal, and the man lifts the child up, causing both children to laugh and smile. The video ends with the younger child holding the stuffed animal and walking towards the camera, while the older child continues to clap in the background.\n\nRegarding the user's question: No, the little girl (the older child) is not holding a piece of cash in her hand at any point in the video. The younger child briefly interacts with the cash but does not hold it for long.",
    "annotations_summary": "The video shows a man interacting playfully with two children in front of a container filled with stuffed animals, mimicking a claw machine game. Here's a brief summary:\n\n- **Initial Scene**: The man holds cash and stands with the children in front of the container. The text \"POV: Your kids ask to play the claw machine\" is displayed.\n- **Cash Handling**: The man hands the cash to the younger child, who briefly interacts with it. The older child watches and claps enthusiastically.\n- **Retrieving the Stuffed Animal**: The younger child, with the man's assistance, reaches into the container and retrieves a stuffed animal.\n- **Celebration**: The man lifts the younger child, who is laughing and holding the stuffed animal. The older child continues to clap.\n- **Conclusion**: The younger child walks towards the camera holding the stuffed animal, while the older child claps in the background.\n\nThroughout the video, the older child is clapping and watching, but she does not hold any cash."
  }
}