{
  "qid": "0848-0",
  "video_id": "wzf8uN_7hNc",
  "video_path": "videos\\0848_wzf8uN_7hNc.mp4",
  "main_question": "Which one is a real cat in the video?",
  "sub_questions": "To better understand the video and determine which one is a real cat, consider the following sub-questions:\n\n1. **What are the visual characteristics of the cats in the video?**\n   - Are there any noticeable differences in appearance, such as fur texture, eye color, or movement that might indicate one is a real cat and the other is an animated or robotic cat?\n\n2. **How do the cats interact with their environment?**\n   - Do the cats show natural behaviors like jumping, purring, or reacting to stimuli in a way that a real cat would? Are there any unnatural movements or interactions that suggest one might be a fake?\n\n3. **Are there any audio cues that can help identify the real cat?**\n   - Do the cats make sounds like meowing or purring? Are the sounds natural and consistent with what a real cat would produce, or do they seem synthetic or edited?",
  "annotations": {
    "frame_annotations": [
      {
        "timestamp": 0.0,
        "annotation": "The image shows a shadow of what appears to be a cat walking. The shadow is clear and distinct against a light-colored surface. There is text overlay asking which one is the shadow and which one is a void car."
      },
      {
        "timestamp": 1.0,
        "annotation": "The shadow of the cat is slightly more blurred compared to the previous frame. The cat's shadow appears to be in motion, walking forward. The text overlay remains the same."
      },
      {
        "timestamp": 2.0,
        "annotation": "The shadow of the cat is more defined again, similar to the first frame. The cat's shadow is walking forward, and the text overlay is consistent with the previous frames."
      },
      {
        "timestamp": 3.0,
        "annotation": "The shadow of the cat is slightly blurred and less distinct. The cat's shadow appears to be in motion, walking forward. The text overlay remains unchanged."
      },
      {
        "timestamp": 4.0,
        "annotation": "The shadow of the cat is more defined, showing clearer details of the cat's form. The cat's shadow is walking forward, and the text overlay is the same as in previous frames."
      },
      {
        "timestamp": 5.0,
        "annotation": "The shadow of the cat is less distinct and more blurred. The cat's shadow appears to be in motion, walking forward. The text overlay is consistent with the previous frames."
      },
      {
        "timestamp": 6.0,
        "annotation": "The shadow of the cat is more defined, showing clearer details of the cat's form. The cat's shadow is walking forward, and the text overlay remains the same."
      },
      {
        "timestamp": 7.0,
        "annotation": "The shadow of the cat is less distinct and more blurred. The cat's shadow appears to be in motion, walking forward. The text overlay is consistent with the previous frames."
      }
    ],
    "whole_video_annotation": "The video appears to be a sequence of frames showing the shadow of a cat walking against a light-colored surface. Throughout the video, the shadow of the cat alternates between being more defined and clearer, and then becoming more blurred and less distinct. The text overlay in each frame asks viewers to identify which one is the shadow and which one is a void car, suggesting a trick or optical illusion. However, there is no actual cat or car visible in the video; only the shadow of the cat is present.",
    "annotations_summary": "The video depicts a sequence of frames showing the shadow of a cat walking against a light-colored surface. Throughout the video, the clarity of the cat's shadow alternates between being more defined and clearer and then becoming more blurred and less distinct. Each frame includes a text overlay asking viewers to identify which one is the shadow and which one is a void car, implying an optical illusion. Notably, no actual cat or car is visible in the video; only the shadow of the cat is present."
  }
}