{
  "qid": "0854-3",
  "video_id": "Rjq4L_aIBh0",
  "video_path": "videos\\0854_Rjq4L_aIBh0.mp4",
  "main_question": "Is the operator's conversation with visitors meant to help them feel more at ease and prepared?",
  "sub_questions": "To better understand whether the operator's conversation with visitors is meant to help them feel more at ease and prepared, consider the following sub-questions:\n\n1. **What specific techniques or phrases does the operator use to engage with the visitors?**\n   - This can help identify if the operator is using language or methods designed to be reassuring or informative.\n\n2. **How do the visitors react to the operator's conversation throughout the interaction?**\n   - Observing the visitors' body language, facial expressions, and verbal responses can indicate whether they are becoming more comfortable and prepared.\n\n3. **Does the operator provide clear and relevant information that addresses the visitors' potential concerns or questions?**\n   - This can show if the operator is proactive in addressing issues that might make visitors feel anxious or uncertain.",
  "annotations": {
    "frame_annotations": [
      {
        "timestamp": 0.0,
        "annotation": "A person is suspended in mid-air, secured with bungee cords. They are wearing a harness and safety gear. The person has their arms outstretched and appears to be smiling. The background shows a lush, green forest."
      },
      {
        "timestamp": 1.0,
        "annotation": "The person remains in the same position, with arms outstretched. The text in the image changes, but the scene and the person's pose are identical to the previous frame."
      },
      {
        "timestamp": 2.0,
        "annotation": "The person is still suspended in mid-air with arms outstretched. The text in the image changes again, but there are no other noticeable changes in the scene or the person's pose."
      },
      {
        "timestamp": 3.0,
        "annotation": "The person continues to be suspended in mid-air with arms outstretched. The text in the image changes once more, but the scene and the person's pose remain the same."
      },
      {
        "timestamp": 4.0,
        "annotation": "The person is still in the same position, suspended in mid-air with arms outstretched. The text in the image changes, but there are no other noticeable changes."
      },
      {
        "timestamp": 5.0,
        "annotation": "The person remains suspended in mid-air with arms outstretched. The text in the image changes, but the scene and the person's pose are identical to the previous frame."
      },
      {
        "timestamp": 6.0,
        "annotation": "The person is still suspended in mid-air with arms outstretched. The text in the image changes again, but there are no other noticeable changes in the scene or the person's pose."
      },
      {
        "timestamp": 7.0,
        "annotation": "The person continues to be suspended in mid-air with arms outstretched. The text in the image changes once more, but the scene and the person's pose remain the same."
      },
      {
        "timestamp": 8.0,
        "annotation": "The person is still in the same position, suspended in mid-air with arms outstretched. The text in the image changes, but there are no other noticeable changes."
      },
      {
        "timestamp": 9.0,
        "annotation": "The person remains suspended in mid-air with arms outstretched. The text in the image changes, but the scene and the person's pose are identical to the previous frame."
      },
      {
        "timestamp": 10.0,
        "annotation": "The person remains suspended in mid-air with arms outstretched. The text in the image changes, but the scene and the person's pose are identical to the previous frame."
      },
      {
        "timestamp": 11.0,
        "annotation": "The person remains suspended in mid-air with arms outstretched. The text in the image changes, but the scene and the person's pose are identical to the previous frame."
      },
      {
        "timestamp": 12.0,
        "annotation": "The person remains suspended in mid-air with arms outstretched. The text in the image changes, but the scene and the person's pose are identical to the previous frame."
      },
      {
        "timestamp": 13.0,
        "annotation": "The person remains suspended in mid-air with arms outstretched. The text in the image changes, but the scene and the person's pose are identical to the previous frame."
      },
      {
        "timestamp": 14.0,
        "annotation": "The person remains suspended in mid-air with arms outstretched. The text in the image changes, but the scene and the person's pose are identical to the previous frame."
      },
      {
        "timestamp": 15.0,
        "annotation": "The person remains suspended in mid-air with arms outstretched. The text in the image changes, but the scene and the person's pose are identical to the previous frame."
      },
      {
        "timestamp": 16.0,
        "annotation": "The person remains suspended in mid-air with arms outstretched. The text in the image changes, but the scene and the person's pose are identical to the previous frame."
      },
      {
        "timestamp": 17.0,
        "annotation": "The person remains suspended in mid-air with arms outstretched. The text in the image changes, but the scene and the person's pose are identical to the previous frame."
      },
      {
        "timestamp": 18.0,
        "annotation": "The person remains suspended in mid-air with arms outstretched. The text in the image changes, but the scene and the person's pose are identical to the previous frame."
      },
      {
        "timestamp": 19.0,
        "annotation": "The person remains suspended in mid-air with arms outstretched. The text in the image changes, but the scene and the person's pose are identical to the previous frame."
      },
      {
        "timestamp": 20.0,
        "annotation": "The person in the yellow shirt and cap is leaning over a control panel, interacting with it. There are two visitors seated in front of him, appearing to be on a ride called 'Mountain Monster'. The text in the image is in Chinese and changes from the previous frame."
      },
      {
        "timestamp": 21.0,
        "annotation": "The scene is identical to the previous frame. The person in the yellow shirt continues to interact with the control panel. The text in the image is in Chinese and changes from the previous frame."
      },
      {
        "timestamp": 22.0,
        "annotation": "The scene is identical to the previous frame. The person in the yellow shirt continues to interact with the control panel. The text in the image is in Chinese and changes from the previous frame."
      },
      {
        "timestamp": 23.0,
        "annotation": "The scene is identical to the previous frame. The person in the yellow shirt continues to interact with the control panel. The text in the image is in Chinese and changes from the previous frame."
      },
      {
        "timestamp": 24.0,
        "annotation": "The scene is identical to the previous frame. The person in the yellow shirt continues to interact with the control panel. The text in the image is in Chinese and changes from the previous frame."
      },
      {
        "timestamp": 25.0,
        "annotation": "The scene is identical to the previous frame. The person in the yellow shirt continues to interact with the control panel. The text in the image is in Chinese and changes from the previous frame."
      },
      {
        "timestamp": 26.0,
        "annotation": "The scene is identical to the previous frame. The person in the yellow shirt continues to interact with the control panel. The text in the image is in Chinese and changes from the previous frame."
      },
      {
        "timestamp": 27.0,
        "annotation": "The scene is identical to the previous frame. The person in the yellow shirt continues to interact with the control panel. The text in the image is in Chinese and changes from the previous frame."
      },
      {
        "timestamp": 28.0,
        "annotation": "The scene is identical to the previous frame. The person in the yellow shirt continues to interact with the control panel. The text in the image is in Chinese and changes from the previous frame."
      },
      {
        "timestamp": 29.0,
        "annotation": "The scene is identical to the previous frame. The person in the yellow shirt continues to interact with the control panel. The text in the image is in Chinese and changes from the previous frame."
      },
      {
        "timestamp": 30.0,
        "annotation": "The scene shows an operator in a beige shirt interacting with a control panel. There are two visitors seated in a ride, and the operator appears to be explaining something to them. The text in the image is in Chinese and reads: '\u5f53\u4e58\u5ba2\u559c\u6b22\u7684\u65f6\u5019'. There is no noticeable change from the previous frame as no previous frame was provided."
      },
      {
        "timestamp": 31.0,
        "annotation": "The scene is identical to the previous frame. The operator continues to interact with the control panel. The text in the image is in Chinese and reads: '\u5f53\u4e58\u5ba2\u559c\u6b22\u7684\u65f6\u5019'. There is no noticeable change from the previous frame."
      },
      {
        "timestamp": 32.0,
        "annotation": "The scene is identical to the previous frame. The operator continues to interact with the control panel. The text in the image is in Chinese and reads: '\u4ed6\u5c31\u4e0a\u5347\u673a\u5668'. There is no noticeable change from the previous frame."
      },
      {
        "timestamp": 33.0,
        "annotation": "The scene is identical to the previous frame. The operator continues to interact with the control panel. The text in the image is in Chinese and reads: '\u786e\u5b9a\u80fd\u8ba9\u4e58\u5ba2\u751f\u5b58\u5230\u5e95'. There is no noticeable change from the previous frame."
      },
      {
        "timestamp": 34.0,
        "annotation": "The scene is identical to the previous frame. The operator continues to interact with the control panel. The text in the image is in Chinese and reads: '\u786e\u5b9a\u80fd\u8ba9\u4e58\u5ba2\u751f\u5b58\u5230\u5e95'. There is no noticeable change from the previous frame."
      },
      {
        "timestamp": 35.0,
        "annotation": "The scene is identical to the previous frame. The operator continues to interact with the control panel. The text in the image is in Chinese and reads: '\u786e\u5b9a\u80fd\u8ba9\u4e58\u5ba2\u751f\u5b58\u5230\u5e95'. There is no noticeable change from the previous frame."
      },
      {
        "timestamp": 36.0,
        "annotation": "The scene shows the two visitors seated in the ride without the operator in view. The control panel is still visible. There is a noticeable change from the previous frame as the operator is no longer visible."
      }
    ],
    "whole_video_annotation": "The video appears to be a compilation of two distinct scenes:\n\n1. **Bungee Jumping Scene (Frames 0-19):**\n   - A person is suspended in mid-air using bungee cords, secured with a harness and safety gear. The individual has their arms outstretched and appears to be smiling. The background features a lush, green forest. The text in the image changes in each frame, but the scene and the person's pose remain identical throughout these frames.\n\n2. **Amusement Ride Scene (Frames 20-36):**\n   - The setting shifts to an amusement ride called 'Mountain Monster.' An operator, initially in a yellow shirt and cap, is seen interacting with a control panel while two visitors are seated in the ride. The text in the image is in Chinese and changes in each frame. Later, the operator, now in a beige shirt, continues to interact with the control panel, explaining something to the visitors. The text in the image changes to reflect different phrases in Chinese. In the final frames, the operator is no longer visible, but the visitors remain seated in the ride with the control panel still in view.\n\nRegarding the user's question: Based on the description, it seems that the operator's conversation with the visitors is likely meant to help them feel more at ease and prepared for the ride. The operator appears to be explaining the ride's mechanics and ensuring the visitors' safety, which is a common practice to alleviate any anxiety or uncertainty they might have.",
    "annotations_summary": "The video consists of two distinct scenes:\n\n1. **Bungee Jumping Scene (0-19 seconds):**\n   - A person is suspended in mid-air using bungee cords, wearing a harness and safety gear, with arms outstretched and smiling. The background is a lush, green forest. The text in the image changes in each frame, but the scene and the person's pose remain the same.\n\n2. **Amusement Ride Scene (20-36 seconds):**\n   - The setting changes to an amusement ride called 'Mountain Monster.' An operator, initially in a yellow shirt and cap, interacts with a control panel while two visitors are seated in the ride. The text in the image is in Chinese and changes in each frame. Later, the operator, now in a beige shirt, continues to interact with the control panel, explaining something to the visitors. In the final frames, the operator is no longer visible, but the visitors remain seated in the ride with the control panel still in view. The operator's conversation with the visitors likely aims to help them feel more at ease and prepared for the ride, explaining the ride's mechanics and ensuring their safety."
  }
}