{
  "qid": "0857-2",
  "video_id": "POwncb1HzPQ",
  "video_path": "videos\\0857_POwncb1HzPQ.mp4",
  "main_question": "Is the man in the video imitating the experience of being shot?",
  "sub_questions": "To better understand the video and determine if the man is imitating the experience of being shot, consider the following sub-questions:\n\n1. **What are the specific actions or movements the man is performing in the video?**\n   - This can help identify if he is mimicking the physical reactions typically associated with being shot, such as flinching, falling, or clutching an area of his body.\n\n2. **Is there any context or setting provided in the video that might indicate he is acting or role-playing?**\n   - Understanding the environment or scenario in the video can provide clues about whether the man is part of a performance, a training exercise, or a staged event.\n\n3. **Are there any verbal cues or dialogue from the man or others in the video that suggest he is imitating being shot?**\n   - Listening for any spoken words or sounds can help confirm if the man is intentionally mimicking the experience, such as saying \"I've been shot\" or reacting to a simulated gunshot.",
  "annotations": {
    "frame_annotations": [
      {
        "timestamp": 0.0,
        "annotation": "A woman is standing on a sandy beach facing the camera. She is wearing a light green cropped top and denim shorts. The background shows a cliff and the ocean."
      },
      {
        "timestamp": 1.0,
        "annotation": "The woman tilts her head back, looking upwards. No significant change in her body position otherwise."
      },
      {
        "timestamp": 2.0,
        "annotation": "The woman turns her back to the camera and starts to bend forward, facing away from the camera."
      },
      {
        "timestamp": 3.0,
        "annotation": "The woman is now facing the camera again, standing upright. The background shows the ocean and a crowded beach."
      },
      {
        "timestamp": 4.0,
        "annotation": "The woman raises her left arm and places her hand on her hip, turning her torso slightly to the side."
      },
      {
        "timestamp": 5.0,
        "annotation": "The woman is performing a handstand on the sandy beach. Her legs are raised in the air, and her body is inverted."
      },
      {
        "timestamp": 6.0,
        "annotation": "The woman has fallen forward onto the sand, creating a small cloud of sand around her. Her body is partially buried in the sand."
      },
      {
        "timestamp": 7.0,
        "annotation": "The woman is lying on her stomach on the sand, facing the cliff. Her arms are extended in front of her."
      },
      {
        "timestamp": 8.0,
        "annotation": "The woman is still lying on her stomach, but her body is slightly turned to the side. Her arms are still extended in front of her."
      },
      {
        "timestamp": 9.0,
        "annotation": "The woman is lying on her side, facing the ocean. Her body is relaxed, and her arms are by her side."
      },
      {
        "timestamp": 10.0,
        "annotation": "The woman is lying on her stomach, with her arms stretched out in front of her, and her head turned to the side. Her body appears relaxed, and she is facing the ocean. There is a noticeable change from the previous frame where she was lying on her side."
      }
    ],
    "whole_video_annotation": "The video depicts a woman performing a series of movements and poses on a sandy beach. Here is a general description of what is happening:\n\nThe woman starts by standing on the beach, facing the camera, and then performs a sequence of actions including tilting her head back, turning away from the camera, and bending forward. She then returns to facing the camera, raises her left arm to her hip, and performs a handstand. After falling forward onto the sand, she lies on her stomach and then turns to her side, finally relaxing on her stomach with her arms stretched out in front of her, facing the ocean.\n\nThe video does not show a man, and the woman's actions do not appear to be imitating the experience of being shot.",
    "annotations_summary": "The video shows a woman on a sandy beach performing a sequence of movements and poses. Initially, she stands facing the camera, tilts her head back, turns away, and bends forward before returning to face the camera. She then raises her left arm to her hip and performs a handstand. After falling forward onto the sand, she lies on her stomach, turns to her side, and finally relaxes on her stomach with her arms stretched out, facing the ocean. The background includes a cliff and the ocean, with a crowded beach visible at one point. The woman's actions are dynamic and deliberate, showcasing her movements on the beach."
  }
}