{
  "qid": "0858-3",
  "video_id": "3xCt7E3t3Pc",
  "video_path": "videos\\0858_3xCt7E3t3Pc.mp4",
  "main_question": "Did the man in the white short-sleeved shirt initially sit on the left armrest of the chair?",
  "sub_questions": "To better understand the video and answer the main question, consider the following sub-questions:\n\n1. **What is the initial position of the man in the white short-sleeved shirt relative to the chair?**\n   - This will help determine if he was near the chair and potentially sitting on the armrest.\n\n2. **Are there any clear visual cues showing the man interacting with the chair's armrest at the beginning of the video?**\n   - This can provide direct evidence of whether he sat on the armrest.\n\n3. **Does the video show any other individuals or objects that might obstruct the view of the man and the chair's armrest initially?**\n   - This can help clarify if there are any visual obstacles that might affect the observation.\n\nThese sub-questions should help in analyzing the video more effectively to determine if the man in the white short-sleeved shirt initially sat on the left armrest of the chair.",
  "annotations": {
    "frame_annotations": [
      {
        "timestamp": 0.0,
        "annotation": "The image shows a close-up of a clenched fist. There is a text overlay in Chinese."
      },
      {
        "timestamp": 1.0,
        "annotation": "The fist remains clenched. The camera angle is slightly adjusted, showing more of the wrist. The text overlay has changed."
      },
      {
        "timestamp": 2.0,
        "annotation": "The fist is still clenched. The camera angle shifts slightly to the side, providing a different perspective. The text overlay has changed again."
      },
      {
        "timestamp": 3.0,
        "annotation": "The hand is now open, with fingers slightly spread. The text overlay has changed."
      },
      {
        "timestamp": 4.0,
        "annotation": "The hand is still open, but the fingers are more spread out. The camera angle remains the same. The text overlay has changed."
      },
      {
        "timestamp": 5.0,
        "annotation": "The scene changes to an outdoor setting with a spiral-shaped object in the foreground. The text overlay has changed."
      },
      {
        "timestamp": 6.0,
        "annotation": "The spiral-shaped object is still in view. The camera angle shifts slightly, and there is a small screen in the top left corner showing a different scene. The text overlay has changed."
      },
      {
        "timestamp": 7.0,
        "annotation": "The spiral-shaped object remains in view. The camera angle shifts slightly, and the text overlay has changed."
      },
      {
        "timestamp": 8.0,
        "annotation": "The spiral-shaped object is still in view. The camera angle shifts closer to the object. The text overlay has changed."
      },
      {
        "timestamp": 9.0,
        "annotation": "The view is now very close to the spiral-shaped object, showing its surface details. The text overlay has changed."
      },
      {
        "timestamp": 10.0,
        "annotation": "The image shows a close-up view of a spiral-shaped object, focusing on its surface details. The text overlay in Chinese reads: 'This is a magical perspective mirror.'"
      },
      {
        "timestamp": 11.0,
        "annotation": "The view remains close to the spiral-shaped object, continuing to show its surface details. No noticeable change from the previous frame."
      },
      {
        "timestamp": 12.0,
        "annotation": "The view is still close to the spiral-shaped object, with no significant changes from the previous frame."
      },
      {
        "timestamp": 13.0,
        "annotation": "The perspective starts to shift slightly, but the spiral-shaped object is still the main focus."
      },
      {
        "timestamp": 14.0,
        "annotation": "The view begins to pull back slightly, revealing more of the surrounding environment. The spiral-shaped object is still prominent."
      },
      {
        "timestamp": 15.0,
        "annotation": "The camera continues to pull back, showing more of the environment around the spiral-shaped object. The text overlay in Chinese reads: 'When viewed from a distance, it appears normal.'"
      },
      {
        "timestamp": 16.0,
        "annotation": "The camera pulls back further, revealing a child interacting with the spiral-shaped object. The text overlay in Chinese reads: 'But when viewed from the side, it becomes chaotic.'"
      },
      {
        "timestamp": 17.0,
        "annotation": "The child is seen reaching out to touch the spiral-shaped object. The text overlay in Chinese reads: 'But when viewed from the side, it becomes chaotic.'"
      },
      {
        "timestamp": 18.0,
        "annotation": "The child's hand is now inside the spiral-shaped object, causing a distortion in the reflection. The text overlay in Chinese reads: 'The angle of the picture itself has started to change.'"
      },
      {
        "timestamp": 19.0,
        "annotation": "The distortion in the reflection becomes more pronounced as the child's hand moves within the spiral-shaped object. The text overlay in Chinese reads: 'The angle of the picture itself has started to change.'"
      },
      {
        "timestamp": 20.0,
        "annotation": "The image shows a close-up of a reflective surface with text overlays in English and Chinese. The English text reads 'My brain isn't braining***'. The Chinese text at the bottom reads '\u6c34\u955c\u5934\u4e00\u8f6c'. The reflection shows an outdoor scene with buildings."
      },
      {
        "timestamp": 21.0,
        "annotation": "The image is similar to the previous frame, maintaining the close-up of the reflective surface. The text overlay in Chinese at the bottom has changed to '\u539f\u6765\u753b\u9762\u7684\u5185\u5bb9\u662f\u5916\u9762\u7684'. The reflection remains consistent with the outdoor scene."
      },
      {
        "timestamp": 22.0,
        "annotation": "A man in a white short-sleeved shirt and a cap is seen bending over a chair, appearing to adjust or interact with it. The text overlay in Chinese reads '\u8fd8\u6709\u8fd9\u6837\u53eb\u5c0f\u5fc3\u7684\u7537\u4eba'."
      },
      {
        "timestamp": 23.0,
        "annotation": "The man continues to bend over the chair, his posture and interaction with the chair remain similar to the previous frame. The text overlay in Chinese is the same: '\u8fd8\u6709\u8fd9\u6837\u53eb\u5c0f\u5fc3\u7684\u7537\u4eba'."
      },
      {
        "timestamp": 24.0,
        "annotation": "The man stands upright next to the chair, facing it. The text overlay in Chinese reads '\u4ed6\u642c\u67657\u628a\u6905\u5b50'."
      },
      {
        "timestamp": 25.0,
        "annotation": "The man is seen sitting on the chair, leaning slightly to one side. The text overlay in Chinese reads '\u6240\u6709\u4eba\u90fd\u4ee5\u4e3a'."
      },
      {
        "timestamp": 26.0,
        "annotation": "The man is standing next to the chair, appearing to adjust or interact with it again. The text overlay in Chinese reads '\u4ed6\u4e0d\u5c0f\u5fc3\u5750\u57287\u628a\u6905\u5b50\u7684\u5de6\u6276\u624b\u7684\u65f6\u4faf'."
      },
      {
        "timestamp": 27.0,
        "annotation": "The man is bending over the chair, similar to the action in the earlier frames. The text overlay in Chinese is the same: '\u4ed6\u4e0d\u5c0f\u5fc3\u5750\u57287\u628a\u6905\u5b50\u7684\u5de6\u6276\u624b\u7684\u65f6\u4faf'."
      },
      {
        "timestamp": 28.0,
        "annotation": "The man is seen sitting on the chair, facing away from the camera. The text overlay in Chinese reads '\u5b9e\u9645\u4e0a\u4ed6\u53ea\u662f\u5750\u5728\u6905\u5b50\u7684\u5de6\u6276\u624b'."
      },
      {
        "timestamp": 29.0,
        "annotation": "The man remains seated on the chair, his posture is consistent with the previous frame. The text overlay in Chinese is the same: '\u5b9e\u9645\u4e0a\u4ed6\u53ea\u662f\u5750\u5728\u6905\u5b50\u7684\u5de6\u6276\u624b'."
      },
      {
        "timestamp": 30.0,
        "annotation": "The man in the white short-sleeved shirt is seated on the left armrest of the chair. The text overlay in Chinese reads: '\u5b9e\u9645\u4e0a\u4ed6\u53ea\u662f\u5750\u5728\u6905\u5b50\u7684\u5de6\u6276\u624b'."
      },
      {
        "timestamp": 31.0,
        "annotation": "The man remains seated on the left armrest of the chair. His posture is consistent with the previous frame. The text overlay in Chinese is the same: '\u5b9e\u9645\u4e0a\u4ed6\u53ea\u662f\u5750\u5728\u6905\u5b50\u7684\u5de6\u6276\u624b'."
      },
      {
        "timestamp": 32.0,
        "annotation": "The man remains seated on the left armrest of the chair. His posture is consistent with the previous frame. The text overlay in Chinese is the same: '\u5b9e\u9645\u4e0a\u4ed6\u53ea\u662f\u5750\u5728\u6905\u5b50\u7684\u5de6\u6276\u624b'."
      },
      {
        "timestamp": 33.0,
        "annotation": "The man remains seated on the left armrest of the chair. His posture is consistent with the previous frame. The text overlay in Chinese is the same: '\u5b9e\u9645\u4e0a\u4ed6\u53ea\u662f\u5750\u5728\u6905\u5b50\u7684\u5de6\u6276\u624b'."
      },
      {
        "timestamp": 34.0,
        "annotation": "The man remains seated on the left armrest of the chair. His posture is consistent with the previous frame. The text overlay in Chinese is the same: '\u5b9e\u9645\u4e0a\u4ed6\u53ea\u662f\u5750\u5728\u6905\u5b50\u7684\u5de6\u6276\u624b'."
      },
      {
        "timestamp": 35.0,
        "annotation": "The man remains seated on the left armrest of the chair. His posture is consistent with the previous frame. The text overlay in Chinese is the same: '\u5b9e\u9645\u4e0a\u4ed6\u53ea\u662f\u5750\u5728\u6905\u5b50\u7684\u5de6\u6276\u624b'."
      },
      {
        "timestamp": 36.0,
        "annotation": "The man remains seated on the left armrest of the chair. His posture is consistent with the previous frame. The text overlay in Chinese is the same: '\u5b9e\u9645\u4e0a\u4ed6\u53ea\u662f\u5750\u5728\u6905\u5b50\u7684\u5de6\u6276\u624b'."
      },
      {
        "timestamp": 37.0,
        "annotation": "The man remains seated on the left armrest of the chair. His posture is consistent with the previous frame. The text overlay in Chinese is the same: '\u5b9e\u9645\u4e0a\u4ed6\u53ea\u662f\u5750\u5728\u6905\u5b50\u7684\u5de6\u6276\u624b'."
      },
      {
        "timestamp": 38.0,
        "annotation": "The man remains seated on the left armrest of the chair. His posture is consistent with the previous frame. The text overlay in Chinese is the same: '\u5b9e\u9645\u4e0a\u4ed6\u53ea\u662f\u5750\u5728\u6905\u5b50\u7684\u5de6\u6276\u624b'."
      },
      {
        "timestamp": 39.0,
        "annotation": "The man remains seated on the left armrest of the chair. His posture is consistent with the previous frame. The text overlay in Chinese is the same: '\u5b9e\u9645\u4e0a\u4ed6\u53ea\u662f\u5750\u5728\u6905\u5b50\u7684\u5de6\u6276\u624b'."
      },
      {
        "timestamp": 40.0,
        "annotation": "The man remains seated on the left armrest of the chair. His posture is consistent with the previous frame. The text overlay in Chinese is the same: '\u5b9e\u9645\u4e0a\u4ed6\u53ea\u662f\u5750\u5728\u6905\u5b50\u7684\u5de6\u6276\u624b'."
      },
      {
        "timestamp": 41.0,
        "annotation": "The man remains seated on the left armrest of the chair. His posture is consistent with the previous frame. The text overlay in Chinese is the same: '\u5b9e\u9645\u4e0a\u4ed6\u53ea\u662f\u5750\u5728\u6905\u5b50\u7684\u5de6\u6276\u624b'."
      },
      {
        "timestamp": 42.0,
        "annotation": "The man remains seated on the left armrest of the chair. His posture is consistent with the previous frame. The text overlay in Chinese is the same: '\u5b9e\u9645\u4e0a\u4ed6\u53ea\u662f\u5750\u5728\u6905\u5b50\u7684\u5de6\u6276\u624b'."
      },
      {
        "timestamp": 43.0,
        "annotation": "The man remains seated on the left armrest of the chair. His posture is consistent with the previous frame. The text overlay in Chinese is the same: '\u5b9e\u9645\u4e0a\u4ed6\u53ea\u662f\u5750\u5728\u6905\u5b50\u7684\u5de6\u6276\u624b'."
      },
      {
        "timestamp": 44.0,
        "annotation": "The man remains seated on the left armrest of the chair. His posture is consistent with the previous frame. The text overlay in Chinese is the same: '\u5b9e\u9645\u4e0a\u4ed6\u53ea\u662f\u5750\u5728\u6905\u5b50\u7684\u5de6\u6276\u624b'."
      },
      {
        "timestamp": 45.0,
        "annotation": "The man remains seated on the left armrest of the chair. His posture is consistent with the previous frame. The text overlay in Chinese is the same: '\u5b9e\u9645\u4e0a\u4ed6\u53ea\u662f\u5750\u5728\u6905\u5b50\u7684\u5de6\u6276\u624b'."
      },
      {
        "timestamp": 46.0,
        "annotation": "The man remains seated on the left armrest of the chair. His posture is consistent with the previous frame. The text overlay in Chinese is the same: '\u5b9e\u9645\u4e0a\u4ed6\u53ea\u662f\u5750\u5728\u6905\u5b50\u7684\u5de6\u6276\u624b'."
      },
      {
        "timestamp": 47.0,
        "annotation": "The man remains seated on the left armrest of the chair. His posture is consistent with the previous frame. The text overlay in Chinese is the same: '\u5b9e\u9645\u4e0a\u4ed6\u53ea\u662f\u5750\u5728\u6905\u5b50\u7684\u5de6\u6276\u624b'."
      },
      {
        "timestamp": 48.0,
        "annotation": "The man remains seated on the left armrest of the chair. His posture is consistent with the previous frame. The text overlay in Chinese is the same: '\u5b9e\u9645\u4e0a\u4ed6\u53ea\u662f\u5750\u5728\u6905\u5b50\u7684\u5de6\u6276\u624b'."
      },
      {
        "timestamp": 49.0,
        "annotation": "The man remains seated on the left armrest of the chair. His posture is consistent with the previous frame. The text overlay in Chinese is the same: '\u5b9e\u9645\u4e0a\u4ed6\u53ea\u662f\u5750\u5728\u6905\u5b50\u7684\u5de6\u6276\u624b'."
      },
      {
        "timestamp": 50.0,
        "annotation": "A man in a white short-sleeved shirt is standing on a road next to a large, cylindrical, metallic object. He is holding a bucket and appears to be pouring water into the object. The background shows a rural landscape with fields and a few buildings. There is a text overlay in Chinese at the bottom of the image."
      },
      {
        "timestamp": 51.0,
        "annotation": "The man continues to pour water into the cylindrical object. The water is starting to accumulate inside the object, creating a reflective surface. The man's posture and the environment remain consistent with the previous frame."
      },
      {
        "timestamp": 52.0,
        "annotation": "More water has been poured into the object, and the reflective surface is more pronounced. The man's position and action are consistent with the previous frames. The text overlay in Chinese is still present."
      },
      {
        "timestamp": 53.0,
        "annotation": "The man is still pouring water into the object. The water level has risen significantly, and the reflection is very clear. The man's posture and the environment show no noticeable changes from the previous frame."
      }
    ],
    "whole_video_annotation": "The video appears to be a sequence of scenes with changing perspectives and interactions with objects. Here's a general description of what is happening:\n\n1. **Initial Frames (0-4 seconds):** The video starts with a close-up of a clenched fist, which gradually opens. There are text overlays in Chinese that change with each frame.\n\n2. **Spiral-Shaped Object (5-19 seconds):** The scene shifts to an outdoor setting featuring a spiral-shaped object. The camera angles change, showing different perspectives of the object. A child interacts with the object, causing distortions in its reflection. Text overlays in Chinese describe the changing perspectives and effects.\n\n3. **Reflective Surface (20-21 seconds):** The video shows a close-up of a reflective surface with text overlays in both English and Chinese. The reflection shows an outdoor scene with buildings.\n\n4. **Man and Chair Interaction (22-49 seconds):** A man in a white short-sleeved shirt and cap is seen interacting with a chair. He bends over, sits on, and adjusts the chair in various ways. Text overlays in Chinese describe his actions and the perceptions of those actions. The man is ultimately shown sitting on the left armrest of the chair for an extended period.\n\n5. **Man Pouring Water (50-53 seconds):** The final scene shows the man standing on a road next to a large, cylindrical, metallic object. He pours water into the object, creating a reflective surface. The background features a rural landscape.\n\nRegarding the specific question: \"Did the man in the white short-sleeved shirt initially sit on the left armrest of the chair?\"\n\nBased on the frames provided, the man does not initially sit on the left armrest of the chair. He is seen bending over the chair, sitting on it normally, and then finally sitting on the left armrest starting from Frame 28 (timestamp: 28.00 seconds) and continuing through subsequent frames.",
    "annotations_summary": "The video consists of several distinct scenes, each with unique interactions and perspectives:\n\n1. **Opening Scene (0-4 seconds):**\n   - The video begins with a close-up of a clenched fist that gradually opens. The camera angle shifts slightly, and there are changing text overlays in Chinese.\n\n2. **Spiral-Shaped Object (5-19 seconds):**\n   - The scene transitions to an outdoor setting featuring a spiral-shaped object. The camera provides various perspectives of the object, and a child interacts with it, causing distortions in its reflection. Text overlays in Chinese describe the changing perspectives and effects.\n\n3. **Reflective Surface (20-21 seconds):**\n   - A close-up of a reflective surface is shown, with text overlays in both English and Chinese. The reflection depicts an outdoor scene with buildings.\n\n4. **Man and Chair Interaction (22-49 seconds):**\n   - A man in a white short-sleeved shirt and cap is seen interacting with a chair. He bends over, sits on, and adjusts the chair in various ways. Text overlays in Chinese describe his actions and the perceptions of those actions. The man is ultimately shown sitting on the left armrest of the chair for an extended period.\n\n5. **Man Pouring Water (50-53 seconds):**\n   - The final scene shows the man standing on a road next to a large, cylindrical, metallic object. He pours water into the object, creating a reflective surface. The background features a rural landscape.\n\nRegarding the specific question: \"Did the man in the white short-sleeved shirt initially sit on the left armrest of the chair?\"\n- The man does not initially sit on the left armrest of the chair. He is seen bending over the chair, sitting on it normally, and then finally sitting on the left armrest starting from Frame 28 (timestamp: 28.00 seconds) and continuing through subsequent frames."
  }
}