{
  "qid": "0865-1",
  "video_id": "NnjqjqMFdA0",
  "video_path": "videos\\0865_NnjqjqMFdA0.mp4",
  "main_question": "How many worms can be seen at the conclusion of the video?",
  "sub_questions": "To better understand the video and answer the main question \"How many worms can be seen at the conclusion of the video?\", consider the following sub-questions:\n\n1. **What is the duration of the video?**\n   - Understanding the length of the video can help in determining when the \"conclusion\" occurs.\n\n2. **Are there any significant events or changes involving the worms throughout the video?**\n   - Knowing if there are any notable events can provide context for what might be happening at the conclusion.\n\n3. **How are the worms identified or distinguished in the video?**\n   - This can help in accurately counting the worms at the end of the video, especially if there are visual or behavioral cues to look for.",
  "annotations": {
    "frame_annotations": [
      {
        "timestamp": 0.0,
        "annotation": "A baby bird is seen on a wet surface with two worms in front of it. The bird appears to be looking at the worms."
      },
      {
        "timestamp": 1.0,
        "annotation": "The baby bird is still on the wet surface, but it has moved slightly closer to the worms. The worms remain in the same position."
      },
      {
        "timestamp": 2.0,
        "annotation": "The baby bird is now even closer to the worms, with its head lowered towards them. The worms are still in the same position."
      },
      {
        "timestamp": 3.0,
        "annotation": "The baby bird's head is almost touching the worms. The worms are still in the same position."
      },
      {
        "timestamp": 4.0,
        "annotation": "The baby bird's beak is now in contact with one of the worms. The other worm is still on the surface."
      },
      {
        "timestamp": 5.0,
        "annotation": "The baby bird has picked up one worm with its beak. The other worm is still on the surface."
      },
      {
        "timestamp": 6.0,
        "annotation": "The baby bird is seen walking away with one worm in its beak. The other worm is still on the surface."
      }
    ],
    "whole_video_annotation": "In the video, a baby bird is observed interacting with two worms on a wet surface. The bird gradually moves closer to the worms, eventually picking up one of them with its beak and walking away with it. The other worm remains on the surface.\n\nAt the conclusion of the video, one worm can be seen on the surface.",
    "annotations_summary": "The video depicts a baby bird interacting with two worms on a wet surface. Over the course of six seconds, the baby bird gradually moves closer to the worms, eventually picking up one with its beak and walking away with it. The other worm remains on the surface throughout the entire sequence. The video concludes with one worm still visible on the wet surface."
  }
}