{
  "qid": "0870-0",
  "video_id": "Po_UemYmEyg",
  "video_path": "videos\\0870_Po_UemYmEyg.mp4",
  "main_question": "Why did this man give his belongings to the photographer?",
  "sub_questions": "To better understand why the man gave his belongings to the photographer, consider the following sub-questions:\n\n1. **What is the context or setting of the video?**\n   - Understanding the environment and situation can provide clues about the man's motivations. For example, is it a public event, a personal gathering, or a professional setting?\n\n2. **What is the relationship between the man and the photographer?**\n   - Knowing their relationship can help determine if the action was out of trust, friendship, professionalism, or another reason. Are they strangers, acquaintances, friends, or colleagues?\n\n3. **What is the photographer's reaction and subsequent actions?**\n   - Observing the photographer's response can offer insights into whether the man's action was expected, appreciated, or perhaps even misunderstood. Does the photographer seem surprised, grateful, or indifferent? What does the photographer do with the belongings afterward?",
  "annotations": {
    "frame_annotations": [
      {
        "timestamp": 0.0,
        "annotation": "A man and a child are sitting on a log outdoors. The man is holding a makeshift umbrella made from a book and a plastic bag. The child is eating a snack. The text 'HELP ME' is visible at the bottom of the image."
      },
      {
        "timestamp": 1.0,
        "annotation": "The man is still holding the makeshift umbrella. The child continues to eat the snack. A hand enters the frame from the bottom, holding a piece of bread. The man looks at the hand with the bread."
      },
      {
        "timestamp": 2.0,
        "annotation": "The man reaches out to take the piece of bread from the hand. The child is still eating her snack. The man's expression appears concerned or anxious."
      },
      {
        "timestamp": 3.0,
        "annotation": "The man is now holding the piece of bread. He looks down at it, and his expression seems to show relief or gratitude. The child continues to eat her snack."
      },
      {
        "timestamp": 4.0,
        "annotation": "The man starts to eat the piece of bread. His expression is more relaxed compared to the previous frames. The child is still eating her snack."
      },
      {
        "timestamp": 5.0,
        "annotation": "The man continues to eat the bread. The child looks at the man, seemingly unaware of the tension. The man's expression is more composed."
      },
      {
        "timestamp": 6.0,
        "annotation": "The man finishes eating the bread. He looks at the child, who is still eating her snack. The man's expression is calmer."
      },
      {
        "timestamp": 7.0,
        "annotation": "The man looks down, possibly at his hands or the ground. The child continues to eat her snack. The man's expression is more somber."
      },
      {
        "timestamp": 8.0,
        "annotation": "The man looks up, his expression showing a mix of emotions, possibly sadness or worry. The child is still eating her snack."
      },
      {
        "timestamp": 9.0,
        "annotation": "The man looks directly at the camera, his expression more intense. The child is still eating her snack. The man's body language suggests he is in a difficult situation."
      },
      {
        "timestamp": 10.0,
        "annotation": "The man continues to look directly at the camera with an intense expression. The child is still eating her snack. The man's body language remains tense, suggesting he is in a difficult situation. No noticeable change from the previous frame."
      },
      {
        "timestamp": 11.0,
        "annotation": "The man's expression remains intense as he looks at the camera. The child is still eating her snack. The man's body language is still tense. No noticeable change from the previous frame."
      },
      {
        "timestamp": 12.0,
        "annotation": "The man's intense expression continues. The child is still eating her snack. The man's body language is still tense. No noticeable change from the previous frame."
      },
      {
        "timestamp": 13.0,
        "annotation": "The man's expression remains intense. The child is still eating her snack. The man's body language is still tense. No noticeable change from the previous frame."
      },
      {
        "timestamp": 14.0,
        "annotation": "The man's expression remains intense. The child is still eating her snack. The man's body language is still tense. No noticeable change from the previous frame."
      },
      {
        "timestamp": 15.0,
        "annotation": "The man's expression remains intense. The child is still eating her snack. The man's body language is still tense. No noticeable change from the previous frame."
      },
      {
        "timestamp": 16.0,
        "annotation": "The man's expression remains intense. The child is still eating her snack. The man's body language is still tense. No noticeable change from the previous frame."
      },
      {
        "timestamp": 17.0,
        "annotation": "The man's expression remains intense. The child is still eating her snack. The man's body language is still tense. No noticeable change from the previous frame."
      },
      {
        "timestamp": 18.0,
        "annotation": "The man's expression remains intense. The child is still eating her snack. The man's body language is still tense. No noticeable change from the previous frame."
      },
      {
        "timestamp": 19.0,
        "annotation": "The man's expression remains intense. The child is still eating her snack. The man's body language is still tense. No noticeable change from the previous frame."
      },
      {
        "timestamp": 20.0,
        "annotation": "The man is not visible in this frame. A child is sitting at a table covered with various snacks and drinks. The child appears to be in a distressed or pleading state, with her hands raised and palms facing outward. The text 'HELP ME' is prominently displayed at the bottom of the frame."
      },
      {
        "timestamp": 21.0,
        "annotation": "No noticeable change from the previous frame. The child remains in the same position, with her hands raised and the text 'HELP ME' still visible."
      },
      {
        "timestamp": 22.0,
        "annotation": "No noticeable change from the previous frame. The child's expression and body language remain the same."
      },
      {
        "timestamp": 23.0,
        "annotation": "No noticeable change from the previous frame. The child continues to appear distressed with her hands raised."
      },
      {
        "timestamp": 24.0,
        "annotation": "No noticeable change from the previous frame. The child's pleading gesture and the 'HELP ME' text remain constant."
      },
      {
        "timestamp": 25.0,
        "annotation": "No noticeable change from the previous frame. The child's expression and body language are unchanged."
      },
      {
        "timestamp": 26.0,
        "annotation": "No noticeable change from the previous frame. The child continues to appear distressed with her hands raised."
      },
      {
        "timestamp": 27.0,
        "annotation": "No noticeable change from the previous frame. The child's pleading gesture and the 'HELP ME' text remain constant."
      },
      {
        "timestamp": 28.0,
        "annotation": "No noticeable change from the previous frame. The child's expression and body language are unchanged."
      },
      {
        "timestamp": 29.0,
        "annotation": "No noticeable change from the previous frame. The child continues to appear distressed with her hands raised."
      },
      {
        "timestamp": 30.0,
        "annotation": "The child is sitting at a table with various snacks and drinks in front of her. She is holding a white plastic bag and appears to be putting something inside it. The child looks distressed with her hands raised."
      },
      {
        "timestamp": 31.0,
        "annotation": "No noticeable change from the previous frame. The child continues to appear distressed with her hands raised, putting items into the bag."
      },
      {
        "timestamp": 32.0,
        "annotation": "No noticeable change from the previous frame. The child continues to appear distressed with her hands raised, putting items into the bag."
      },
      {
        "timestamp": 33.0,
        "annotation": "No noticeable change from the previous frame. The child continues to appear distressed with her hands raised, putting items into the bag."
      },
      {
        "timestamp": 34.0,
        "annotation": "No noticeable change from the previous frame. The child continues to appear distressed with her hands raised, putting items into the bag."
      },
      {
        "timestamp": 35.0,
        "annotation": "No noticeable change from the previous frame. The child continues to appear distressed with her hands raised, putting items into the bag."
      },
      {
        "timestamp": 36.0,
        "annotation": "No noticeable change from the previous frame. The child continues to appear distressed with her hands raised, putting items into the bag."
      },
      {
        "timestamp": 37.0,
        "annotation": "The child is now holding the bag with both hands, appearing more distressed. She seems to be struggling or crying."
      },
      {
        "timestamp": 38.0,
        "annotation": "The child is now biting the bag with her teeth, appearing very distressed. She seems to be in a state of panic or extreme distress."
      },
      {
        "timestamp": 39.0,
        "annotation": "The child is now tearing the bag with her hands, appearing extremely distressed. She seems to be in a state of panic or extreme distress."
      },
      {
        "timestamp": 40.0,
        "annotation": "The child is still tearing the bag, appearing distressed. The scene is indoors, and there are various items scattered around, including a pink bag and some toys. The child's actions seem frantic."
      },
      {
        "timestamp": 41.0,
        "annotation": "The child continues to tear the bag, showing no signs of stopping. The environment remains the same, with the child's distress evident."
      },
      {
        "timestamp": 42.0,
        "annotation": "The child is still engaged in tearing the bag, appearing increasingly distressed. The scene is static, with no significant changes in the surroundings."
      },
      {
        "timestamp": 43.0,
        "annotation": "The child's actions remain the same, continuously tearing the bag. The indoor setting and the scattered items are unchanged."
      },
      {
        "timestamp": 44.0,
        "annotation": "The child is still tearing the bag, showing persistent distress. The environment and the child's actions remain consistent with the previous frames."
      },
      {
        "timestamp": 45.0,
        "annotation": "The child continues to tear the bag, appearing highly distressed. The scene and the child's behavior show no significant changes."
      },
      {
        "timestamp": 46.0,
        "annotation": "The child is still engaged in tearing the bag, showing no signs of stopping. The indoor setting and the scattered items remain the same."
      },
      {
        "timestamp": 47.0,
        "annotation": "The child continues to tear the bag, appearing increasingly distressed. The scene is static, with no significant changes in the surroundings."
      },
      {
        "timestamp": 48.0,
        "annotation": "The child is still engaged in tearing the bag, showing persistent distress. The environment and the child's actions remain consistent with the previous frames."
      },
      {
        "timestamp": 49.0,
        "annotation": "The child continues to tear the bag, appearing highly distressed. The scene and the child's behavior show no significant changes."
      },
      {
        "timestamp": 50.0,
        "annotation": "A man and a child are sitting under a red umbrella. The man is holding a drink and appears to be in a distressed state. The child is holding a toy and looking at the man. The scene is outdoors with some greenery around."
      },
      {
        "timestamp": 51.0,
        "annotation": "The man continues to hold the drink, and his expression remains distressed. The child is still holding the toy and looking at the man. No significant changes in the scene."
      },
      {
        "timestamp": 52.0,
        "annotation": "The man starts to open the drink, revealing its contents. The child observes the man closely. The umbrella and surrounding environment remain unchanged."
      },
      {
        "timestamp": 53.0,
        "annotation": "The man is seen pouring the contents of the drink onto his hand. The child watches this action intently. The man's distressed expression is still evident."
      },
      {
        "timestamp": 54.0,
        "annotation": "The man is now showing his hand with the drink contents to the child. The child appears curious but slightly confused. The man's expression is a mix of distress and pleading."
      },
      {
        "timestamp": 55.0,
        "annotation": "The man is gesturing with his hand, possibly trying to communicate something to the child. The child continues to observe the man closely. The scene remains the same."
      },
      {
        "timestamp": 56.0,
        "annotation": "The man is now holding out his hand towards the camera, showing the drink contents more clearly. The child is still watching the man. The man's expression is more pleading."
      },
      {
        "timestamp": 57.0,
        "annotation": "The man is now holding a wad of cash in his hand, showing it to the camera. The child is still present but not the focus of the man's attention. The man's expression is serious and pleading."
      },
      {
        "timestamp": 58.0,
        "annotation": "The man continues to hold the cash, and his expression remains pleading. The child is still sitting next to him, holding the toy. The scene is unchanged."
      },
      {
        "timestamp": 59.0,
        "annotation": "The man is now gesturing with the cash, possibly indicating that he wants to give it to someone. The child is still observing the man. The man's expression is hopeful and pleading."
      }
    ],
    "whole_video_annotation": "The video appears to depict a man and a child in a series of distressing situations, with the man seemingly pleading for help. Here's a general description of what is happening:\n\nThe video begins with a man and a child sitting outdoors on a log. The man is holding a makeshift umbrella and appears to be in a desperate situation, as indicated by the text \"HELP ME\" at the bottom of the frame. A hand enters the frame offering the man a piece of bread, which he accepts with relief. The child, seemingly unaware of the tension, continues to eat a snack.\n\nIn subsequent frames, the man's expression becomes more intense as he looks directly at the camera, suggesting he is in a difficult and urgent situation. The child remains unaware of the man's distress.\n\nThe scene then shifts to the child sitting indoors at a table covered with snacks and drinks. The child appears distressed and pleads for help, with her hands raised and the text \"HELP ME\" prominently displayed. The child is seen putting items into a bag and then tearing the bag in a state of panic.\n\nFinally, the man and child are shown sitting under a red umbrella outdoors. The man holds a drink and pours its contents onto his hand, showing it to the child and then to the camera. He then holds out a wad of cash, gesturing as if he wants to give it to someone, with a pleading expression on his face.\n\nOverall, the video conveys a sense of urgency and desperation, with the man and child seemingly in need of help. The repeated pleas for help and the man's actions of showing his belongings suggest that he is trying to communicate his dire situation to the viewer.",
    "annotations_summary": "The video depicts a man and a child in a series of distressing situations, with both appearing to plead for help. Here's a brief summary:\n\n1. **Outdoor Scene with Log**:\n   - The man and child are sitting on a log outdoors.\n   - The man holds a makeshift umbrella and looks desperate, with the text \"HELP ME\" visible.\n   - A hand offers the man a piece of bread, which he accepts with relief.\n   - The child, unaware of the tension, continues eating a snack.\n\n2. **Man's Pleading Expressions**:\n   - The man's expressions become more intense as he looks directly at the camera, suggesting urgency.\n   - The child remains oblivious to the man's distress.\n\n3. **Indoor Scene with Child**:\n   - The child is seen indoors at a table with snacks and drinks.\n   - The child appears distressed, with hands raised and the text \"HELP ME\" displayed.\n   - The child puts items into a bag and then tears the bag in a state of panic.\n\n4. **Outdoor Scene with Red Umbrella**:\n   - The man and child are under a red umbrella outdoors.\n   - The man holds a drink, pours its contents onto his hand, and shows it to the child and the camera.\n   - He then holds out a wad of cash, gesturing as if he wants to give it to someone, with a pleading expression.\n\nOverall, the video conveys a sense of urgency and desperation, with both the man and the child seemingly in need of help. The repeated pleas for help and the man's actions of showing his belongings suggest he is trying to communicate his dire situation to the viewer."
  }
}