{
  "qid": "0871-0",
  "video_id": "eFW0FRHH1u8",
  "video_path": "videos\\0871_eFW0FRHH1u8.mp4",
  "main_question": "What's in the middle of the road?",
  "sub_questions": "To better understand the context or content of a video related to the main question \"What's in the middle of the road?\", consider the following sub-questions:\n\n1. **What type of road is being referred to?**\n   - Is it a highway, a city street, a rural road, or another type of roadway?\n\n2. **Is the video showing a real-life scenario or a fictional/animated one?**\n   - Understanding whether the video is a documentary, a movie, an animation, or something else can provide context.\n\n3. **What is the purpose or setting of the video?**\n   - Is the video meant to be informative, entertaining, or something else? Knowing the purpose can help in interpreting the content accurately.",
  "annotations": {
    "frame_annotations": [
      {
        "timestamp": 0.0,
        "annotation": "The image shows a street with a crosswalk in the foreground. There are trees lining the street, and a few cars are visible in the distance. The road appears to be empty."
      },
      {
        "timestamp": 1.0,
        "annotation": "The scene is the same as the previous frame. No noticeable changes."
      },
      {
        "timestamp": 2.0,
        "annotation": "A child on a scooter appears in the middle of the road, moving towards the crosswalk."
      },
      {
        "timestamp": 3.0,
        "annotation": "The child on the scooter is closer to the crosswalk, moving forward."
      },
      {
        "timestamp": 4.0,
        "annotation": "The child is now at the crosswalk, continuing to move forward."
      },
      {
        "timestamp": 5.0,
        "annotation": "The child has crossed the crosswalk and is moving further down the road."
      },
      {
        "timestamp": 6.0,
        "annotation": "The child is further down the road, still on the scooter."
      },
      {
        "timestamp": 7.0,
        "annotation": "The child is now bending down, possibly picking something up or adjusting the scooter."
      },
      {
        "timestamp": 8.0,
        "annotation": "The child is standing upright again, continuing to move down the road."
      },
      {
        "timestamp": 9.0,
        "annotation": "The child is further down the road, moving away from the camera."
      },
      {
        "timestamp": 10.0,
        "annotation": "The child is walking down the road, moving away from the camera. The child is holding a colorful object, possibly a kite or a piece of fabric, which is trailing behind them. The road appears to be empty with no visible obstacles in the middle."
      },
      {
        "timestamp": 11.0,
        "annotation": "The child continues to walk down the road, moving away from the camera. The colorful object is still trailing behind them. The road remains empty with no noticeable change from the previous frame."
      },
      {
        "timestamp": 12.0,
        "annotation": "The child is further down the road, moving away from the camera. The colorful object is still visible and trailing behind. The road is still clear with no new objects appearing in the middle."
      },
      {
        "timestamp": 13.0,
        "annotation": "The child is even further down the road, moving away from the camera. The colorful object is no longer visible in the frame. The road remains clear with no obstacles in the middle."
      }
    ],
    "whole_video_annotation": "The video shows a street scene with a crosswalk in the foreground. Initially, the road appears empty. A child on a scooter enters the scene, moving towards and then crossing the crosswalk. After crossing, the child continues down the road, eventually walking while holding a colorful object that trails behind them. Throughout the video, the road remains clear with no visible obstacles or other significant objects in the middle. The child is the primary focus, moving away from the camera as the video progresses.",
    "annotations_summary": "The video depicts a street scene with a crosswalk in the foreground. Initially, the road appears empty. A child on a scooter enters the scene, moving towards and crossing the crosswalk. After crossing, the child continues down the road, eventually walking while holding a colorful object that trails behind them. Throughout the video, the road remains clear with no visible obstacles or other significant objects in the middle. The child is the primary focus, moving away from the camera as the video progresses. The child briefly stops to bend down, possibly picking something up or adjusting the scooter, before continuing to move away from the camera."
  }
}