{
  "qid": "0872-1",
  "video_id": "6O-PTTfiq48",
  "video_path": "videos\\0872_6O-PTTfiq48.mp4",
  "main_question": "In which direction did the man move the top water bottle pack after placing them down, from the camera's viewpoint?",
  "sub_questions": "To better understand the video and answer the main question, consider the following sub-questions:\n\n1. **What is the initial position of the top water bottle pack relative to the other objects or the camera before the man moves it?**\n   - This will help establish a reference point for the movement.\n\n2. **Can you describe the man's hand or arm movement when he moves the top water bottle pack?**\n   - Observing the direction of his hand or arm can indicate the direction of the movement.\n\n3. **Are there any visual cues or landmarks in the video that show the final position of the top water bottle pack after the man moves it?**\n   - Identifying the final position can help determine the direction of movement from the initial position.\n\nThese sub-questions should help clarify the details needed to answer the main question accurately.",
  "annotations": {
    "frame_annotations": [
      {
        "timestamp": 40.0,
        "annotation": "A man in a turban is sitting on the ground with some belongings spread out. Another man in a light blue shirt and jeans is standing and appears to be approaching him."
      },
      {
        "timestamp": 41.0,
        "annotation": "The standing man is now holding a pack of water bottles. The sitting man is looking at him. No noticeable change in position from the previous frame."
      },
      {
        "timestamp": 42.0,
        "annotation": "The standing man is bending down to place the pack of water bottles on the ground near the sitting man. The sitting man is still looking at him."
      },
      {
        "timestamp": 43.0,
        "annotation": "The standing man has placed the pack of water bottles on the ground. He is now straightening up. The sitting man is still looking at him."
      },
      {
        "timestamp": 44.0,
        "annotation": "The standing man is now reaching for another pack of water bottles. The sitting man is still looking at him."
      },
      {
        "timestamp": 45.0,
        "annotation": "The standing man is holding the second pack of water bottles and is bending down again to place it on the ground. The sitting man is still looking at him."
      },
      {
        "timestamp": 46.0,
        "annotation": "The standing man has placed the second pack of water bottles on the ground next to the first one. He is now straightening up. The sitting man is still looking at him."
      },
      {
        "timestamp": 47.0,
        "annotation": "The standing man is now walking away from the sitting man. The sitting man is looking down at the water bottles."
      },
      {
        "timestamp": 48.0,
        "annotation": "The standing man has moved further away and is now out of the frame. The sitting man is still looking down at the water bottles."
      },
      {
        "timestamp": 49.0,
        "annotation": "The sitting man is now picking up one of the water bottles from the pack. The standing man is no longer in the frame."
      },
      {
        "timestamp": 50.0,
        "annotation": "The sitting man is holding a water bottle and looking up. The standing man is reaching out to take the bottle. There are two packs of water bottles and an empty box on the ground."
      },
      {
        "timestamp": 51.0,
        "annotation": "The sitting man is still holding the water bottle, and the standing man is still reaching out to take it. No noticeable change from the previous frame."
      },
      {
        "timestamp": 52.0,
        "annotation": "The sitting man is still holding the water bottle, and the standing man is still reaching out to take it. No noticeable change from the previous frame."
      },
      {
        "timestamp": 53.0,
        "annotation": "The sitting man is still holding the water bottle, and the standing man is still reaching out to take it. No noticeable change from the previous frame."
      },
      {
        "timestamp": 54.0,
        "annotation": "The sitting man is still holding the water bottle, and the standing man is still reaching out to take it. No noticeable change from the previous frame."
      },
      {
        "timestamp": 55.0,
        "annotation": "The sitting man is still holding the water bottle, and the standing man is still reaching out to take it. No noticeable change from the previous frame."
      },
      {
        "timestamp": 56.0,
        "annotation": "The sitting man is still holding the water bottle, and the standing man is still reaching out to take it. No noticeable change from the previous frame."
      },
      {
        "timestamp": 57.0,
        "annotation": "The sitting man is still holding the water bottle, and the standing man is still reaching out to take it. No noticeable change from the previous frame."
      },
      {
        "timestamp": 58.0,
        "annotation": "The sitting man is still holding the water bottle, and the standing man is still reaching out to take it. No noticeable change from the previous frame."
      },
      {
        "timestamp": 59.0,
        "annotation": "The sitting man is still holding the water bottle, and the standing man is still reaching out to take it. No noticeable change from the previous frame."
      }
    ],
    "whole_video_annotation": "In the video, a man in a light blue shirt and jeans approaches another man who is sitting on the ground with some belongings spread out. The standing man places two packs of water bottles on the ground near the sitting man and then walks away. The sitting man looks down at the water bottles and eventually picks up one of them. The standing man then returns and reaches out to take the water bottle from the sitting man. This interaction continues for several frames without any noticeable change.\n\nRegarding the direction in which the man moved the top water bottle pack after placing them down, from the camera's viewpoint, the standing man placed both packs of water bottles on the ground next to each other, near the sitting man. There is no indication in the frames provided that the man moved the top water bottle pack after placing it down. Both packs remain in the same position relative to each other and to the sitting man.",
    "annotations_summary": "The video depicts an interaction between two men. A man in a light blue shirt and jeans approaches another man who is sitting on the ground with his belongings spread out. The standing man places two packs of water bottles on the ground near the sitting man and then walks away. The sitting man looks down at the water bottles and eventually picks up one of them. The standing man then returns and reaches out to take the water bottle from the sitting man, but this interaction continues for several frames without any noticeable change. The two packs of water bottles remain in the same position relative to each other and to the sitting man throughout the scene."
  }
}