{
  "qid": "0875-0",
  "video_id": "f3fywt6uJBM",
  "video_path": "videos\\0875_f3fywt6uJBM.mp4",
  "main_question": "How many cell phones are on the piano in the video?",
  "sub_questions": "To better understand the video and answer the main question, here are three helpful sub-questions:\n\n1. **What is the setting and context of the video?**\n   - Understanding the environment and the scenario in the video can provide context for why cell phones might be on the piano.\n\n2. **Are there any people in the video, and if so, what are they doing?**\n   - Observing the actions of people in the video can help determine if they are placing cell phones on the piano or if the phones are there for a specific reason.\n\n3. **Is there any specific activity or event happening that involves the piano and the cell phones?**\n   - Knowing if there is a particular event or activity, such as a performance, recording, or demonstration, can clarify why the cell phones are on the piano.",
  "annotations": {
    "frame_annotations": [
      {
        "timestamp": 0.0,
        "annotation": "A woman is standing in front of a man who is playing a piano. The woman is holding a backpack and appears to be speaking to the man. There is a text overlay that says 'ASK HIM'. There are no cell phones visible on the piano."
      },
      {
        "timestamp": 1.0,
        "annotation": "The woman is now saying 'EXCUSE-ME?' to the man. No noticeable change from the previous frame regarding cell phones on the piano."
      },
      {
        "timestamp": 2.0,
        "annotation": "The woman asks, 'CAN YOU PLAY'. No noticeable change from the previous frame regarding cell phones on the piano."
      },
      {
        "timestamp": 3.0,
        "annotation": "The woman asks, 'PIRATES OF THE CARIBBEANS?'. No noticeable change from the previous frame regarding cell phones on the piano."
      },
      {
        "timestamp": 4.0,
        "annotation": "The woman is gesturing with her hands while speaking to the man. No noticeable change from the previous frame regarding cell phones on the piano."
      },
      {
        "timestamp": 5.0,
        "annotation": "The man is seen placing his hands on the piano keys. No noticeable change from the previous frame regarding cell phones on the piano."
      },
      {
        "timestamp": 6.0,
        "annotation": "The man responds with 'YES, YEAH!'. No noticeable change from the previous frame regarding cell phones on the piano."
      },
      {
        "timestamp": 7.0,
        "annotation": "The woman says, 'But they don't expect...'. No noticeable change from the previous frame regarding cell phones on the piano."
      },
      {
        "timestamp": 8.0,
        "annotation": "The woman continues saying, 'But they don't expect...'. No noticeable change from the previous frame regarding cell phones on the piano."
      },
      {
        "timestamp": 9.0,
        "annotation": "A young girl with a violin is seen walking in the background. No noticeable change from the previous frame regarding cell phones on the piano."
      },
      {
        "timestamp": 10.0,
        "annotation": "A young girl with a violin approaches a man playing the piano. No cell phones are visible on the piano."
      },
      {
        "timestamp": 11.0,
        "annotation": "The young girl with the violin is now closer to the piano. No cell phones are visible on the piano. Noticeable change: The girl is closer to the piano."
      },
      {
        "timestamp": 12.0,
        "annotation": "The young girl with the violin asks, 'Can I play with you?' No cell phones are visible on the piano. Noticeable change: The girl asks a question."
      },
      {
        "timestamp": 13.0,
        "annotation": "The man playing the piano responds with 'Yes!' No cell phones are visible on the piano. Noticeable change: The man responds to the girl."
      },
      {
        "timestamp": 14.0,
        "annotation": "The man and the girl say, 'Let's try!' No cell phones are visible on the piano. Noticeable change: They decide to play together."
      },
      {
        "timestamp": 15.0,
        "annotation": "The man starts playing the piano. No cell phones are visible on the piano. Noticeable change: The man begins to play."
      },
      {
        "timestamp": 16.0,
        "annotation": "The young girl with the violin starts playing along with the man. No cell phones are visible on the piano. Noticeable change: The girl starts playing her violin."
      },
      {
        "timestamp": 17.0,
        "annotation": "The man and the girl are playing together. No cell phones are visible on the piano. Noticeable change: They are both actively playing their instruments."
      },
      {
        "timestamp": 18.0,
        "annotation": "A close-up of the piano keys being played. No cell phones are visible on the piano. Noticeable change: The focus is on the piano keys."
      },
      {
        "timestamp": 19.0,
        "annotation": "The man and the girl continue playing together. No cell phones are visible on the piano. Noticeable change: No noticeable change from the previous frame regarding cell phones on the piano."
      },
      {
        "timestamp": 20.0,
        "annotation": "The man and the girl continue playing together. No cell phones are visible on the piano. Noticeable change: No noticeable change from the previous frame regarding cell phones on the piano."
      },
      {
        "timestamp": 21.0,
        "annotation": "The man and the girl continue playing together. No cell phones are visible on the piano. Noticeable change: No noticeable change from the previous frame regarding cell phones on the piano."
      },
      {
        "timestamp": 22.0,
        "annotation": "The man and the girl continue playing together. No cell phones are visible on the piano. Noticeable change: No noticeable change from the previous frame regarding cell phones on the piano."
      },
      {
        "timestamp": 23.0,
        "annotation": "The man and the girl continue playing together. No cell phones are visible on the piano. Noticeable change: No noticeable change from the previous frame regarding cell phones on the piano."
      },
      {
        "timestamp": 24.0,
        "annotation": "The man and the girl continue playing together. No cell phones are visible on the piano. Noticeable change: No noticeable change from the previous frame regarding cell phones on the piano."
      },
      {
        "timestamp": 25.0,
        "annotation": "The man and the girl continue playing together. No cell phones are visible on the piano. Noticeable change: No noticeable change from the previous frame regarding cell phones on the piano."
      },
      {
        "timestamp": 26.0,
        "annotation": "The man and the girl continue playing together. No cell phones are visible on the piano. Noticeable change: No noticeable change from the previous frame regarding cell phones on the piano."
      },
      {
        "timestamp": 27.0,
        "annotation": "The man and the girl continue playing together. No cell phones are visible on the piano. Noticeable change: No noticeable change from the previous frame regarding cell phones on the piano."
      },
      {
        "timestamp": 28.0,
        "annotation": "The man and the girl continue playing together. No cell phones are visible on the piano. Noticeable change: No noticeable change from the previous frame regarding cell phones on the piano."
      },
      {
        "timestamp": 29.0,
        "annotation": "The man and the girl continue playing together. No cell phones are visible on the piano. Noticeable change: No noticeable change from the previous frame regarding cell phones on the piano."
      },
      {
        "timestamp": 30.0,
        "annotation": "The man and the girl continue playing together. No cell phones are visible on the piano. Noticeable change: No noticeable change from the previous frame regarding cell phones on the piano."
      },
      {
        "timestamp": 31.0,
        "annotation": "The man and the girl continue playing together. No cell phones are visible on the piano. Noticeable change: No noticeable change from the previous frame regarding cell phones on the piano."
      },
      {
        "timestamp": 32.0,
        "annotation": "The man and the girl continue playing together. No cell phones are visible on the piano. Noticeable change: No noticeable change from the previous frame regarding cell phones on the piano."
      },
      {
        "timestamp": 33.0,
        "annotation": "The man and the girl continue playing together. No cell phones are visible on the piano. Noticeable change: No noticeable change from the previous frame regarding cell phones on the piano."
      },
      {
        "timestamp": 34.0,
        "annotation": "The man and the girl continue playing together. No cell phones are visible on the piano. Noticeable change: No noticeable change from the previous frame regarding cell phones on the piano."
      },
      {
        "timestamp": 35.0,
        "annotation": "The man and the girl continue playing together. No cell phones are visible on the piano. Noticeable change: No noticeable change from the previous frame regarding cell phones on the piano."
      },
      {
        "timestamp": 36.0,
        "annotation": "The man and the girl continue playing together. No cell phones are visible on the piano. Noticeable change: No noticeable change from the previous frame regarding cell phones on the piano."
      },
      {
        "timestamp": 37.0,
        "annotation": "The man and the girl continue playing together. No cell phones are visible on the piano. Noticeable change: No noticeable change from the previous frame regarding cell phones on the piano."
      },
      {
        "timestamp": 38.0,
        "annotation": "The man and the girl continue playing together. No cell phones are visible on the piano. Noticeable change: No noticeable change from the previous frame regarding cell phones on the piano."
      },
      {
        "timestamp": 39.0,
        "annotation": "The man and the girl continue playing together. No cell phones are visible on the piano. Noticeable change: No noticeable change from the previous frame regarding cell phones on the piano."
      },
      {
        "timestamp": 40.0,
        "annotation": "The man and the girl continue playing together. No cell phones are visible on the piano. Noticeable change: No noticeable change from the previous frame regarding cell phones on the piano."
      },
      {
        "timestamp": 41.0,
        "annotation": "The man and the girl continue playing together. No cell phones are visible on the piano. Noticeable change: No noticeable change from the previous frame regarding cell phones on the piano."
      },
      {
        "timestamp": 42.0,
        "annotation": "The man and the girl continue playing together. No cell phones are visible on the piano. Noticeable change: No noticeable change from the previous frame regarding cell phones on the piano."
      },
      {
        "timestamp": 43.0,
        "annotation": "The man and the girl continue playing together. No cell phones are visible on the piano. Noticeable change: No noticeable change from the previous frame regarding cell phones on the piano."
      },
      {
        "timestamp": 44.0,
        "annotation": "The man and the girl continue playing together. No cell phones are visible on the piano. Noticeable change: No noticeable change from the previous frame regarding cell phones on the piano."
      },
      {
        "timestamp": 45.0,
        "annotation": "The man and the girl continue playing together. No cell phones are visible on the piano. Noticeable change: No noticeable change from the previous frame regarding cell phones on the piano."
      },
      {
        "timestamp": 46.0,
        "annotation": "The man and the girl continue playing together. No cell phones are visible on the piano. Noticeable change: No noticeable change from the previous frame regarding cell phones on the piano."
      },
      {
        "timestamp": 47.0,
        "annotation": "The man and the girl continue playing together. No cell phones are visible on the piano. Noticeable change: No noticeable change from the previous frame regarding cell phones on the piano."
      },
      {
        "timestamp": 48.0,
        "annotation": "The man and the girl continue playing together. No cell phones are visible on the the piano. Noticeable change: No noticeable change from the previous frame regarding cell phones on the piano."
      },
      {
        "timestamp": 49.0,
        "annotation": "The man and the girl continue playing together. No cell phones are visible on the piano. Noticeable change: No noticeable change from the previous frame regarding cell phones on the piano."
      },
      {
        "timestamp": 50.0,
        "annotation": "The man and the girl continue playing together. No cell phones are visible on the piano. Noticeable change: No noticeable change from the previous frame regarding cell phones on the piano."
      },
      {
        "timestamp": 51.0,
        "annotation": "The man and the girl continue playing together. No cell phones are visible on the piano. Noticeable change: No noticeable change from the previous frame regarding cell phones on the piano."
      },
      {
        "timestamp": 52.0,
        "annotation": "The man and the girl continue playing together. No cell phones are visible on the piano. Noticeable change: No noticeable change from the previous frame regarding cell phones on the piano."
      },
      {
        "timestamp": 53.0,
        "annotation": "The man and the girl continue playing together. No cell phones are visible on the piano. Noticeable change: No noticeable change from the previous frame regarding cell phones on the piano."
      },
      {
        "timestamp": 54.0,
        "annotation": "The man and the girl continue playing together. No cell phones are visible on the piano. Noticeable change: No noticeable change from the previous frame regarding cell phones on the piano."
      },
      {
        "timestamp": 55.0,
        "annotation": "The man and the girl continue playing together. No cell phones are visible on the piano. Noticeable change: No noticeable change from the previous frame regarding cell phones on the piano."
      },
      {
        "timestamp": 56.0,
        "annotation": "The man and the girl continue playing together. No cell phones are visible on the piano. Noticeable change: No noticeable change from the previous frame regarding cell phones on the piano."
      },
      {
        "timestamp": 57.0,
        "annotation": "The man and the girl continue playing together. No cell phones are visible on the piano. Noticeable change: No noticeable change from the previous frame regarding cell phones on the piano."
      },
      {
        "timestamp": 58.0,
        "annotation": "The man and the girl continue playing together. No cell phones are visible on the piano. Noticeable change: No noticeable change from the previous frame regarding cell phones on the piano."
      },
      {
        "timestamp": 59.0,
        "annotation": "The man and the girl continue playing together. No cell phones are visible on the piano. Noticeable change: No noticeable change from the previous frame regarding cell phones on the piano."
      }
    ],
    "whole_video_annotation": "In the video, a woman initially approaches a man who is playing the piano and asks if he can play a specific song, \"Pirates of the Caribbean.\" After a brief conversation, a young girl with a violin walks up and asks if she can play with the man. They both agree and start playing their instruments together, continuing to do so for the remainder of the video.\n\nRegarding the user's question: There are no cell phones visible on the piano in the video.",
    "annotations_summary": "The video features a woman who approaches a man playing the piano and asks if he can play \"Pirates of the Caribbean.\" After a brief exchange, a young girl with a violin joins them and asks if she can play along. Both the man and the girl agree and begin playing their instruments together, continuing to do so for the rest of the video. Throughout the entire duration of the video, no cell phones are visible on the piano."
  }
}