{
  "qid": "0886-0",
  "video_id": "5QLh5ias93M",
  "video_path": "videos\\0886_5QLh5ias93M.mp4",
  "main_question": "Where is the watch worn by the man in black in the video?",
  "sub_questions": "To better understand the video and answer the main question, here are three helpful sub-questions:\n\n1. **Can you describe the man in black and his attire in detail?**\n   - This will help identify the specific individual and confirm that we are referring to the correct person.\n\n2. **At what point in the video does the man in black appear?**\n   - Knowing the timestamp can help pinpoint the exact moment to observe the watch.\n\n3. **Are there any close-up shots or clear views of the man in black's wrist in the video?**\n   - This will determine if there is sufficient visual detail to identify the watch.",
  "annotations": {
    "frame_annotations": [
      {
        "timestamp": 0.0,
        "annotation": "A man in a black shirt is holding a tall, clear plastic tube vertically in front of him. He is also holding a can in his other hand. The background shows a workshop or garage setting with various tools and items."
      },
      {
        "timestamp": 1.0,
        "annotation": "The man raises his arms, lifting the tube higher. The can is now positioned at the top of the tube. The man appears to be preparing to perform an experiment or demonstration."
      },
      {
        "timestamp": 2.0,
        "annotation": "The man continues to raise the can above the tube, seemingly getting ready to insert it into the tube from the top. The background remains the same."
      },
      {
        "timestamp": 3.0,
        "annotation": "A close-up view of the can being inserted into the tube from the top. The can is partially inside the tube."
      },
      {
        "timestamp": 4.0,
        "annotation": "The man has both arms raised high, holding the tube and the can. He appears to be in the process of fully inserting the can into the tube."
      },
      {
        "timestamp": 5.0,
        "annotation": "The man is now holding the tube with one hand and the can with the other, both raised above his head. A plastic bin is visible below the tube."
      },
      {
        "timestamp": 6.0,
        "annotation": "The man starts to lower the can into the tube, which is positioned above the plastic bin. The can is almost fully inside the tube."
      },
      {
        "timestamp": 7.0,
        "annotation": "The can is now fully inside the tube, and the man is lowering the tube into the plastic bin. Water starts to spill out from the tube into the bin."
      },
      {
        "timestamp": 8.0,
        "annotation": "The tube is being lowered further into the bin, and more water is spilling out. The man is carefully controlling the descent of the tube."
      },
      {
        "timestamp": 9.0,
        "annotation": "The tube is almost fully inside the bin, and water continues to spill out. The man is observing the process closely."
      },
      {
        "timestamp": 10.0,
        "annotation": "The tube is almost fully inside the bin, and water continues to spill out. The man is observing the process closely. The watch is worn on the left wrist of the man in black."
      },
      {
        "timestamp": 11.0,
        "annotation": "The tube is fully inside the bin, and water continues to spill out. The man is still observing the process closely. No noticeable change from the previous frame."
      },
      {
        "timestamp": 12.0,
        "annotation": "The man is lifting the tube slightly, and water is still spilling out. The man continues to observe the process closely. No noticeable change from the previous frame."
      },
      {
        "timestamp": 13.0,
        "annotation": "The man is lifting the tube higher, and water is spilling out more vigorously. The man is still observing the process closely. No noticeable change from the previous frame."
      },
      {
        "timestamp": 14.0,
        "annotation": "The tube is being lifted even higher, and water is spilling out significantly. The man is still observing the process closely. No noticeable change from the previous frame."
      },
      {
        "timestamp": 15.0,
        "annotation": "The tube is almost fully out of the bin, and water is spilling out heavily. The man is still observing the process closely. No noticeable change from the previous frame."
      },
      {
        "timestamp": 16.0,
        "annotation": "The tube is fully out of the bin, and water is spilling out heavily. The man is still observing the process closely. No noticeable change from the previous frame."
      },
      {
        "timestamp": 17.0,
        "annotation": "The man is lowering the tube back into the bin, and water is still spilling out. The man is still observing the process closely. No noticeable change from the previous frame."
      },
      {
        "timestamp": 18.0,
        "annotation": "The tube is being lowered further into the bin, and water is spilling out less vigorously. The man is still observing the process closely. No noticeable change from the previous frame."
      },
      {
        "timestamp": 19.0,
        "annotation": "The tube is almost fully inside the bin again, and water is spilling out minimally. The man is still observing the process closely. No noticeable change from the previous frame."
      }
    ],
    "whole_video_annotation": "In the video, a man in a black shirt is conducting an experiment or demonstration in a workshop or garage setting. He is holding a tall, clear plastic tube and a can filled with water. Throughout the video, he inserts the can into the tube and then lowers the tube into a plastic bin, causing water to spill out. He repeatedly lifts and lowers the tube, observing the process closely as water continues to spill out.\n\nThe watch is worn on the left wrist of the man in black.",
    "annotations_summary": "The video shows a man in a black shirt conducting an experiment in a workshop or garage setting. He starts by holding a tall, clear plastic tube and a can filled with water. The man inserts the can into the tube and then lowers the tube into a plastic bin, causing water to spill out. He repeatedly lifts and lowers the tube, observing the process closely as water continues to spill out. The man wears a watch on his left wrist."
  }
}