{
  "qid": "0895-0",
  "video_id": "7hg7oglAyKc",
  "video_path": "videos\\0895_7hg7oglAyKc.mp4",
  "main_question": "What scene is cut to after a basketball smaller than standard is thrown?",
  "sub_questions": "To better understand the video and the specific scene transition involving a basketball smaller than standard being thrown, consider the following sub-questions:\n\n1. **What is the context or setting of the scene where the smaller basketball is thrown?**\n   - Understanding the environment and situation can provide clues about why the scene might cut to a specific subsequent scene.\n\n2. **Who is throwing the smaller basketball, and what is their reaction or intention?**\n   - The character's actions and emotions can give insight into the narrative purpose of the scene transition.\n\n3. **What is the immediate reaction of any characters or elements in the scene after the smaller basketball is thrown?**\n   - Observing the reactions can help determine the significance of the action and why the scene might cut to another specific scene.",
  "annotations": {
    "frame_annotations": [
      {
        "timestamp": 0.0,
        "annotation": "A person is preparing to throw a small basketball towards a spiked hoop. The text 'wildest basketball shots' is visible."
      },
      {
        "timestamp": 1.0,
        "annotation": "The small basketball is in mid-air, approaching the spiked hoop. The text 'wildest basketball shots' is visible."
      },
      {
        "timestamp": 2.0,
        "annotation": "The small basketball is entering the spiked hoop. The text 'wildest basketball shots' is visible."
      },
      {
        "timestamp": 3.0,
        "annotation": "The small basketball is inside the spiked hoop. The text 'wildest basketball shots' is visible."
      },
      {
        "timestamp": 4.0,
        "annotation": "The small basketball has successfully gone through the spiked hoop. The text 'spiked hoop' is visible."
      },
      {
        "timestamp": 5.0,
        "annotation": "The small basketball is seen from a different angle, having gone through the spiked hoop. The text 'spiked hoop' and a checkmark are visible."
      },
      {
        "timestamp": 6.0,
        "annotation": "A person is preparing to throw a standard-sized basketball towards a mini hoop. The text 'mini hoop' is visible."
      },
      {
        "timestamp": 7.0,
        "annotation": "The standard-sized basketball is in mid-air, approaching the mini hoop. The text 'mini hoop' is visible."
      },
      {
        "timestamp": 8.0,
        "annotation": "The standard-sized basketball is entering the mini hoop. The text 'mini hoop' is visible."
      },
      {
        "timestamp": 9.0,
        "annotation": "The standard-sized basketball is inside the mini hoop. The text 'chainsaw rim' is visible, indicating a cut to a new scene with a chainsaw rim."
      },
      {
        "timestamp": 10.0,
        "annotation": "The scene cuts to a person standing on a cliff with a basketball, with the text 'across a canyon' visible. The person appears to be preparing to throw the basketball."
      },
      {
        "timestamp": 11.0,
        "annotation": "The person is in the process of throwing the basketball across the canyon. The text 'across a canyon' remains visible."
      },
      {
        "timestamp": 12.0,
        "annotation": "The basketball is in mid-air, traveling across the canyon. The text 'across a canyon' is still visible."
      },
      {
        "timestamp": 13.0,
        "annotation": "The basketball is approaching the other side of the canyon. The text 'across a canyon' is visible."
      },
      {
        "timestamp": 14.0,
        "annotation": "The basketball has reached the other side of the canyon and is about to go through the hoop. The text 'across a canyon' is visible."
      },
      {
        "timestamp": 15.0,
        "annotation": "The scene cuts to a person in a boat holding a basketball, with the text 'from a moving boat' visible. The person appears to be preparing to throw the basketball."
      },
      {
        "timestamp": 16.0,
        "annotation": "The person is in the process of throwing the basketball from the moving boat. The text 'from a moving boat' remains visible."
      },
      {
        "timestamp": 17.0,
        "annotation": "The basketball is in mid-air, traveling towards the hoop. The text 'from a moving boat' is still visible."
      },
      {
        "timestamp": 18.0,
        "annotation": "The basketball is approaching the hoop. The text 'from a moving boat' is visible."
      },
      {
        "timestamp": 19.0,
        "annotation": "The basketball has successfully gone through the hoop. The text 'from a moving boat' is visible with a green check mark indicating a successful shot."
      },
      {
        "timestamp": 20.0,
        "annotation": "The scene cuts to a person holding a smaller-than-standard basketball. The text 'onto a boat' is visible."
      },
      {
        "timestamp": 21.0,
        "annotation": "The person is still holding the smaller basketball. The scene shows a boat on the water with the text 'onto a boat' visible."
      },
      {
        "timestamp": 22.0,
        "annotation": "The scene remains the same with the boat on the water and the text 'onto a boat' visible."
      },
      {
        "timestamp": 23.0,
        "annotation": "The scene remains the same with the boat on the water and the text 'onto a boat' visible."
      },
      {
        "timestamp": 24.0,
        "annotation": "The scene cuts to a moving car on a track with a basketball in the air. The text 'from a moving car' is visible."
      },
      {
        "timestamp": 25.0,
        "annotation": "The scene remains the same with the moving car and the basketball in the air. The text 'from a moving car' is visible."
      },
      {
        "timestamp": 26.0,
        "annotation": "The scene remains the same with the moving car and the basketball in the air. The text 'from a moving car' is visible."
      },
      {
        "timestamp": 27.0,
        "annotation": "The scene changes to show the basketball going through the hoop. The text 'from a moving car' is visible with a green check mark indicating a successful shot."
      },
      {
        "timestamp": 28.0,
        "annotation": "The scene remains the same with the basketball having gone through the hoop. The text 'from a moving car' is visible with a green check mark indicating a successful shot."
      },
      {
        "timestamp": 29.0,
        "annotation": "The scene cuts to a person lying on the ground throwing a basketball towards the hoop. The text 'from the ground' is visible."
      },
      {
        "timestamp": 30.0,
        "annotation": "The scene cuts to a person standing on a platform near a wind turbine. The text 'dodging a wind turbine' is visible."
      },
      {
        "timestamp": 31.0,
        "annotation": "The person is still standing on the platform near the wind turbine. A green checkmark appears on the person's sleeve. No significant change from the previous frame."
      },
      {
        "timestamp": 32.0,
        "annotation": "The person turns to face the camera, appearing to shout or express excitement. Noticeable change from the previous frame as the person's posture and facial expression have changed."
      },
      {
        "timestamp": 33.0,
        "annotation": "The person continues to shout or express excitement, with a slight adjustment in posture. Minimal change from the previous frame."
      },
      {
        "timestamp": 34.0,
        "annotation": "The person's expression and posture remain similar to the previous frame, with a slight motion blur indicating continued movement."
      }
    ],
    "whole_video_annotation": "The video showcases a series of challenging and unconventional basketball shots, each with its own unique twist. Here's a brief description of what happens in the video:\n\nThe video begins with various individuals attempting extremely difficult basketball shots under unusual circumstances. These include shooting a small basketball through a spiked hoop, throwing a standard-sized basketball into a mini hoop, shooting across a canyon, throwing from a moving boat, aiming onto a boat from the shore, shooting from a moving car, attempting a shot while lying on the ground, and dodging a wind turbine.\n\nThe user asked about the scene that follows after a smaller-than-standard basketball is thrown. Based on the provided frames, after the smaller-than-standard basketball is shown (Frame 20), the next scene cuts to a moving car on a track with a basketball in the air (Frame 24). The text \"from a moving car\" is visible, indicating that the next challenge involves shooting the basketball from a moving vehicle.",
    "annotations_summary": "The video features a series of challenging and unconventional basketball shots. Here's a summary of the key scenes:\n\n1. **Spiked Hoop**: A person successfully throws a small basketball through a spiked hoop.\n2. **Mini Hoop**: Another person throws a standard-sized basketball into a mini hoop.\n3. **Across a Canyon**: An individual throws a basketball across a canyon and makes the shot.\n4. **From a Moving Boat**: Someone throws a basketball from a moving boat and successfully scores.\n5. **Onto a Boat**: A person prepares to throw a smaller-than-standard basketball onto a boat (the outcome of this shot is not shown).\n6. **From a Moving Car**: The scene cuts to a moving car on a track, where a basketball is successfully shot through the hoop while the car is in motion.\n7. **From the Ground**: A person attempts to shoot a basketball while lying on the ground.\n8. **Dodging a Wind Turbine**: An individual stands on a platform near a wind turbine, presumably to make a shot while dodging the turbine's blades.\n\nEach scene highlights unique and difficult conditions for making a basketball shot, showcasing the skill and creativity of the participants."
  }
}