{
  "qid": "0910-7",
  "video_id": "7_jo2loOZ9Q",
  "video_path": "videos\\0910_7_jo2loOZ9Q.mp4",
  "main_question": "Why does the man keep picking up the child in the video?\nA. To teach the child how to walk.\nB. To help the child cross the street safely.\nC. To play a game with the child.\nD. To conduct a social experiment.",
  "sub_questions": "To better understand the video and determine why the man keeps picking up the child, consider the following sub-questions:\n\n1. **What is the setting and context of the video?**\n   - Is the video taking place in a public area like a street or a park, or in a more controlled environment like a home or a studio?\n   - Are there any other people present, and if so, how are they reacting to the man picking up the child?\n\n2. **How does the child react each time the man picks them up?**\n   - Does the child seem happy, scared, or indifferent?\n   - Does the child try to walk on their own or show any signs of wanting to be put down?\n\n3. **What is the man's demeanor and body language like when he picks up the child?**\n   - Does he appear to be playful, cautious, or focused on a specific task?\n   - Are there any verbal cues or instructions given by the man to the child or to others in the video?\n\nThese sub-questions can help gather more information to make an informed decision about the man's intentions in the video.",
  "annotations": {
    "frame_annotations": [
      {
        "timestamp": 0.0,
        "annotation": "A man is walking on a sidewalk in an urban area. There are several people around, and a child is visible nearby."
      },
      {
        "timestamp": 1.0,
        "annotation": "The man is now closer to the child, who is standing on the sidewalk. The child appears to be looking around."
      },
      {
        "timestamp": 2.0,
        "annotation": "The man is bending down towards the child, possibly to pick them up. Other pedestrians are walking by in the background."
      },
      {
        "timestamp": 3.0,
        "annotation": "The man has picked up the child and is holding them in his arms. The child seems to be looking at something in the distance."
      },
      {
        "timestamp": 4.0,
        "annotation": "The man is walking with the child in his arms. The child is now facing away from the camera."
      },
      {
        "timestamp": 5.0,
        "annotation": "The man sets the child down on the ground. The child starts to walk away from the man."
      },
      {
        "timestamp": 6.0,
        "annotation": "The man is walking away from the child, who is now further ahead on the sidewalk."
      },
      {
        "timestamp": 7.0,
        "annotation": "The man turns around and starts walking back towards the child. Other people are walking by in the background."
      },
      {
        "timestamp": 8.0,
        "annotation": "The man is bending down again towards the child, who is still walking on the sidewalk."
      },
      {
        "timestamp": 9.0,
        "annotation": "The man has picked up the child again and is holding them in his arms. The child is looking around."
      },
      {
        "timestamp": 10.0,
        "annotation": "The man is holding the child in his arms. The child is looking around, seemingly curious about the surroundings. No noticeable change from the previous frame."
      },
      {
        "timestamp": 11.0,
        "annotation": "The man continues to hold the child in his arms. The child is still looking around. No noticeable change from the previous frame."
      },
      {
        "timestamp": 12.0,
        "annotation": "The man is still holding the child. The child appears to be more engaged with the environment, possibly pointing at something. No noticeable change from the previous frame."
      },
      {
        "timestamp": 13.0,
        "annotation": "The man is holding the child and walking towards the right side of the frame. The child is still looking around curiously. Noticeable change: The man starts moving."
      },
      {
        "timestamp": 14.0,
        "annotation": "The man is still holding the child and walking. The child is looking downwards, possibly at something on the ground. Noticeable change: The child's gaze has shifted downwards."
      },
      {
        "timestamp": 15.0,
        "annotation": "The man is holding the child and appears to be stopping his movement. The child is looking up again. Noticeable change: The man has stopped walking."
      },
      {
        "timestamp": 16.0,
        "annotation": "The man is holding the child steadily. The child is looking around again, seemingly curious. No noticeable change from the previous frame."
      },
      {
        "timestamp": 17.0,
        "annotation": "The man is still holding the child. The child is looking straight ahead. No noticeable change from the previous frame."
      },
      {
        "timestamp": 18.0,
        "annotation": "The man is holding the child and appears to be turning slightly. The child is still looking straight ahead. Noticeable change: The man is turning."
      },
      {
        "timestamp": 19.0,
        "annotation": "The man is holding the child and has completed the turn. The child is looking around curiously. Noticeable change: The man has finished turning."
      },
      {
        "timestamp": 20.0,
        "annotation": "The man is holding the child and has completed the turn. The child is looking around curiously. Noticeable change: The man is walking forward."
      },
      {
        "timestamp": 21.0,
        "annotation": "The man continues to hold the child and walk forward. The child is still looking around curiously. Noticeable change: The man has taken a few more steps forward."
      },
      {
        "timestamp": 22.0,
        "annotation": "The man is still holding the child and walking. The child remains curious, looking around. Noticeable change: The man has continued walking forward."
      },
      {
        "timestamp": 23.0,
        "annotation": "The man is holding the child and walking. The child is looking around curiously. Noticeable change: The man has taken more steps forward."
      },
      {
        "timestamp": 24.0,
        "annotation": "The man continues to hold the child and walk. The child is still curious, looking around. Noticeable change: The man has continued walking forward."
      },
      {
        "timestamp": 25.0,
        "annotation": "The man is holding the child and walking. The child is looking around curiously. Noticeable change: The man has taken more steps forward."
      },
      {
        "timestamp": 26.0,
        "annotation": "The man is still holding the child and walking. The child remains curious, looking around. Noticeable change: The man has continued walking forward."
      },
      {
        "timestamp": 27.0,
        "annotation": "The man is holding the child and walking. The child is looking around curiously. Noticeable change: The man has taken more steps forward."
      },
      {
        "timestamp": 28.0,
        "annotation": "The man continues to hold the child and walk. The child is still curious, looking around. Noticeable change: The man has continued walking forward."
      },
      {
        "timestamp": 29.0,
        "annotation": "The man is holding the child and walking. The child is looking around curiously. Noticeable change: The man has taken more steps forward."
      },
      {
        "timestamp": 30.0,
        "annotation": "The man is holding the child and walking. The child is looking around curiously. Noticeable change: The man has taken more steps forward."
      },
      {
        "timestamp": 31.0,
        "annotation": "The man continues to hold the child and walk. The child is still looking around curiously. Noticeable change: The man has taken more steps forward."
      },
      {
        "timestamp": 32.0,
        "annotation": "The man is still holding the child and walking. The child remains curious, looking around. Noticeable change: The man has taken more steps forward."
      },
      {
        "timestamp": 33.0,
        "annotation": "The man is holding the child and walking. The child is looking around curiously. Noticeable change: The man has taken more steps forward."
      },
      {
        "timestamp": 34.0,
        "annotation": "The man is holding the child and walking. The child is looking around curiously. Noticeable change: The man has taken more steps forward."
      },
      {
        "timestamp": 35.0,
        "annotation": "The man is holding the child and walking. The child is looking around curiously. Noticeable change: The man has taken more steps forward."
      },
      {
        "timestamp": 36.0,
        "annotation": "The man is holding the child and walking. The child is looking around curiously. Noticeable change: The man has taken more steps forward."
      },
      {
        "timestamp": 37.0,
        "annotation": "The man is holding the child and walking. The child is looking around curiously. Noticeable change: The man has taken more steps forward."
      },
      {
        "timestamp": 38.0,
        "annotation": "The man is holding the child and walking. The child is looking around curiously. Noticeable change: The man has taken more steps forward."
      },
      {
        "timestamp": 39.0,
        "annotation": "The man is holding the child and walking. The child is looking around curiously. Noticeable change: The man has taken more steps forward."
      },
      {
        "timestamp": 40.0,
        "annotation": "The man is holding the child and walking. The child is looking around curiously. Noticeable change: The man has taken more steps forward."
      },
      {
        "timestamp": 41.0,
        "annotation": "The man continues to hold the child and walk. The child is still looking around curiously. Noticeable change: The man has taken more steps forward."
      },
      {
        "timestamp": 42.0,
        "annotation": "The man is still holding the child and walking. The child remains curious, looking around. Noticeable change: The man has taken more steps forward."
      },
      {
        "timestamp": 43.0,
        "annotation": "The man is holding the child and walking. The child is looking around curiously. Noticeable change: The man has taken more steps forward."
      },
      {
        "timestamp": 44.0,
        "annotation": "The man is holding the child and walking. The child is looking around curiously. Noticeable change: The man has taken more steps forward."
      },
      {
        "timestamp": 45.0,
        "annotation": "The man is holding the child and walking. The child is looking around curiously. Noticeable change: The man has taken more steps forward."
      },
      {
        "timestamp": 46.0,
        "annotation": "The man is holding the child and walking. The child is looking around curiously. Noticeable change: The man has taken more steps forward."
      },
      {
        "timestamp": 47.0,
        "annotation": "The man is holding the child and walking. The child is looking around curiously. Noticeable change: The man has taken more steps forward."
      }
    ],
    "whole_video_annotation": "In the video, a man is seen interacting with a child on a sidewalk in an urban area. The man repeatedly picks up the child, walks with them, and then sets them down. The child appears curious and engaged with the surroundings, often looking around. The man's actions seem to involve walking with the child in his arms for extended periods, with the child showing interest in the environment. There is no clear indication of the man teaching the child to walk, helping them cross the street, or conducting a social experiment. The interaction appears more playful and exploratory.\n\nGiven the options:\nA. To teach the child how to walk. - Unlikely, as the man is picking up the child and carrying them.\nB. To help the child cross the street safely. - Unlikely, as there is no indication of a street or crossing activity.\nC. To play a game with the child. - Possible, as the interaction seems playful and exploratory.\nD. To conduct a social experiment. - Unlikely, as there is no evidence of experimental behavior.\n\nThe most plausible reason is **C. To play a game with the child.**",
    "annotations_summary": "### Summary of Frame-Level Descriptions:\n\nThe video shows a man interacting with a child on a sidewalk in an urban area. The man repeatedly picks up the child, walks with them in his arms, and occasionally sets them down. The child appears curious and engaged with the surroundings, often looking around and pointing at things. The man's actions involve walking with the child for extended periods, with the child showing interest in the environment. The interaction seems playful and exploratory, with no clear indication of teaching the child to walk, helping them cross the street, or conducting a social experiment.\n\n### Summary of Video-Level Description:\n\nIn the video, a man is seen interacting with a child on a sidewalk in an urban area. The man repeatedly picks up the child, walks with them, and then sets them down. The child appears curious and engaged with the surroundings, often looking around. The man's actions seem to involve walking with the child in his arms for extended periods, with the child showing interest in the environment. The interaction appears more playful and exploratory.\n\n### Most Plausible Reason for the Interaction:\n\nThe most plausible reason for the man's actions is **C. To play a game with the child.** The interaction is characterized by repeated picking up and setting down of the child, along with the child's curious and engaged behavior, suggesting a playful and exploratory dynamic."
  }
}