{
  "qid": "0910-2",
  "video_id": "7_jo2loOZ9Q",
  "video_path": "videos\\0910_7_jo2loOZ9Q.mp4",
  "main_question": "Is the man picking up the child to see if anyone will intervene in a social experiment?",
  "sub_questions": "To better understand the video and the context of the main question, consider the following sub-questions:\n\n1. **What is the setting and environment of the video?**\n   - Is this taking place in a public space, a private setting, or a controlled environment? Understanding the setting can provide context for the social dynamics at play.\n\n2. **How do bystanders react when the man picks up the child?**\n   - Do people seem concerned, confused, or indifferent? Observing the reactions of others can help determine if this is a social experiment or a genuine situation.\n\n3. **Are there any signs or indications that this is a staged event?**\n   - Are there cameras, crew members, or other elements that suggest this might be part of a television show or documentary? Identifying these signs can clarify whether this is a social experiment.",
  "annotations": {
    "frame_annotations": [
      {
        "timestamp": 0.0,
        "annotation": "A man is walking towards a child on a busy street. Several people are walking around in the background."
      },
      {
        "timestamp": 1.0,
        "annotation": "The man is now closer to the child, who is standing still. The crowd around them continues to move."
      },
      {
        "timestamp": 2.0,
        "annotation": "The man is bending down towards the child, appearing to engage with them. The surrounding crowd is still walking by."
      },
      {
        "timestamp": 3.0,
        "annotation": "The man is now picking up the child. A few people in the background seem to notice the interaction."
      },
      {
        "timestamp": 4.0,
        "annotation": "The man is holding the child, who appears to be looking around. More people are starting to pay attention to the scene."
      },
      {
        "timestamp": 5.0,
        "annotation": "The man is walking away with the child in his arms. The crowd's reaction varies; some people are looking at them, while others continue walking."
      },
      {
        "timestamp": 6.0,
        "annotation": "The man and the child are moving further away from the initial location. A few individuals are following them with their gaze."
      },
      {
        "timestamp": 7.0,
        "annotation": "The scene shifts to a different perspective, showing a woman with red hair walking towards a bench. The man and child are no longer in the frame."
      },
      {
        "timestamp": 8.0,
        "annotation": "The woman with red hair is now closer to the bench, appearing to be on her phone. The environment is quieter with fewer people around."
      },
      {
        "timestamp": 9.0,
        "annotation": "The woman with red hair is sitting on the bench, still on her phone. The scene is calm with minimal activity in the background."
      },
      {
        "timestamp": 10.0,
        "annotation": "The scene is calm with minimal activity. The woman with red hair is sitting on the bench, still on her phone. A man in a plaid shirt is walking towards the bench."
      },
      {
        "timestamp": 11.0,
        "annotation": "The man in the plaid shirt is approaching the bench where the woman with red hair is sitting. The scene remains calm."
      },
      {
        "timestamp": 12.0,
        "annotation": "The man in the plaid shirt is now closer to the bench, still walking towards it. The woman with red hair continues to be on her phone."
      },
      {
        "timestamp": 13.0,
        "annotation": "The man in the plaid shirt is directly in front of the bench. The woman with red hair is still engrossed in her phone."
      },
      {
        "timestamp": 14.0,
        "annotation": "The man in the plaid shirt is bending down towards the child sitting next to the woman with red hair. The woman with red hair is still on her phone."
      },
      {
        "timestamp": 15.0,
        "annotation": "The man in the plaid shirt is picking up the child. The woman with red hair is still on her phone, seemingly unaware of the situation."
      },
      {
        "timestamp": 16.0,
        "annotation": "The man in the plaid shirt is holding the child and starts to walk away from the bench. The woman with red hair is still on her phone."
      },
      {
        "timestamp": 17.0,
        "annotation": "The man in the plaid shirt is walking away with the child. The woman with red hair is still on her phone, showing no reaction."
      },
      {
        "timestamp": 18.0,
        "annotation": "The man in the plaid shirt is further away from the bench, still carrying the child. The woman with red hair remains on her phone."
      },
      {
        "timestamp": 19.0,
        "annotation": "The man in the plaid shirt is continuing to walk away with the child. The woman with red hair is still on her phone, unaware of the situation."
      },
      {
        "timestamp": 20.0,
        "annotation": "The man in the plaid shirt is walking away with the child in his arms. The woman with red hair is still on her phone, unaware of the situation."
      },
      {
        "timestamp": 21.0,
        "annotation": "The man in the plaid shirt continues to walk away with the child. The woman with red hair remains on her phone, showing no signs of noticing the situation."
      },
      {
        "timestamp": 22.0,
        "annotation": "The man in the plaid shirt is still walking away with the child. The woman with red hair is still engrossed in her phone."
      },
      {
        "timestamp": 23.0,
        "annotation": "The man in the plaid shirt is further away, continuing to walk with the child. The woman with red hair is still on her phone."
      },
      {
        "timestamp": 24.0,
        "annotation": "The man in the plaid shirt is walking away with the child, now slightly out of the woman's immediate view. The woman with red hair is still on her phone."
      },
      {
        "timestamp": 25.0,
        "annotation": "The man in the plaid shirt is continuing to walk away with the child. The woman with red hair is still on her phone, unaware of the situation."
      },
      {
        "timestamp": 26.0,
        "annotation": "The man in the plaid shirt is walking away with the child, now more distant from the woman. The woman with red hair is still on her phone."
      },
      {
        "timestamp": 27.0,
        "annotation": "The man in the plaid shirt is further away, continuing to walk with the child. The woman with red hair is still engrossed in her phone."
      },
      {
        "timestamp": 28.0,
        "annotation": "The man in the plaid shirt is walking away with the child, now significantly distant from the woman. The woman with red hair is still on her phone."
      },
      {
        "timestamp": 29.0,
        "annotation": "The man in the plaid shirt is continuing to walk away with the child. The woman with red hair is still on her phone, showing no signs of noticing the situation."
      },
      {
        "timestamp": 30.0,
        "annotation": "The man in the plaid shirt is continuing to walk away with the child. The woman with red hair is still on her phone, showing no signs of noticing the situation."
      },
      {
        "timestamp": 31.0,
        "annotation": "The man in the plaid shirt continues to walk away with the child. The woman with red hair remains on her phone, still not noticing the situation."
      },
      {
        "timestamp": 32.0,
        "annotation": "The man in the plaid shirt is still walking away with the child. The woman with red hair is still engrossed in her phone."
      },
      {
        "timestamp": 33.0,
        "annotation": "The man in the plaid shirt is further away, still carrying the child. The woman with red hair continues to be on her phone."
      },
      {
        "timestamp": 34.0,
        "annotation": "The man in the plaid shirt is now closer to the entrance of a building with the child. The woman with red hair is still on her phone."
      },
      {
        "timestamp": 35.0,
        "annotation": "The man in the plaid shirt enters the building with the child. The woman with red hair is still on her phone, unaware of the situation."
      },
      {
        "timestamp": 36.0,
        "annotation": "The man in the plaid shirt is inside the building with the child. The woman with red hair is still on her phone, showing no signs of noticing the situation."
      },
      {
        "timestamp": 37.0,
        "annotation": "The man in the plaid shirt is further inside the building with the child. The woman with red hair is still on her phone."
      },
      {
        "timestamp": 38.0,
        "annotation": "The man in the plaid shirt is deeper inside the building with the child. The woman with red hair continues to be on her phone."
      },
      {
        "timestamp": 39.0,
        "annotation": "The man in the plaid shirt is no longer visible as he has gone further into the building with the child. The woman with red hair is still on her phone."
      },
      {
        "timestamp": 40.0,
        "annotation": "The man in the plaid shirt is visible again, now carrying the child. He is walking away from the building. The woman with red hair is still on her phone."
      },
      {
        "timestamp": 41.0,
        "annotation": "The man in the plaid shirt continues to walk away from the building with the child. The woman with red hair remains on her phone, seemingly unaware of the situation."
      },
      {
        "timestamp": 42.0,
        "annotation": "The man in the plaid shirt is further away from the building, still carrying the child. The woman with red hair is still engrossed in her phone."
      },
      {
        "timestamp": 43.0,
        "annotation": "The man in the plaid shirt is now near a signpost. He is still carrying the child and walking away. The woman with red hair is still on her phone."
      },
      {
        "timestamp": 44.0,
        "annotation": "The man in the plaid shirt is now out of the frame, having walked further away with the child. The woman with red hair is still on her phone."
      },
      {
        "timestamp": 45.0,
        "annotation": "The man in the plaid shirt is no longer visible. The woman with red hair is still on her phone, showing no signs of noticing the man or the child."
      },
      {
        "timestamp": 46.0,
        "annotation": "The scene focuses on the woman with red hair, who is still on her phone. The man and the child are no longer in the frame."
      },
      {
        "timestamp": 47.0,
        "annotation": "The woman with red hair is still engrossed in her phone. The man and the child remain out of the frame."
      }
    ],
    "whole_video_annotation": "The video depicts two separate incidents where men pick up children in public settings, and the reactions of bystanders are observed. Here's a general description of what happens:\n\n1. **First Incident (Frames 0-6):**\n   - A man approaches a child standing on a busy street.\n   - He bends down, engages with the child, and then picks them up.\n   - The man walks away with the child while the crowd's reactions vary; some people notice, but no one intervenes.\n\n2. **Second Incident (Frames 7-47):**\n   - A woman with red hair is sitting on a bench, engrossed in her phone, with a child sitting next to her.\n   - A man in a plaid shirt approaches, picks up the child, and walks away.\n   - The woman with red hair remains oblivious to the situation, continuing to use her phone throughout the incident.\n   - The man walks away with the child, eventually entering a building and exiting it before walking out of the frame.\n\nThe video seems to be documenting a social experiment to observe how bystanders react when a stranger picks up a child in public.",
    "annotations_summary": "The video captures two incidents where men pick up children in public settings, highlighting the reactions of bystanders.\n\nIn the first incident (0-6 seconds), a man approaches a child on a busy street. He bends down, engages with the child, picks them up, and walks away. The crowd's reactions vary; some people notice, but no one intervenes.\n\nIn the second incident (7-47 seconds), a woman with red hair is sitting on a bench, engrossed in her phone, with a child sitting next to her. A man in a plaid shirt approaches, picks up the child, and walks away. The woman remains oblivious, continuing to use her phone throughout the incident. The man walks away with the child, enters a building, exits it, and eventually walks out of the frame.\n\nThe video appears to document a social experiment to observe how bystanders react when a stranger picks up a child in public."
  }
}