{
  "qid": "0914-3",
  "video_id": "3TSZfcowUus",
  "video_path": "videos\\0914_3TSZfcowUus.mp4",
  "main_question": "Is the beer bottle placed under the faucet to demonstrate a quick cooling method for the beer?",
  "sub_questions": "To better understand the video and determine if the beer bottle is placed under the faucet to demonstrate a quick cooling method for the beer, consider the following sub-questions:\n\n1. **What is the context or setting of the video?**\n   - Is it a tutorial, a demonstration, a commercial, or something else?\n   - Understanding the context can provide clues about the purpose of the action.\n\n2. **Are there any verbal or visual instructions provided in the video?**\n   - Does the video include narration, text overlays, or other visual cues that explain why the beer bottle is under the faucet?\n   - This can help clarify whether the action is intended to cool the beer quickly or for another reason.\n\n3. **What happens to the beer bottle after it is placed under the faucet?**\n   - Is there a noticeable change in the temperature of the beer or the bottle?\n   - Does the video show the beer being consumed or used in a way that suggests it was cooled quickly?\n   - Observing the outcome can help determine if the cooling method is being demonstrated.",
  "annotations": {
    "frame_annotations": [
      {
        "timestamp": 0.0,
        "annotation": "A beer bottle is placed under a faucet with water running over it. There is another bottle visible in the background."
      },
      {
        "timestamp": 1.0,
        "annotation": "A hand is seen holding the beer bottle under the faucet. The water is still running over the bottle. No noticeable change from the previous frame."
      },
      {
        "timestamp": 2.0,
        "annotation": "The beer bottle is still under the faucet with water running over it. The hand is adjusting the bottle slightly. No noticeable change from the previous frame."
      },
      {
        "timestamp": 3.0,
        "annotation": "The beer bottle is still under the faucet with water running over it. The hand is still adjusting the bottle slightly. No noticeable change from the previous frame."
      },
      {
        "timestamp": 4.0,
        "annotation": "The beer bottle is still under the faucet with water running over it. The hand is still adjusting the bottle slightly. No noticeable change from the previous frame."
      },
      {
        "timestamp": 5.0,
        "annotation": "The hand releases the beer bottle, which is now fully under the faucet with water running over it. Noticeable change: the hand is no longer holding the bottle."
      },
      {
        "timestamp": 6.0,
        "annotation": "A different object, possibly a can, is now being held under the faucet with water running over it. Noticeable change: the beer bottle is no longer under the faucet."
      },
      {
        "timestamp": 7.0,
        "annotation": "The can is still under the faucet with water running over it. The hand is adjusting the can slightly. No noticeable change from the previous frame."
      },
      {
        "timestamp": 8.0,
        "annotation": "The can is being tilted under the faucet with water running over it. Noticeable change: the can is tilted compared to the previous frame."
      },
      {
        "timestamp": 9.0,
        "annotation": "The can is still tilted under the faucet with water running over it. No noticeable change from the previous frame."
      },
      {
        "timestamp": 10.0,
        "annotation": "A hand is holding a beer bottle under a faucet with cold water running over it. The bottle is tilted to allow water to flow over its surface. No noticeable change from the previous frame."
      },
      {
        "timestamp": 11.0,
        "annotation": "The beer bottle remains under the faucet with cold water running over it. The hand holding the bottle is in the same position. No noticeable change from the previous frame."
      },
      {
        "timestamp": 12.0,
        "annotation": "The beer bottle is still under the faucet with cold water running over it. The hand holding the bottle is in the same position. No noticeable change from the previous frame."
      },
      {
        "timestamp": 13.0,
        "annotation": "The beer bottle is still under the faucet with cold water running over it. The hand holding the bottle is in the same position. No noticeable change from the previous frame."
      },
      {
        "timestamp": 14.0,
        "annotation": "The beer bottle is still under the faucet with cold water running over it. The hand holding the bottle is in the same position. No noticeable change from the previous frame."
      },
      {
        "timestamp": 15.0,
        "annotation": "The beer bottle is still under the faucet with cold water running over it. The hand holding the bottle is in the same position. No noticeable change from the previous frame."
      },
      {
        "timestamp": 16.0,
        "annotation": "The beer bottle is still under the faucet with cold water running over it. The hand holding the bottle is in the same position. No noticeable change from the previous frame."
      }
    ],
    "whole_video_annotation": "The video appears to demonstrate a method of quickly cooling beverages using running water. Here's a general description of what is happening:\n\nA beer bottle is initially placed under a faucet with water running over it. A hand adjusts the bottle's position to ensure it is fully under the water stream. After a few seconds, the hand releases the bottle, allowing it to remain under the faucet. The scene then shifts to a can being held under the faucet with water running over it, followed by the beer bottle being held under the faucet again, tilted to allow water to flow over its surface. The hand continues to hold the bottle in this position for an extended period, suggesting that the running water is being used to cool the beverage quickly.\n\nBased on this description, it is plausible that the video is demonstrating a quick cooling method for beverages using running water.",
    "annotations_summary": "The video demonstrates a method for quickly cooling beverages using running water. Here's a brief summary:\n\n1. **Initial Setup (0-5s):**\n   - A beer bottle is placed under a faucet with water running over it.\n   - A hand adjusts the bottle's position to ensure it is fully under the water stream and then releases it.\n\n2. **Can Cooling (6-9s):**\n   - A can is held under the faucet with water running over it.\n   - The can is tilted to allow water to flow over its surface.\n\n3. **Beer Bottle Cooling (10-16s):**\n   - The beer bottle is held under the faucet again, tilted to allow water to flow over its surface.\n   - The hand continues to hold the bottle in this position for an extended period, suggesting the use of running water to cool the beverage quickly.\n\nThe video effectively shows the process of cooling both a beer bottle and a can using running water."
  }
}