{
  "qid": "0919-0",
  "video_id": "mtLq3F4lIfY",
  "video_path": "videos\\0919_mtLq3F4lIfY.mp4",
  "main_question": "How does the man create the rainbow?",
  "sub_questions": "To better understand how the man creates the rainbow in the video, consider the following sub-questions:\n\n1. **What materials or tools does the man use to create the rainbow?**\n   - This will help identify the specific elements involved in the process.\n\n2. **What steps or procedures does the man follow to produce the rainbow?**\n   - Understanding the sequence of actions will provide insight into the method used.\n\n3. **Are there any scientific principles or optical effects demonstrated in the creation of the rainbow?**\n   - This will help explain the underlying physics or phenomena that make the rainbow appear.",
  "annotations": {
    "frame_annotations": [
      {
        "timestamp": 0.0,
        "annotation": "A man is holding a roll of yellow tape in front of a dark background. There is a small white car and a red rose in the background. The man is taking a selfie video."
      },
      {
        "timestamp": 1.0,
        "annotation": "The man is still holding the yellow tape, but now he is holding it with one hand while his other hand is visible. No significant change in the background."
      },
      {
        "timestamp": 2.0,
        "annotation": "The man starts to unroll the yellow tape slightly, revealing the clear adhesive side. The background remains the same."
      },
      {
        "timestamp": 3.0,
        "annotation": "The man is now using a marker to draw on the adhesive side of the tape. The drawing appears to be colorful."
      },
      {
        "timestamp": 4.0,
        "annotation": "The man continues to draw on the tape, adding more colors to create a rainbow pattern. The background and his pose remain unchanged."
      },
      {
        "timestamp": 5.0,
        "annotation": "The man finishes drawing the rainbow pattern on the tape and holds it up to show the completed design. The background remains the same."
      },
      {
        "timestamp": 6.0,
        "annotation": "The scene changes to a different setting where the man is sitting at a table with a light source. He is holding the modified tape up to the light."
      },
      {
        "timestamp": 7.0,
        "annotation": "The light shines through the tape, projecting a rainbow pattern onto the wall behind the man. The man looks surprised or impressed."
      },
      {
        "timestamp": 8.0,
        "annotation": "The man is now back in the original setting, sitting in front of a colorful background. He is holding the tape with the rainbow design."
      },
      {
        "timestamp": 9.0,
        "annotation": "The man is showing the tape more closely, highlighting the rainbow pattern he drew on it. The background remains colorful and unchanged."
      },
      {
        "timestamp": 10.0,
        "annotation": "The man is holding a roll of clear tape in both hands, preparing to unroll it. The background remains colorful and unchanged."
      },
      {
        "timestamp": 11.0,
        "annotation": "The man starts to unroll the tape, holding it out in front of him. The background remains colorful and unchanged."
      },
      {
        "timestamp": 12.0,
        "annotation": "The man continues to unroll the tape, extending his arms further. The background remains colorful and unchanged."
      },
      {
        "timestamp": 13.0,
        "annotation": "The man has unrolled a significant length of tape, creating a loop. The background remains colorful and unchanged."
      },
      {
        "timestamp": 14.0,
        "annotation": "The man holds the loop of tape steady with both hands. The background remains colorful and unchanged."
      },
      {
        "timestamp": 15.0,
        "annotation": "The man picks up a pair of scissors with his right hand, preparing to cut the tape. The background remains colorful and unchanged."
      },
      {
        "timestamp": 16.0,
        "annotation": "The man cuts the tape with the scissors, creating a circular shape. The background remains colorful and unchanged."
      },
      {
        "timestamp": 17.0,
        "annotation": "The man holds up the circular piece of tape, showing it to the camera. The background remains colorful and unchanged."
      },
      {
        "timestamp": 18.0,
        "annotation": "The man places the circular piece of tape on the table. The background remains colorful and unchanged."
      },
      {
        "timestamp": 19.0,
        "annotation": "The man picks up a stack of colored markers or pencils and holds them above the circular piece of tape. The background remains colorful and unchanged."
      },
      {
        "timestamp": 20.0,
        "annotation": "The man continues to hold the stack of colored markers or pencils above the circular piece of tape. The background remains colorful and unchanged."
      },
      {
        "timestamp": 21.0,
        "annotation": "The man continues to hold the stack of colored markers or pencils above the circular piece of tape. The background remains colorful and unchanged."
      },
      {
        "timestamp": 22.0,
        "annotation": "The man continues to hold the stack of colored markers or pencils above the circular piece of tape. The background remains colorful and unchanged."
      },
      {
        "timestamp": 23.0,
        "annotation": "The man continues to hold the stack of colored markers or pencils above the circular piece of tape. The background remains colorful and unchanged."
      },
      {
        "timestamp": 24.0,
        "annotation": "The man continues to hold the stack of colored markers or pencils above the circular piece of tape. The background remains colorful and unchanged."
      },
      {
        "timestamp": 25.0,
        "annotation": "The man continues to hold the stack of colored markers or pencils above the circular piece of tape. The background remains colorful and unchanged."
      },
      {
        "timestamp": 26.0,
        "annotation": "The man continues to hold the stack of colored markers or pencils above the circular piece of tape. The background remains colorful and unchanged."
      },
      {
        "timestamp": 27.0,
        "annotation": "The man starts to unroll the tape from the circular piece, revealing the adhesive side. The stack of markers remains held above the tape."
      },
      {
        "timestamp": 28.0,
        "annotation": "The man continues to unroll the tape, now holding it vertically. The stack of markers is still above the tape."
      },
      {
        "timestamp": 29.0,
        "annotation": "The man begins to dip the red marker into a container, likely containing water. The tape is held vertically beside the container."
      },
      {
        "timestamp": 30.0,
        "annotation": "The man continues to dip the red marker into the container. The tape is still held vertically beside the container."
      },
      {
        "timestamp": 31.0,
        "annotation": "The man continues to dip the red marker into the container. The tape is still held vertically beside the container."
      },
      {
        "timestamp": 32.0,
        "annotation": "The man continues to dip the red marker into the container. The tape is still held vertically beside the container."
      },
      {
        "timestamp": 33.0,
        "annotation": "The man continues to dip the red marker into the container. The tape is still held vertically beside the container."
      },
      {
        "timestamp": 34.0,
        "annotation": "The man continues to dip the red marker into the container. The tape is still held vertically beside the container."
      },
      {
        "timestamp": 35.0,
        "annotation": "The man continues to dip the red marker into the container. The tape is still held vertically beside the container."
      },
      {
        "timestamp": 36.0,
        "annotation": "The man continues to dip the red marker into the container. The tape is still held vertically beside the container."
      },
      {
        "timestamp": 37.0,
        "annotation": "The man continues to dip the red marker into the container. The tape is still held vertically beside the container."
      },
      {
        "timestamp": 38.0,
        "annotation": "The man continues to dip the red marker into the container. The tape is still held vertically beside the container."
      },
      {
        "timestamp": 39.0,
        "annotation": "The man continues to dip the red marker into the container. The tape is still held vertically beside the container."
      },
      {
        "timestamp": 40.0,
        "annotation": "A prism is placed in front of a light source, creating a spectrum of colors projected onto a wall, forming a rainbow effect. There is no previous frame to compare with."
      }
    ],
    "whole_video_annotation": "In the video, a man demonstrates two different methods to create rainbow effects using tape.\n\nFirst, he takes a roll of yellow tape and draws a rainbow pattern on the adhesive side using colorful markers. He then holds the tape up to a light source, projecting the rainbow pattern onto a wall.\n\nSecondly, he unrolls a length of clear tape into a loop, cuts it into a circular shape, and dips colored markers into a container, likely containing water, to create a rainbow effect on the tape. The final frame shows a prism creating a rainbow spectrum, which seems to be a separate demonstration not directly related to the tape activities.\n\nThe video alternates between these two activities, showcasing the man's creative process in making rainbow designs with simple materials.",
    "annotations_summary": "The video demonstrates two methods to create rainbow effects using tape:\n\n1. **Rainbow Pattern on Yellow Tape**:\n   - The man starts by holding a roll of yellow tape and draws a rainbow pattern on the adhesive side using colorful markers.\n   - He then holds the tape up to a light source, projecting the rainbow pattern onto a wall, creating a visually impressive effect.\n\n2. **Rainbow Effect on Clear Tape**:\n   - The man unrolls a length of clear tape into a loop and cuts it into a circular shape.\n   - He dips colored markers into a container, likely containing water, to create a rainbow effect on the tape.\n\nThe video alternates between these two activities, showcasing the man's creative process. The final frame features a prism creating a rainbow spectrum, which appears to be a separate demonstration not directly related to the tape activities."
  }
}