{
  "qid": "0924-2",
  "video_id": "ubFbhebEchE",
  "video_path": "videos\\0924_ubFbhebEchE.mp4",
  "main_question": "Is the woman in the white top holding a red book at the end of the video?",
  "sub_questions": "To better understand the video and answer the main question, here are three helpful sub-questions:\n\n1. **What is the woman wearing throughout the video, and does she change her top at any point?**\n   - This will help confirm if she is indeed wearing a white top at the end of the video.\n\n2. **Are there any books visible in the video, and if so, what color are they and who is holding them?**\n   - This will help identify if there is a red book and who is holding it.\n\n3. **What happens at the end of the video, and what is the woman doing with any objects she is holding?**\n   - This will provide context for the woman's actions at the end of the video, specifically regarding any books she might be holding.",
  "annotations": {
    "frame_annotations": [
      {
        "timestamp": 0.0,
        "annotation": "A man is holding a blue and white gradient cup in front of a pink background."
      },
      {
        "timestamp": 0.97,
        "annotation": "The man slightly moves his hand holding the cup. The cup appears slightly tilted."
      },
      {
        "timestamp": 1.94,
        "annotation": "The man raises the cup higher, and his expression changes slightly."
      },
      {
        "timestamp": 2.9,
        "annotation": "A woman in a pink top appears in the frame, holding a cake. The man is still holding the cup."
      },
      {
        "timestamp": 3.87,
        "annotation": "The frame is blurry, indicating motion. The woman seems to be moving towards the man."
      },
      {
        "timestamp": 4.84,
        "annotation": "The scene shows a close-up of a table with some white substance spilled on it. The woman is out of frame."
      },
      {
        "timestamp": 5.81,
        "annotation": "The woman is seen throwing or dropping something, causing more white substance to spill on the table."
      },
      {
        "timestamp": 6.77,
        "annotation": "A close-up of the blue and white gradient cup is shown, with a hand holding it."
      },
      {
        "timestamp": 7.74,
        "annotation": "The woman is now in a different room, holding the large blue and white gradient cup. She appears to be laughing or reacting to something."
      },
      {
        "timestamp": 8.71,
        "annotation": "The woman is covered in the white substance, indicating she has been hit or splashed with it. She appears to be in motion, possibly running or jumping."
      },
      {
        "timestamp": 9.68,
        "annotation": "The woman in the white top is now outside. She is holding a blue cup and appears to be looking at the camera. The previous white substance is no longer visible on her."
      },
      {
        "timestamp": 10.64,
        "annotation": "The woman in the white top is still holding the blue cup. She is looking slightly to the side, possibly at someone or something off-camera."
      },
      {
        "timestamp": 11.61,
        "annotation": "The woman in the white top is still holding the blue cup. She appears to be tilting her head slightly, possibly in anticipation or reaction to something."
      },
      {
        "timestamp": 12.58,
        "annotation": "The woman in the white top is still holding the blue cup. The camera angle has changed slightly, focusing more on her upper body."
      },
      {
        "timestamp": 13.55,
        "annotation": "The woman in the white top is still holding the blue cup. The camera angle has changed again, showing more of the background and less of her body."
      },
      {
        "timestamp": 14.51,
        "annotation": "The view has shifted to show a garden or backyard area. The woman in the white top is no longer in the frame."
      },
      {
        "timestamp": 15.48,
        "annotation": "The view is still focused on the garden or backyard area. The woman in the white top is still not visible."
      },
      {
        "timestamp": 16.45,
        "annotation": "The view is still focused on the garden or backyard area. The woman in the white top is still not visible."
      },
      {
        "timestamp": 17.42,
        "annotation": "The woman in the white top has reappeared in the frame. She is now closer to the camera and appears to be pouring the contents of the blue cup onto another person sitting down."
      },
      {
        "timestamp": 18.39,
        "annotation": "The woman in the white top is still pouring the contents of the blue cup onto the other person. The other person is holding a red book and appears to be reacting to being poured on."
      },
      {
        "timestamp": 19.35,
        "annotation": "The woman in the white top is still pouring the contents of the blue cup onto the other person. The other person is still reacting to being poured on, with more blue substance visible on their face and clothing."
      },
      {
        "timestamp": 20.32,
        "annotation": "The woman in the white top continues to pour the blue substance. The other person's reaction intensifies, with their mouth open wider and more blue substance on their face."
      },
      {
        "timestamp": 21.29,
        "annotation": "The pouring action seems to be nearing its end as the woman in the white top tilts the cup upward. The other person's expression of surprise remains prominent."
      },
      {
        "timestamp": 22.26,
        "annotation": "The woman in the white top has stopped pouring and is now looking at the other person with a surprised expression. The other person's mouth is still open in reaction."
      },
      {
        "timestamp": 23.22,
        "annotation": "The woman in the white top is now looking down at the red book she is holding, which is visible in her hands. The other person's reaction starts to subside."
      },
      {
        "timestamp": 24.19,
        "annotation": "The woman in the white top is holding the red book in front of her, seemingly showing it to the other person. The other person's expression has returned to a more neutral state."
      }
    ],
    "whole_video_annotation": "The video appears to depict a playful and humorous sequence of events involving two main characters: a man and a woman. Here's a general description of what happens:\n\n1. **Initial Scene**: The video starts with a man holding a blue and white gradient cup in front of a pink background. His expression changes slightly as he raises the cup.\n\n2. **Introduction of the Woman**: A woman in a pink top enters the frame holding a cake. The scene becomes blurry, suggesting motion as she moves towards the man.\n\n3. **Accidental Spill**: The woman seems to accidentally spill a white substance on a table, and she is seen throwing or dropping something, causing more of the substance to spill.\n\n4. **Cup Exchange**: The woman is then seen holding the large blue and white gradient cup and appears to be laughing. She gets covered in the white substance, indicating she has been hit or splashed with it.\n\n5. **Outdoor Scene**: The woman, now in a white top and holding a blue cup, appears outside. She pours the contents of the blue cup onto another person sitting down, who is holding a red book and reacts with surprise.\n\n6. **Conclusion**: Towards the end of the video, the woman stops pouring and looks at the other person with a surprised expression. She then holds the red book in front of her, seemingly showing it to the other person.\n\nIn summary, the video captures a light-hearted and chaotic sequence of events involving spills, laughter, and playful interactions, culminating in the woman holding a red book at the end.\n\nTo answer the user's question: Yes, the woman in the white top is holding a red book at the end of the video.",
    "annotations_summary": "The video depicts a humorous and playful sequence involving a man and a woman. Here's a brief summary:\n\n1. **Initial Scene**: A man holds a blue and white gradient cup in front of a pink background, slightly moving and raising it while his expression changes.\n\n2. **Introduction of the Woman**: A woman in a pink top enters, holding a cake. She accidentally spills a white substance on a table, causing a mess.\n\n3. **Cup Exchange and Reaction**: The woman ends up holding the blue and white gradient cup and gets covered in the white substance. She appears to be laughing and reacting to the situation.\n\n4. **Outdoor Scene**: The woman, now in a white top and holding a blue cup, pours its contents onto another person sitting down, who is holding a red book and reacts with surprise.\n\n5. **Conclusion**: The woman stops pouring and looks at the other person with surprise. She then holds the red book in front of her, seemingly showing it to the other person.\n\nThe video captures a light-hearted and chaotic series of events, ending with the woman holding the red book."
  }
}