{
  "qid": "0927-1",
  "video_id": "2DEz3_PwR80",
  "video_path": "videos\\0927_2DEz3_PwR80.mp4",
  "main_question": "Which arm does the man in black use to hold the child in the video?",
  "sub_questions": "To better understand the video and answer the main question, consider the following sub-questions:\n\n1. **Can you describe the scene where the man in black is holding the child?**\n   - This will help to identify the specific moment in the video to focus on.\n\n2. **What is the man in black wearing, and how is he positioned relative to the child?**\n   - This can provide additional context to confirm the man's appearance and his interaction with the child.\n\n3. **Are there any clear views of both of the man's arms while he is holding the child?**\n   - This will help determine which arm is being used to hold the child.",
  "annotations": {
    "frame_annotations": [
      {
        "timestamp": 0.0,
        "annotation": "A man in a black shirt is holding a baby. The man is holding an ice cream cone. The baby is reaching out towards the ice cream."
      },
      {
        "timestamp": 1.0,
        "annotation": "The baby's hand is closer to the ice cream cone. The man is still holding the baby with his left arm."
      },
      {
        "timestamp": 2.0,
        "annotation": "The baby's hand is now touching the ice cream. The man is still holding the baby with his left arm."
      },
      {
        "timestamp": 3.0,
        "annotation": "The baby is licking the ice cream. The man is still holding the baby with his left arm."
      },
      {
        "timestamp": 4.0,
        "annotation": "The baby is still licking the ice cream. The man is still holding the baby with his left arm."
      },
      {
        "timestamp": 5.0,
        "annotation": "The baby is still licking the ice cream. The man is still holding the baby with his left arm."
      },
      {
        "timestamp": 6.0,
        "annotation": "The baby is still licking the ice cream. The man is still holding the baby with his left arm."
      },
      {
        "timestamp": 7.0,
        "annotation": "The baby is still licking the ice cream. The man is still holding the baby with his left arm."
      },
      {
        "timestamp": 8.0,
        "annotation": "The baby is still licking the ice cream. The man is still holding the baby with his left arm."
      },
      {
        "timestamp": 9.0,
        "annotation": "The baby is still licking the ice cream. The man is still holding the baby with his left arm."
      },
      {
        "timestamp": 10.0,
        "annotation": "The baby is still licking the ice cream. The man is still holding the baby with his left arm."
      },
      {
        "timestamp": 11.0,
        "annotation": "The baby continues to lick the ice cream. The man is still holding the baby with his left arm. No noticeable change from the previous frame."
      },
      {
        "timestamp": 12.0,
        "annotation": "The baby is still licking the ice cream. The man is still holding the baby with his left arm. No noticeable change from the previous frame."
      },
      {
        "timestamp": 13.0,
        "annotation": "The baby is still licking the ice cream. The man is still holding the baby with his left arm. No noticeable change from the previous frame."
      },
      {
        "timestamp": 14.0,
        "annotation": "The baby is still licking the ice cream. The man is still holding the baby with his left arm. No noticeable change from the previous frame."
      },
      {
        "timestamp": 15.0,
        "annotation": "The baby is still licking the ice cream. The man is still holding the baby with his left arm. No noticeable change from the previous frame."
      },
      {
        "timestamp": 16.0,
        "annotation": "The baby is still licking the ice cream. The man is still holding the baby with his left arm. No noticeable change from the previous frame."
      },
      {
        "timestamp": 17.0,
        "annotation": "The baby is still licking the ice cream. The man is still holding the baby with his left arm. No noticeable change from the previous frame."
      },
      {
        "timestamp": 18.0,
        "annotation": "The baby is still licking the ice cream. The man is still holding the baby with his left arm. No noticeable change from the previous frame."
      }
    ],
    "whole_video_annotation": "In the video, a man wearing a black shirt is holding a baby. The man is also holding an ice cream cone, which the baby is reaching for and eventually starts licking. Throughout the video, the man consistently holds the baby with his left arm while the baby enjoys the ice cream.\n\nThe man uses his left arm to hold the child in the video.",
    "annotations_summary": "The video shows a man in a black shirt holding a baby with his left arm. The man also holds an ice cream cone, which the baby reaches for and begins to lick. Throughout the entire 18 seconds of the video, the baby continues to lick the ice cream while the man consistently holds the baby with his left arm. There are no significant changes in the scene after the baby starts licking the ice cream."
  }
}