{
  "qid": "0933-1",
  "video_id": "bLr422lyAyY",
  "video_path": "videos\\0933_bLr422lyAyY.mp4",
  "main_question": "What was the reason the man in the costume started the fire?",
  "sub_questions": "To better understand the video and the reason the man in the costume started the fire, consider the following sub-questions:\n\n1. **What was the context or setting of the video?**\n   - Understanding the environment and circumstances can provide clues about the man's motivations.\n\n2. **Were there any interactions or events leading up to the fire?**\n   - Knowing if there were any preceding actions, conversations, or incidents can help determine if the fire was a response to something specific.\n\n3. **What was the man's behavior like before and after starting the fire?**\n   - Observing his demeanor and actions can offer insights into his state of mind and intentions.",
  "annotations": {
    "frame_annotations": [
      {
        "timestamp": 0.0,
        "annotation": "A woman in a yellow cardigan is sitting at a desk working on a laptop. Behind her, there is a person in a large, furry costume resembling a horse or similar animal. The text overlay reads: 'She wasn't expecting it and neither was I \ud83d\ude02\ud83d\ude02'."
      },
      {
        "timestamp": 1.0,
        "annotation": "The woman continues to work on her laptop, seemingly unaware of the person in the costume behind her. The costume remains stationary."
      },
      {
        "timestamp": 2.0,
        "annotation": "The woman is still focused on her laptop. The person in the costume starts to move closer to the woman, leaning in slightly."
      },
      {
        "timestamp": 3.0,
        "annotation": "The person in the costume is now very close to the woman, almost directly behind her. The woman appears to be still engrossed in her work."
      },
      {
        "timestamp": 4.0,
        "annotation": "The person in the costume is even closer, their head almost touching the woman's shoulder. The woman shows no sign of noticing the presence behind her."
      },
      {
        "timestamp": 5.0,
        "annotation": "The person in the costume is now very close to the woman's face, appearing to look directly at her. The woman still seems unaware."
      },
      {
        "timestamp": 6.0,
        "annotation": "The person in the costume is now very close to the woman's face, appearing to look directly at her. The woman still seems unaware."
      },
      {
        "timestamp": 7.0,
        "annotation": "The woman suddenly looks up, seemingly noticing the person in the costume for the first time. Her expression changes to surprise."
      },
      {
        "timestamp": 8.0,
        "annotation": "The woman reacts with surprise and laughter, looking directly at the person in the costume. The person in the costume appears to be playfully interacting with her."
      }
    ],
    "whole_video_annotation": "The video appears to be a lighthearted, humorous prank. A woman is engrossed in working on her laptop at a desk, unaware that a person in a large, furry costume resembling a horse or similar animal is slowly approaching her from behind. The person in the costume moves closer and closer until they are almost directly behind the woman, looking at her face. The woman remains oblivious until she suddenly notices the costume, reacting with surprise and laughter. The text overlay at the beginning suggests that the prank was unexpected for both the woman and the person setting up the prank. There is no indication of a fire or any reason related to starting a fire in the provided frames.",
    "annotations_summary": "The video captures a humorous prank where a woman is deeply focused on her laptop at a desk, unaware that a person in a large, furry costume resembling a horse is slowly approaching her from behind. The person in the costume moves closer and closer until they are almost directly behind the woman, looking at her face. The woman remains oblivious until she suddenly notices the costume, reacting with surprise and laughter. The text overlay at the beginning indicates that the prank was unexpected for both the woman and the person setting it up. There is no indication of a fire or any fire-related activities in the video."
  }
}