{
  "qid": "0939-1",
  "video_id": "vz9D4nqhTyk",
  "video_path": "videos\\0939_vz9D4nqhTyk.mp4",
  "main_question": "What is the number of individuals acting in the video?",
  "sub_questions": "To better understand the video and determine the number of individuals acting in it, consider the following sub-questions:\n\n1. **Can you describe the scene and setting of the video?**\n   - Understanding the context can help identify if there are multiple locations or scenes that might involve different individuals.\n\n2. **Are there any specific characters or roles mentioned in the video?**\n   - Knowing the roles can give a clue about the number of distinct individuals involved.\n\n3. **Does the video include any credits or introductions that list the actors?**\n   - Credits or introductions often provide a list of the individuals acting in the video, which can directly answer the main question.",
  "annotations": {
    "frame_annotations": [
      {
        "timestamp": 0.0,
        "annotation": "Three individuals are in a living room setting. Two are sitting on a couch, each holding a game controller, and one is on the floor playing with a toy."
      },
      {
        "timestamp": 1.0,
        "annotation": "No noticeable change from the previous frame. The scene remains the same with the three individuals engaged in their activities."
      },
      {
        "timestamp": 2.0,
        "annotation": "No noticeable change from the previous frame. The scene remains the same with the three individuals engaged in their activities."
      },
      {
        "timestamp": 3.0,
        "annotation": "No noticeable change from the previous frame. The scene remains the same with the three individuals engaged in their activities."
      },
      {
        "timestamp": 4.0,
        "annotation": "The individual on the floor starts to move slightly, but the overall scene remains similar."
      },
      {
        "timestamp": 5.0,
        "annotation": "The individual on the floor is now lying down fully on the carpet, while the other two on the couch appear to be more relaxed."
      },
      {
        "timestamp": 6.0,
        "annotation": "The scene changes to a different room. One individual, presumably the father, is standing in a hallway."
      },
      {
        "timestamp": 7.0,
        "annotation": "No noticeable change from the previous frame. The individual in the hallway remains standing."
      },
      {
        "timestamp": 8.0,
        "annotation": "The scene changes again. Now, two individuals are visible. One is lying on the floor with a stuffed animal, and the other is standing in a doorway."
      },
      {
        "timestamp": 9.0,
        "annotation": "No noticeable change from the previous frame. The two individuals remain in their positions."
      },
      {
        "timestamp": 10.0,
        "annotation": "A person is lying on a couch with a blanket, appearing to be asleep. No noticeable change from the previous frame."
      },
      {
        "timestamp": 11.0,
        "annotation": "The person remains asleep on the couch. No noticeable change from the previous frame."
      },
      {
        "timestamp": 12.0,
        "annotation": "The person is still lying on the couch, seemingly asleep. No noticeable change from the previous frame."
      },
      {
        "timestamp": 13.0,
        "annotation": "The person continues to lie on the couch, appearing to be asleep. No noticeable change from the previous frame."
      },
      {
        "timestamp": 14.0,
        "annotation": "The person is still lying on the couch, seemingly asleep. No noticeable change from the previous frame."
      },
      {
        "timestamp": 15.0,
        "annotation": "The person remains asleep on the couch. No noticeable change from the previous frame."
      },
      {
        "timestamp": 16.0,
        "annotation": "The person is still lying on the couch, appearing to be asleep. No noticeable change from the previous frame."
      },
      {
        "timestamp": 17.0,
        "annotation": "The person continues to lie on the couch, seemingly asleep. No noticeable change from the previous frame."
      },
      {
        "timestamp": 18.0,
        "annotation": "The person is still lying on the couch, appearing to be asleep. No noticeable change from the previous frame."
      },
      {
        "timestamp": 19.0,
        "annotation": "The person remains asleep on the couch. No noticeable change from the previous frame."
      },
      {
        "timestamp": 20.0,
        "annotation": "The person remains asleep on the couch. No noticeable change from the previous frame."
      },
      {
        "timestamp": 21.0,
        "annotation": "The person remains asleep on the couch. No noticeable change from the previous frame."
      },
      {
        "timestamp": 22.0,
        "annotation": "The person remains asleep on the couch. No noticeable change from the previous frame."
      },
      {
        "timestamp": 23.0,
        "annotation": "The person remains asleep on the couch. No noticeable change from the previous frame."
      },
      {
        "timestamp": 24.0,
        "annotation": "The person remains asleep on the couch. No noticeable change from the previous frame."
      },
      {
        "timestamp": 25.0,
        "annotation": "The person remains asleep on the couch. No noticeable change from the previous frame."
      },
      {
        "timestamp": 26.0,
        "annotation": "The person remains asleep on the couch. No noticeable change from the previous frame."
      },
      {
        "timestamp": 27.0,
        "annotation": "The person remains asleep on the couch. No noticeable change from the previous frame."
      },
      {
        "timestamp": 28.0,
        "annotation": "The person remains asleep on the couch. No noticeable change from the previous frame."
      },
      {
        "timestamp": 29.0,
        "annotation": "The person remains asleep on the couch. No noticeable change from the previous frame."
      },
      {
        "timestamp": 30.0,
        "annotation": "The person is asleep on a couch. No noticeable change from the previous frame."
      },
      {
        "timestamp": 31.0,
        "annotation": "The person is asleep on a couch. No noticeable change from the previous frame."
      },
      {
        "timestamp": 32.0,
        "annotation": "The person is asleep on a couch. No noticeable change from the previous frame."
      },
      {
        "timestamp": 33.0,
        "annotation": "The person is asleep on a couch. No noticeable change from the previous frame."
      },
      {
        "timestamp": 34.0,
        "annotation": "The person is asleep on a couch. No noticeable change from the previous frame."
      },
      {
        "timestamp": 35.0,
        "annotation": "The person is asleep on a couch. No noticeable change from the previous frame."
      },
      {
        "timestamp": 36.0,
        "annotation": "The person is standing at the top of a staircase. Noticeable change from the previous frame as the person is no longer on the couch."
      },
      {
        "timestamp": 37.0,
        "annotation": "The person is standing at the top of a staircase. No noticeable change from the previous frame."
      }
    ],
    "whole_video_annotation": "The video appears to depict a domestic scene involving a small group of individuals, likely a family. Here's a short general description of what is happening:\n\nThe video starts with three individuals in a living room setting. Two are sitting on a couch, each holding a game controller, suggesting they might be playing a video game. The third individual is on the floor, playing with a toy. After a few seconds, the individual on the floor lies down fully on the carpet, while the other two on the couch appear to relax more.\n\nThe scene then changes to a hallway where one individual, presumably an adult, is standing. Following this, the scene shifts to another room where one individual is lying on the floor with a stuffed animal, and another is standing in a doorway.\n\nFinally, the video shows a person lying on a couch with a blanket, appearing to be asleep. This scene remains static for an extended period, with the person continuing to sleep. Towards the end of the video, the person is seen standing at the top of a staircase.\n\nRegarding the number of individuals acting in the video, there are at least three distinct individuals visible throughout the different scenes.",
    "annotations_summary": "The video depicts a domestic scene involving at least three individuals, likely a family. Here's a brief summary:\n\n1. **Living Room Scene (0s-5s)**:\n   - Three individuals are present: two are sitting on a couch playing a video game, and one is on the floor playing with a toy. The individual on the floor eventually lies down on the carpet.\n\n2. **Hallway Scene (6s-7s)**:\n   - The scene changes to a hallway where one individual, presumably an adult, is standing.\n\n3. **Another Room Scene (8s-9s)**:\n   - The scene shifts to another room where one individual is lying on the floor with a stuffed animal, and another is standing in a doorway.\n\n4. **Sleeping Scene (10s-35s)**:\n   - The video shows a person lying on a couch with a blanket, appearing to be asleep. This scene remains static for an extended period.\n\n5. **Staircase Scene (36s-37s)**:\n   - Towards the end of the video, the person is seen standing at the top of a staircase.\n\nThe video captures various moments of daily life, transitioning between different rooms and activities within a domestic setting."
  }
}