{
  "qid": "0942-2",
  "video_id": "ly70cIZgrRA",
  "video_path": "videos\\0942_ly70cIZgrRA.mp4",
  "main_question": "Is the man in the video demonstrating a teppanyaki cooking technique by catching and breaking the egg with a spatula?",
  "sub_questions": "To better understand the video and determine if the man is demonstrating a teppanyaki cooking technique by catching and breaking the egg with a spatula, consider the following sub-questions:\n\n1. **What specific actions is the man performing with the spatula and the egg?**\n   - This will help clarify whether he is indeed catching and breaking the egg in a manner typical of teppanyaki performances.\n\n2. **Are there any visual cues or elements in the video that indicate a teppanyaki setting or style?**\n   - Look for a teppanyaki grill, the presence of other teppanyaki dishes, or the man's attire and setting, which might resemble a teppanyaki restaurant.\n\n3. **Does the man's technique involve any flamboyant or showy movements characteristic of teppanyaki performances?**\n   - Teppanyaki chefs often incorporate entertaining elements into their cooking, such as flipping food in the air or using utensils in a dramatic way.",
  "annotations": {
    "frame_annotations": [
      {
        "timestamp": 0.0,
        "annotation": "A man in a gray jacket is standing next to a chef in a white uniform and hat. The chef is preparing ingredients on a cutting board. The man is holding a spatula over a teppanyaki grill where an egg is placed."
      },
      {
        "timestamp": 1.0,
        "annotation": "The man in the gray jacket is still holding the spatula over the egg on the teppanyaki grill. The chef in the white uniform continues to prepare ingredients in the background."
      },
      {
        "timestamp": 2.0,
        "annotation": "The man in the gray jacket is starting to lower the spatula towards the egg on the teppanyaki grill. The chef in the white uniform is still preparing ingredients."
      },
      {
        "timestamp": 3.0,
        "annotation": "The man in the gray jacket is bringing the spatula closer to the egg. The chef in the white uniform is observing the action."
      },
      {
        "timestamp": 4.0,
        "annotation": "The man in the gray jacket is almost touching the egg with the spatula. The chef in the white uniform is still observing."
      },
      {
        "timestamp": 5.0,
        "annotation": "The man in the gray jacket is now touching the egg with the spatula. The chef in the white uniform is attentively watching."
      },
      {
        "timestamp": 6.0,
        "annotation": "The man in the gray jacket is lifting the spatula with the egg attached to it. The chef in the white uniform is still observing."
      },
      {
        "timestamp": 7.0,
        "annotation": "The man in the gray jacket is lifting the spatula higher, and the egg is stretching. The chef in the white uniform is watching closely."
      },
      {
        "timestamp": 8.0,
        "annotation": "The man in the gray jacket is continuing to lift the spatula, and the egg is breaking apart. The chef in the white uniform is observing the action."
      },
      {
        "timestamp": 9.0,
        "annotation": "The man in the gray jacket has successfully caught and broken the egg with the spatula. The chef in the white uniform is watching the outcome."
      },
      {
        "timestamp": 10.0,
        "annotation": "The man in the gray jacket is holding a spatula with an egg on it. The chef in the white uniform is watching the outcome."
      },
      {
        "timestamp": 11.0,
        "annotation": "The man in the gray jacket is catching the egg with the spatula. The chef in the white uniform is watching the outcome."
      },
      {
        "timestamp": 12.0,
        "annotation": "The man in the gray jacket has successfully caught the egg with the spatula. The chef in the white uniform is watching the outcome."
      },
      {
        "timestamp": 13.0,
        "annotation": "The man in the gray jacket is breaking the egg with the spatula. The chef in the white uniform is watching the outcome."
      },
      {
        "timestamp": 14.0,
        "annotation": "The man in the gray jacket has successfully broken the egg with the spatula. The chef in the white uniform is watching the outcome."
      },
      {
        "timestamp": 15.0,
        "annotation": "The man in the gray jacket is maneuvering the spatula to shape the egg. The chef in the white uniform is watching the outcome."
      },
      {
        "timestamp": 16.0,
        "annotation": "The man in the gray jacket is shaping the egg into a heart form. The chef in the white uniform is watching the outcome."
      },
      {
        "timestamp": 17.0,
        "annotation": "The man in the gray jacket is shaping the egg into a heart form. The chef in the white uniform is watching the outcome."
      },
      {
        "timestamp": 18.0,
        "annotation": "The man in the gray jacket is shaping the egg into a heart form. The chef in the white uniform is watching the outcome."
      },
      {
        "timestamp": 19.0,
        "annotation": "The man in the gray jacket is shaping the egg into a heart form. The chef in the white uniform is watching the outcome."
      },
      {
        "timestamp": 20.0,
        "annotation": "The man in the gray jacket is shaping the egg into a heart form. The chef in the white uniform is watching the outcome. The man in the gray jacket is holding the egg with a spatula and appears to be carefully maneuvering it."
      },
      {
        "timestamp": 21.0,
        "annotation": "The man in the gray jacket continues to shape the egg into a heart form. The chef in the white uniform is still watching intently. The egg is being carefully guided with the spatula."
      },
      {
        "timestamp": 22.0,
        "annotation": "The man in the gray jacket is still shaping the egg. The chef in the white uniform remains focused on the process. The egg is nearly formed into a heart shape."
      },
      {
        "timestamp": 23.0,
        "annotation": "The man in the gray jacket is finalizing the heart shape of the egg. The chef in the white uniform is closely observing. The egg is almost perfectly shaped."
      },
      {
        "timestamp": 24.0,
        "annotation": "The man in the gray jacket has completed the heart shape of the egg. The chef in the white uniform is watching the outcome. The egg is now fully formed into a heart."
      },
      {
        "timestamp": 25.0,
        "annotation": "The man in the gray jacket is lifting the spatula with the heart-shaped egg. The chef in the white uniform is still watching. The egg remains intact on the spatula."
      },
      {
        "timestamp": 26.0,
        "annotation": "The man in the gray jacket is holding the spatula with the heart-shaped egg above the cooking surface. The chef in the white uniform is observing. The egg is stable on the spatula."
      },
      {
        "timestamp": 27.0,
        "annotation": "The man in the gray jacket is beginning to lower the spatula with the heart-shaped egg. The chef in the white uniform is intently watching. The egg is still on the spatula."
      },
      {
        "timestamp": 28.0,
        "annotation": "The man in the gray jacket is placing the heart-shaped egg back onto the cooking surface. The chef in the white uniform is observing the action. The egg is being carefully positioned."
      },
      {
        "timestamp": 29.0,
        "annotation": "The man in the gray jacket has placed the heart-shaped egg back onto the cooking surface. The chef in the white uniform is watching the outcome. The egg is now back on the surface."
      },
      {
        "timestamp": 30.0,
        "annotation": "The man in the gray jacket is holding a spatula with a broken egg on the teppanyaki grill. Two chefs in uniforms are observing the process closely. The egg appears to have been caught and broken intentionally as part of a cooking demonstration."
      }
    ],
    "whole_video_annotation": "The video shows a man in a gray jacket performing a teppanyaki cooking technique. He is attempting to catch and break an egg with a spatula, then shape it into a heart form on a teppanyaki grill. Throughout the process, a chef in a white uniform is observing his actions closely. The man successfully catches, breaks, and shapes the egg into a heart, demonstrating his skill and precision in teppanyaki cooking.",
    "annotations_summary": "The video depicts a man in a gray jacket performing a teppanyaki cooking technique. He skillfully catches and breaks an egg with a spatula and then shapes it into a heart form on a teppanyaki grill. Throughout the demonstration, a chef in a white uniform observes his actions closely. The man successfully completes the task, showcasing his precision and expertise in teppanyaki cooking."
  }
}