{
  "qid": "0946-0",
  "video_id": "JmEOYcf8wiE",
  "video_path": "videos\\0946_JmEOYcf8wiE.mp4",
  "main_question": "When the chicken stopped moving, which foot did the man touch?",
  "sub_questions": "To better understand the video and answer the main question, consider the following sub-questions:\n\n1. **What was the initial state of the chicken before it stopped moving?**\n   - Was the chicken moving in a specific pattern or direction?\n   - Were there any notable actions or behaviors exhibited by the chicken before it stopped?\n\n2. **What was the man's position and actions relative to the chicken when it stopped moving?**\n   - Was the man standing, sitting, or in motion when the chicken stopped?\n   - Did the man make any specific gestures or movements towards the chicken?\n\n3. **Were there any environmental factors or distractions that might have influenced the chicken's movement or the man's actions?**\n   - Were there other animals, objects, or sounds in the environment that could have affected the scenario?\n   - Did the man or the chicken react to anything in their surroundings before or after the chicken stopped moving?",
  "annotations": {
    "frame_annotations": [
      {
        "timestamp": 0.0,
        "annotation": "A man's hand is holding a chicken's foot. The chicken appears to be moving."
      },
      {
        "timestamp": 1.0,
        "annotation": "The man's hand is still holding the chicken's foot. The chicken is still moving."
      },
      {
        "timestamp": 2.0,
        "annotation": "The man's hand is gently touching the chicken's foot. The chicken seems to be calming down."
      },
      {
        "timestamp": 3.0,
        "annotation": "The chicken has stopped moving. The man's hand is touching the chicken's right foot."
      },
      {
        "timestamp": 4.0,
        "annotation": "The man's hand is still touching the chicken's right foot. The chicken remains still."
      },
      {
        "timestamp": 5.0,
        "annotation": "The man's hand is gently stroking the chicken's right foot. The chicken is calm."
      },
      {
        "timestamp": 6.0,
        "annotation": "The man's hand is still on the chicken's right foot. The chicken is motionless."
      },
      {
        "timestamp": 7.0,
        "annotation": "The man's hand is gently petting the chicken's right foot. The chicken is very still."
      },
      {
        "timestamp": 8.0,
        "annotation": "The man's hand is still on the chicken's right foot. The chicken remains calm and still."
      },
      {
        "timestamp": 9.0,
        "annotation": "The man's hand is gently touching the chicken's right foot. The chicken is completely still."
      },
      {
        "timestamp": 10.0,
        "annotation": "The man's hand is gently touching the chicken's right foot. The chicken is completely still."
      },
      {
        "timestamp": 11.0,
        "annotation": "The man's hand remains gently touching the chicken's right foot. The chicken is still completely still."
      },
      {
        "timestamp": 12.0,
        "annotation": "The man's hand is still gently touching the chicken's right foot. The chicken remains completely still."
      },
      {
        "timestamp": 13.0,
        "annotation": "The man's hand continues to gently touch the chicken's right foot. The chicken is still completely still."
      },
      {
        "timestamp": 14.0,
        "annotation": "The man's hand is still gently touching the chicken's right foot. The chicken remains completely still."
      },
      {
        "timestamp": 15.0,
        "annotation": "The man's hand remains gently touching the chicken's right foot. The chicken is still completely still."
      },
      {
        "timestamp": 16.0,
        "annotation": "The man's hand is still gently touching the chicken's right foot. The chicken remains completely still."
      },
      {
        "timestamp": 17.0,
        "annotation": "The man's hand continues to gently touch the chicken's right foot. The chicken is still completely still."
      },
      {
        "timestamp": 18.0,
        "annotation": "The man's hand is still gently touching the chicken's right foot. The chicken remains completely still."
      },
      {
        "timestamp": 19.0,
        "annotation": "The man's hand remains gently touching the chicken's right foot. The chicken is still completely still."
      },
      {
        "timestamp": 20.0,
        "annotation": "The man's hand is gently touching the chicken's right foot. The chicken is still completely still."
      },
      {
        "timestamp": 21.0,
        "annotation": "The man's hand remains gently touching the chicken's right foot. The chicken is still completely still. No noticeable change from the previous frame."
      },
      {
        "timestamp": 22.0,
        "annotation": "The man's hand remains gently touching the chicken's right foot. The chicken is still completely still. No noticeable change from the previous frame."
      },
      {
        "timestamp": 23.0,
        "annotation": "The man's hand remains gently touching the chicken's right foot. The chicken is still completely still. No noticeable change from the previous frame."
      },
      {
        "timestamp": 24.0,
        "annotation": "The man's hand remains gently touching the chicken's right foot. The chicken is still completely still. No noticeable change from the previous frame."
      },
      {
        "timestamp": 25.0,
        "annotation": "The man's hand remains gently touching the chicken's right foot. The chicken is still completely still. No noticeable change from the previous frame."
      },
      {
        "timestamp": 26.0,
        "annotation": "The man's hand remains gently touching the chicken's right foot. The chicken is still completely still. No noticeable change from the previous frame."
      },
      {
        "timestamp": 27.0,
        "annotation": "The man's hand remains gently touching the chicken's right foot. The chicken is still completely still. No noticeable change from the previous frame."
      },
      {
        "timestamp": 28.0,
        "annotation": "The man's hand remains gently touching the chicken's right foot. The chicken is still completely still. No noticeable change from the previous frame."
      },
      {
        "timestamp": 29.0,
        "annotation": "The man's hand remains gently touching the chicken's right foot. The chicken is still completely still. No noticeable change from the previous frame."
      },
      {
        "timestamp": 30.0,
        "annotation": "The man's hand remains gently touching the chicken's right foot. The chicken is still completely still. No noticeable change from the previous frame."
      },
      {
        "timestamp": 31.0,
        "annotation": "The man's hand remains gently touching the chicken's right foot. The chicken is still completely still. No noticeable change from the previous frame."
      },
      {
        "timestamp": 32.0,
        "annotation": "The man's hand remains gently touching the chicken's right foot. The chicken is still completely still. No noticeable change from the previous frame."
      },
      {
        "timestamp": 33.0,
        "annotation": "The man's hand remains gently touching the chicken's right foot. The chicken is still completely still. No noticeable change from the previous frame."
      },
      {
        "timestamp": 34.0,
        "annotation": "The man's hand remains gently touching the chicken's right foot. The chicken is still completely still. No noticeable change from the previous frame."
      },
      {
        "timestamp": 35.0,
        "annotation": "The man's hand remains gently touching the chicken's right foot. The chicken is still completely still. No noticeable change from the previous frame."
      },
      {
        "timestamp": 36.0,
        "annotation": "The man's hand remains gently touching the chicken's right foot. The chicken is still completely still. No noticeable change from the previous frame."
      },
      {
        "timestamp": 37.0,
        "annotation": "The man's hand remains gently touching the chicken's right foot. The chicken is still completely still. No noticeable change from the previous frame."
      },
      {
        "timestamp": 38.0,
        "annotation": "The man's hand remains gently touching the chicken's right foot. The chicken is still completely still. No noticeable change from the previous frame."
      },
      {
        "timestamp": 39.0,
        "annotation": "The man's hand remains gently touching the chicken's right foot. The chicken is still completely still. No noticeable change from the previous frame."
      },
      {
        "timestamp": 40.0,
        "annotation": "The man's hand remains gently touching the chicken's right foot. The chicken is still completely still. No noticeable change from the previous frame."
      },
      {
        "timestamp": 41.0,
        "annotation": "The man's hand remains gently touching the chicken's right foot. The chicken is still completely still. No noticeable change from the previous frame."
      },
      {
        "timestamp": 42.0,
        "annotation": "The man's hand remains gently touching the chicken's right foot. The chicken is still completely still. No noticeable change from the previous frame."
      },
      {
        "timestamp": 43.0,
        "annotation": "The man's hand remains gently touching the chicken's right foot. The chicken is still completely still. No noticeable change from the previous frame."
      },
      {
        "timestamp": 44.0,
        "annotation": "The man's hand remains gently touching the chicken's right foot. The chicken is still completely still. No noticeable change from the previous frame."
      }
    ],
    "whole_video_annotation": "In the video, a man is gently interacting with a chicken. Initially, the chicken appears to be moving, but as the man's hand touches and gently strokes the chicken's right foot, the chicken gradually calms down and eventually becomes completely still. The man continues to gently touch the chicken's right foot for the remainder of the video, with no noticeable change in the chicken's stillness.\n\nThe chicken stopped moving at Frame 3 (timestamp: 3.00 seconds) and the man touched the chicken's right foot.",
    "annotations_summary": "The video depicts a man gently interacting with a chicken. Initially, the chicken is moving, but as the man's hand touches and strokes the chicken's right foot, the chicken gradually calms down. By the 3-second mark, the chicken stops moving and remains completely still for the rest of the video. The man continues to gently touch the chicken's right foot without any noticeable change in the chicken's stillness for the remainder of the video."
  }
}