{
  "qid": "0946-1",
  "video_id": "JmEOYcf8wiE",
  "video_path": "videos\\0946_JmEOYcf8wiE.mp4",
  "main_question": "Which foot did the man touch when the chicken became still?",
  "sub_questions": "To better understand the video and answer the main question, consider the following sub-questions:\n\n1. **What actions did the man perform with the chicken before it became still?**\n   - This will help identify the sequence of events leading up to the chicken becoming still.\n\n2. **Were there any specific cues or signals indicating when the chicken became still?**\n   - This can help pinpoint the exact moment when the chicken stopped moving.\n\n3. **Did the man touch the chicken with both feet, and if so, in what order?**\n   - This will clarify whether the man used one or both feet and the sequence of touches, which is crucial for answering the main question.",
  "annotations": {
    "frame_annotations": [
      {
        "timestamp": 0.0,
        "annotation": "A person's hand is holding a chicken by its foot. The chicken appears to be moving."
      },
      {
        "timestamp": 1.0,
        "annotation": "The person's hand is still holding the chicken by its foot. The chicken is still moving, but the grip seems tighter."
      },
      {
        "timestamp": 2.0,
        "annotation": "The person's hand is now touching the chicken's other foot with their other hand. The chicken is still moving."
      },
      {
        "timestamp": 3.0,
        "annotation": "The person's hand is now gripping the chicken's other foot. The chicken is still moving but appears to be calming down."
      },
      {
        "timestamp": 4.0,
        "annotation": "The person's hand is firmly holding both of the chicken's feet. The chicken is becoming still."
      },
      {
        "timestamp": 5.0,
        "annotation": "The chicken is now completely still. The person's hand is still holding both of the chicken's feet."
      },
      {
        "timestamp": 6.0,
        "annotation": "The chicken remains still. The person's hand is still holding both of the chicken's feet."
      },
      {
        "timestamp": 7.0,
        "annotation": "The chicken is still not moving. The person's hand is still holding both of the chicken's feet."
      },
      {
        "timestamp": 8.0,
        "annotation": "The chicken is still motionless. The person's hand is still holding both of the chicken's feet."
      },
      {
        "timestamp": 9.0,
        "annotation": "The chicken remains still. The person's hand is still holding both of the chicken's feet."
      },
      {
        "timestamp": 10.0,
        "annotation": "The chicken remains still. The person's hand is still holding both of the chicken's feet."
      },
      {
        "timestamp": 11.0,
        "annotation": "The chicken remains still. The person's hand is still holding both of the chicken's feet."
      },
      {
        "timestamp": 12.0,
        "annotation": "The chicken remains still. The person's hand is still holding both of the chicken's feet."
      },
      {
        "timestamp": 13.0,
        "annotation": "The chicken remains still. The person's hand is still holding both of the chicken's feet."
      },
      {
        "timestamp": 14.0,
        "annotation": "The chicken remains still. The person's hand is still holding both of the chicken's feet."
      },
      {
        "timestamp": 15.0,
        "annotation": "The chicken remains still. The person's hand is still holding both of the chicken's feet."
      },
      {
        "timestamp": 16.0,
        "annotation": "The chicken remains still. The person's hand is still holding both of the chicken's feet."
      },
      {
        "timestamp": 17.0,
        "annotation": "The chicken remains still. The person's hand is still holding both of the chicken's feet."
      },
      {
        "timestamp": 18.0,
        "annotation": "The chicken remains still. The person's hand is still holding both of the chicken's feet."
      },
      {
        "timestamp": 19.0,
        "annotation": "The chicken remains still. The person's hand is still holding both of the chicken's feet."
      },
      {
        "timestamp": 20.0,
        "annotation": "The chicken remains still. The person's hand is still holding both of the chicken's feet."
      },
      {
        "timestamp": 21.0,
        "annotation": "The chicken remains still. The person's hand is still holding both of the chicken's feet."
      },
      {
        "timestamp": 22.0,
        "annotation": "The chicken remains still. The person's hand is still holding both of the chicken's feet."
      },
      {
        "timestamp": 23.0,
        "annotation": "The chicken remains still. The person's hand is still holding both of the chicken's feet."
      },
      {
        "timestamp": 24.0,
        "annotation": "The chicken remains still. The person's hand is still holding both of the chicken's feet."
      },
      {
        "timestamp": 25.0,
        "annotation": "The chicken remains still. The person's hand is still holding both of the chicken's feet."
      },
      {
        "timestamp": 26.0,
        "annotation": "The chicken remains still. The person's hand is still holding both of the chicken's feet."
      },
      {
        "timestamp": 27.0,
        "annotation": "The chicken remains still. The person's hand is still holding both of the chicken's feet."
      },
      {
        "timestamp": 28.0,
        "annotation": "The chicken remains still. The person's hand is still holding both of the chicken's feet."
      },
      {
        "timestamp": 29.0,
        "annotation": "The chicken remains still. The person's hand is still holding both of the chicken's feet."
      },
      {
        "timestamp": 30.0,
        "annotation": "The chicken remains still. The person's hand is still holding both of the chicken's feet."
      },
      {
        "timestamp": 31.0,
        "annotation": "The chicken remains still. The person's hand is still holding both of the chicken's feet. The person's hand starts to move slightly."
      },
      {
        "timestamp": 32.0,
        "annotation": "The chicken remains still. The person's hand is still holding both of the chicken's feet. The person's hand moves closer to the chicken's right foot."
      },
      {
        "timestamp": 33.0,
        "annotation": "The chicken remains still. The person's hand is still holding both of the chicken's feet. The person's hand touches the chicken's right foot."
      },
      {
        "timestamp": 34.0,
        "annotation": "The chicken remains still. The person's hand is still holding both of the chicken's feet. The person's hand is still touching the chicken's right foot."
      },
      {
        "timestamp": 35.0,
        "annotation": "The chicken remains still. The person's hand is still holding both of the chicken's feet. The person's hand starts to release the chicken's left foot."
      },
      {
        "timestamp": 36.0,
        "annotation": "The chicken remains still. The person's hand is holding the chicken's right foot and has released the left foot."
      },
      {
        "timestamp": 37.0,
        "annotation": "The chicken remains still. The person's hand is holding the chicken's right foot. The person's other hand is visible and appears to be approaching the chicken."
      },
      {
        "timestamp": 38.0,
        "annotation": "The chicken remains still. The person's hand is holding the chicken's right foot. The person's other hand is now touching the chicken's right foot along with the first hand."
      },
      {
        "timestamp": 39.0,
        "annotation": "The chicken remains still. Both of the person's hands are holding the chicken's right foot."
      },
      {
        "timestamp": 40.0,
        "annotation": "The chicken remains still. Both of the person's hands are holding the chicken's right foot. The person is crouching down close to the chicken."
      },
      {
        "timestamp": 41.0,
        "annotation": "The chicken remains still. The person is still holding the chicken's right foot with both hands. The person's posture appears unchanged."
      },
      {
        "timestamp": 42.0,
        "annotation": "The chicken remains still. The person is still holding the chicken's right foot with both hands. The person's posture appears unchanged."
      },
      {
        "timestamp": 43.0,
        "annotation": "The chicken remains still. The person is still holding the chicken's right foot with both hands. The person's posture appears unchanged."
      },
      {
        "timestamp": 44.0,
        "annotation": "The chicken remains still. The person is still holding the chicken's right foot with both hands. The person's posture appears unchanged."
      }
    ],
    "whole_video_annotation": "In the video, a person is handling a chicken. Initially, the chicken is moving, but as the person grips both of the chicken's feet, the chicken gradually becomes still. The person then proceeds to release one of the chicken's feet while continuing to hold the other foot with both hands. The chicken remains still throughout the process.\n\nRegarding the user's question: \"Which foot did the man touch when the chicken became still?\" The chicken became still while the person was holding both of its feet (starting from Frame 5 at 5.00 seconds). Therefore, the man was touching both feet when the chicken became still.",
    "annotations_summary": "### Summary of the Video Descriptions\n\n**Frame-Level Descriptions:**\n- **Initial Movement (0.0s - 4.0s):** The person initially holds the chicken by one foot. The chicken is moving but gradually calms down as the person grips both feet more firmly.\n- **Chicken Becomes Still (5.0s - 30.0s):** The chicken remains completely still while the person holds both of its feet.\n- **Release of One Foot (31.0s - 36.0s):** The person starts to release the chicken's left foot while continuing to hold the right foot.\n- **Holding with Both Hands (37.0s - 44.0s):** The person uses both hands to hold the chicken's right foot, maintaining a crouching posture.\n\n**Video-Level Description:**\n- The person handles a chicken, initially causing it to move. The chicken becomes still as the person grips both of its feet.\n- The person then releases one foot while continuing to hold the other foot with both hands, ensuring the chicken remains still throughout the process.\n\n**User's Question:**\n- **Which foot did the man touch when the chicken became still?** The chicken became still while the person was holding both of its feet (starting from Frame 5 at 5.00 seconds). Therefore, the man was touching both feet when the chicken became still."
  }
}