{
  "qid": "0950-2",
  "video_id": "Pagl1zg0j4A",
  "video_path": "videos\\0950_Pagl1zg0j4A.mp4",
  "main_question": "When the man strikes the tuning fork the second time, does the ball remain still?",
  "sub_questions": "To better understand the video and answer the main question, consider the following sub-questions:\n\n1. **What is the initial state of the ball when the man strikes the tuning fork for the first time?**\n   - Does the ball move, vibrate, or remain still when the tuning fork is struck the first time?\n\n2. **How does the ball react to the sound waves produced by the tuning fork?**\n   - Is there any visible or measurable reaction from the ball when the tuning fork is struck?\n\n3. **Are there any environmental factors that might affect the ball's movement when the tuning fork is struck the second time?**\n   - For example, is the ball placed on a surface that could amplify or dampen vibrations? Are there any other sound sources or disturbances in the environment?\n\nThese sub-questions should help clarify the conditions and behaviors observed in the video, leading to a more accurate answer to the main question.",
  "annotations": {
    "frame_annotations": [
      {
        "timestamp": 0.0,
        "annotation": "A man is standing next to a table with a tuning fork and a ball. The tuning fork is labeled '260 hz'. The man is holding the tuning fork with one hand and appears to be preparing to strike it."
      },
      {
        "timestamp": 1.0,
        "annotation": "The man is in the process of striking the tuning fork with his other hand. The ball is still on the table."
      },
      {
        "timestamp": 2.0,
        "annotation": "The man has struck the tuning fork. The ball is still on the table."
      },
      {
        "timestamp": 3.0,
        "annotation": "The man is holding the tuning fork near the ball. The ball is still on the table."
      },
      {
        "timestamp": 4.0,
        "annotation": "The man is preparing to strike the tuning fork again. The ball is still on the table."
      },
      {
        "timestamp": 5.0,
        "annotation": "The man is in the process of striking the tuning fork for the second time. The ball is still on the table."
      },
      {
        "timestamp": 6.0,
        "annotation": "The man has struck the tuning fork for the second time. The ball is still on the table."
      },
      {
        "timestamp": 7.0,
        "annotation": "The man is holding the tuning fork near the ball again. The ball is still on the table."
      },
      {
        "timestamp": 8.0,
        "annotation": "The man is observing the ball. The ball is still on the table."
      },
      {
        "timestamp": 9.0,
        "annotation": "The man is still observing the ball. The ball remains still on the table."
      },
      {
        "timestamp": 10.0,
        "annotation": "The man is holding a tuning fork and is about to strike it against the box. The ball remains still on the table."
      },
      {
        "timestamp": 11.0,
        "annotation": "The man strikes the tuning fork against the box. The ball remains still on the table."
      },
      {
        "timestamp": 12.0,
        "annotation": "The man is holding the vibrating tuning fork near the ball. The ball remains still on the table."
      },
      {
        "timestamp": 13.0,
        "annotation": "The man is holding the vibrating tuning fork closer to the ball. The ball remains still on the table."
      },
      {
        "timestamp": 14.0,
        "annotation": "The ball starts to move slightly as the tuning fork is close to it. The man is holding the vibrating tuning fork very near the ball."
      },
      {
        "timestamp": 15.0,
        "annotation": "The ball is moving more noticeably. The man is holding the vibrating tuning fork near the ball."
      },
      {
        "timestamp": 16.0,
        "annotation": "The ball is lifted off the table by the vibrations. The man is holding the vibrating tuning fork near the ball."
      },
      {
        "timestamp": 17.0,
        "annotation": "The ball is suspended in the air above the table. The man is holding the vibrating tuning fork near the ball."
      },
      {
        "timestamp": 18.0,
        "annotation": "The man is placing the tuning fork back into the box. The ball remains suspended in the air."
      },
      {
        "timestamp": 19.0,
        "annotation": "The man is holding the open box with the tuning fork inside. The ball remains suspended in the air."
      },
      {
        "timestamp": 20.0,
        "annotation": "The man is holding the open box with the tuning fork inside. The ball remains suspended in the air."
      },
      {
        "timestamp": 21.0,
        "annotation": "The man is holding the open box with the tuning fork inside. The ball remains suspended in the air. The man is preparing to strike the tuning fork."
      },
      {
        "timestamp": 22.0,
        "annotation": "The man strikes the tuning fork with a mallet. The ball remains suspended in the air."
      },
      {
        "timestamp": 23.0,
        "annotation": "The man is holding the struck tuning fork. The ball remains suspended in the air."
      },
      {
        "timestamp": 24.0,
        "annotation": "The man is holding the struck tuning fork. The ball remains suspended in the air. A second tuning fork at 240 Hz is visible."
      },
      {
        "timestamp": 25.0,
        "annotation": "The man is holding the struck tuning fork. The ball remains suspended in the air. The man is preparing to strike the second tuning fork."
      },
      {
        "timestamp": 26.0,
        "annotation": "The man strikes the second tuning fork with a mallet. The ball remains suspended in the air."
      },
      {
        "timestamp": 27.0,
        "annotation": "The man is holding the struck second tuning fork. The ball remains suspended in the air."
      },
      {
        "timestamp": 28.0,
        "annotation": "The man is holding the struck second tuning fork. The ball remains suspended in the air."
      },
      {
        "timestamp": 29.0,
        "annotation": "The man is holding the open box with the second tuning fork inside. The ball remains suspended in the air."
      },
      {
        "timestamp": 30.0,
        "annotation": "The man is holding the open box with the second tuning fork inside. The ball remains suspended in the air."
      },
      {
        "timestamp": 31.0,
        "annotation": "The man is holding the open box with the second tuning fork inside. The ball remains suspended in the air. The man is looking at the ball."
      },
      {
        "timestamp": 32.0,
        "annotation": "The man is holding the open box with the second tuning fork inside. The ball remains suspended in the air. The man is looking at the ball."
      },
      {
        "timestamp": 33.0,
        "annotation": "The man is holding the open box with the second tuning fork inside. The ball remains suspended in the air. The man is looking at the ball."
      },
      {
        "timestamp": 34.0,
        "annotation": "The man is holding the open box with the second tuning fork inside. The ball remains suspended in the air. The man is looking at the ball."
      },
      {
        "timestamp": 35.0,
        "annotation": "The man is holding the open box with the second tuning fork inside. The ball remains suspended in the air. The man is looking at the ball."
      },
      {
        "timestamp": 36.0,
        "annotation": "The man is holding the open box with the second tuning fork inside. The ball remains suspended in the air. The man is looking at the ball."
      },
      {
        "timestamp": 37.0,
        "annotation": "The man is holding the open box with the second tuning fork inside. The ball remains suspended in the air. The man is looking at the ball."
      },
      {
        "timestamp": 38.0,
        "annotation": "The man is holding the open box with the second tuning fork inside. The ball remains suspended in the air. The man is looking at the ball."
      },
      {
        "timestamp": 39.0,
        "annotation": "The man is holding the open box with the second tuning fork inside. The ball remains suspended in the air. The man is looking at the ball."
      },
      {
        "timestamp": 40.0,
        "annotation": "The man is holding a tuning fork and is about to strike it. The ball remains suspended in the air. The man is looking at the ball."
      },
      {
        "timestamp": 41.0,
        "annotation": "The man strikes the tuning fork. The ball remains suspended in the air. The man is looking at the ball."
      },
      {
        "timestamp": 42.0,
        "annotation": "The man has just struck the tuning fork. The ball remains suspended in the air. The man is looking at the ball."
      },
      {
        "timestamp": 43.0,
        "annotation": "The man is holding the struck tuning fork. The ball remains suspended in the air. The man is looking at the ball."
      },
      {
        "timestamp": 44.0,
        "annotation": "The man is holding the struck tuning fork. The ball remains suspended in the air. The man is looking at the ball."
      },
      {
        "timestamp": 45.0,
        "annotation": "The man is holding the struck tuning fork. The ball remains suspended in the air. The man is looking at the ball."
      },
      {
        "timestamp": 46.0,
        "annotation": "The man is holding the struck tuning fork. The ball remains suspended in the air. The man is looking at the ball."
      },
      {
        "timestamp": 47.0,
        "annotation": "The man is holding the struck tuning fork. The ball remains suspended in the air. The man is looking at the ball."
      },
      {
        "timestamp": 48.0,
        "annotation": "The man is holding the struck tuning fork. The ball remains suspended in the air. The man is looking at the ball."
      },
      {
        "timestamp": 49.0,
        "annotation": "The man is holding the struck tuning fork. The ball remains suspended in the air. The man is looking at the ball."
      },
      {
        "timestamp": 50.0,
        "annotation": "The man is holding the tuning fork near the ball. The ball remains suspended in the air. The man is looking at the ball. No noticeable change from the previous frame."
      },
      {
        "timestamp": 51.0,
        "annotation": "The man is holding the tuning fork near the ball. The ball remains suspended in the air. The man is looking at the ball. The ball has started to move slightly downward."
      },
      {
        "timestamp": 52.0,
        "annotation": "The man is holding the tuning fork near the ball. The ball remains suspended in the air. The man is looking at the ball. The ball is moving downward more noticeably."
      }
    ],
    "whole_video_annotation": "In the video, a man is performing an experiment with tuning forks and a small ball. Here's a short general description of the events:\n\nThe man starts by striking a 260 Hz tuning fork and holding it near the ball, which initially remains still on the table. After striking the tuning fork multiple times, the ball begins to move and eventually levitates above the table due to the vibrations from the tuning fork. The man then introduces a second tuning fork with a frequency of 240 Hz and strikes it as well. Throughout the experiment, the man observes the ball's behavior in response to the vibrations from the tuning forks.\n\nRegarding the specific question: \"When the man strikes the tuning fork the second time, does the ball remain still?\"\n\nNo, the ball does not remain still. By the time the man strikes the tuning fork the second time (Frame 5), the ball has already started to move slightly (Frame 14). It continues to move more noticeably (Frame 15) and eventually lifts off the table (Frame 16) due to the vibrations from the tuning fork.",
    "annotations_summary": "### Summary of the Video Descriptions\n\n**Frame-Level Descriptions:**\nThe video shows a man conducting an experiment with tuning forks and a small ball. Initially, the man strikes a 260 Hz tuning fork multiple times while holding it near the ball, which is on a table. The ball starts to move slightly and eventually levitates above the table due to the vibrations from the tuning fork. The man then introduces a second tuning fork with a frequency of 240 Hz and strikes it as well. Throughout the experiment, the man observes the ball's behavior in response to the vibrations from the tuning forks.\n\n**Key Events:**\n1. **Initial Setup (0-3s):** The man prepares and strikes the 260 Hz tuning fork near the ball, which remains still on the table.\n2. **First Series of Strikes (4-7s):** The man strikes the tuning fork multiple times, observing the ball.\n3. **Ball Movement (14-16s):** The ball starts to move slightly, then more noticeably, and finally lifts off the table due to the vibrations.\n4. **Levitation (17-40s):** The ball remains suspended in the air while the man prepares and strikes the tuning fork again.\n5. **Second Tuning Fork (24-31s):** The man introduces a second tuning fork with a frequency of 240 Hz and strikes it.\n6. **Observation (32-52s):** The man continues to observe the ball, which starts to move slightly downward as the vibrations from the tuning forks diminish.\n\n**Video-Level Description:**\nThe man performs an experiment with tuning forks and a small ball. He strikes a 260 Hz tuning fork multiple times, causing the ball to eventually levitate above the table due to the vibrations. He then introduces a second tuning fork with a frequency of 240 Hz and strikes it, continuing to observe the ball's behavior in response to the vibrations.\n\n**Specific Question Answer:**\nWhen the man strikes the tuning fork the second time (at 5 seconds), the ball does not remain still. By this point, the ball has already started to move slightly (at 14 seconds) and continues to move more noticeably, eventually lifting off the table due to the vibrations."
  }
}