{
  "qid": "0952-2",
  "video_id": "RLEEXr_WsRQ",
  "video_path": "videos\\0952_RLEEXr_WsRQ.mp4",
  "main_question": "Is the third person in the picture wearing an orange-black outfit?",
  "sub_questions": "To better understand the video and answer the main question, here are three helpful sub-questions:\n\n1. **How many people are visible in the picture?**\n   - This will help confirm if there is a third person to assess.\n\n2. **Can you describe the outfits of all the people in the picture?**\n   - This will provide details about the colors and patterns of the clothing worn by each person.\n\n3. **Is the third person distinguishable from the others in terms of their outfit?**\n   - This will help identify if the third person's outfit stands out, particularly if it is orange and black.",
  "annotations": {
    "frame_annotations": [
      {
        "timestamp": 0.0,
        "annotation": "A child in a pink snowsuit and helmet is skiing down a snowy slope surrounded by trees. The child is in a crouched position, moving forward."
      },
      {
        "timestamp": 1.0,
        "annotation": "The child continues skiing down the slope. The background shows more of the ski resort with ski lifts and other skiers in the distance. No significant change in the child's position or action."
      },
      {
        "timestamp": 2.0,
        "annotation": "The child is still skiing down the slope. The child's arms are outstretched for balance. In the background, another skier is visible. No significant change in the child's position or action."
      },
      {
        "timestamp": 3.0,
        "annotation": "The child is skiing towards the camera. The text 'WHOA SLOW' appears on the screen. Another child in a green and black outfit is visible skiing alongside. Noticeable change: another child appears in the frame."
      },
      {
        "timestamp": 4.0,
        "annotation": "The child in the pink snowsuit is sitting on the snow. The text 'THAT' appears on the screen. Noticeable change: the child has fallen and is sitting on the snow."
      },
      {
        "timestamp": 5.0,
        "annotation": "The child is still sitting on the snow. The text 'THAT' remains on the screen. No significant change in the child's position."
      },
      {
        "timestamp": 6.0,
        "annotation": "The child is lying on the snow. The text 'THAT' is still visible. Noticeable change: the child has shifted from sitting to lying down."
      },
      {
        "timestamp": 7.0,
        "annotation": "The child is still lying on the snow. The text 'THAT' is no longer visible. No significant change in the child's position."
      },
      {
        "timestamp": 8.0,
        "annotation": "An adult in a red and black outfit is helping the child up. The text 'OFF THE' appears on the screen. Noticeable change: an adult has entered the frame and is assisting the child."
      },
      {
        "timestamp": 9.0,
        "annotation": "The adult is continuing to help the child up. The text 'THAT WAS GOOD!' appears on the screen. Noticeable change: the text on the screen has changed to 'THAT WAS GOOD!'"
      },
      {
        "timestamp": 10.0,
        "annotation": "An adult is helping a child who is skiing down a snowy hill. The adult is wearing a red and black outfit, and the child is wearing a pink snowsuit. The text 'YOU' appears on the screen. Noticeable change: The text on the screen has changed to 'YOU'."
      },
      {
        "timestamp": 11.0,
        "annotation": "The adult continues to assist the child in skiing. The text 'ALMOST WENT OFF' appears on the screen. Noticeable change: The text on the screen has changed to 'ALMOST WENT OFF'."
      },
      {
        "timestamp": 12.0,
        "annotation": "The adult is helping the child maintain balance while skiing. The text 'THEN IT JUST' appears on the screen. Noticeable change: The text on the screen has changed to 'THEN IT JUST'."
      },
      {
        "timestamp": 13.0,
        "annotation": "The adult and child are skiing down the hill. The text 'HILL.' appears on the screen. Noticeable change: The text on the screen has changed to 'HILL.'"
      },
      {
        "timestamp": 14.0,
        "annotation": "The adult and child continue skiing down the hill. The text 'HILL. SO GOOD THING' appears on the screen. Noticeable change: The text on the screen has changed to 'HILL. SO GOOD THING'."
      },
      {
        "timestamp": 15.0,
        "annotation": "The adult helps the child turn while skiing. The text 'TURNED' appears on the screen. Noticeable change: The text on the screen has changed to 'TURNED'."
      },
      {
        "timestamp": 16.0,
        "annotation": "The adult and child are skiing down the hill. The text 'TURNED AND THAT WAS' appears on the screen. Noticeable change: The text on the screen has changed to 'TURNED AND THAT WAS'."
      },
      {
        "timestamp": 17.0,
        "annotation": "The adult and child are skiing down the hill. The child is standing upright. Noticeable change: The child is now standing upright."
      },
      {
        "timestamp": 18.0,
        "annotation": "The adult and child are giving each other a high five. The text 'HIGH FIVE!' appears on the screen. Noticeable change: The text on the screen has changed to 'HIGH FIVE!'"
      }
    ],
    "whole_video_annotation": "The video captures a child skiing down a snowy slope at a ski resort. Initially, the child in a pink snowsuit and helmet is skiing alone, crouched and moving forward. As the child continues down the slope, another child in a green and black outfit appears alongside. The child in the pink snowsuit falls and sits on the snow, then lies down. An adult in a red and black outfit enters the frame and helps the child up. The adult and child continue skiing together, with the adult assisting the child in maintaining balance and turning. They eventually give each other a high five, concluding the scene on a positive note.\n\nRegarding the user's question: No, the third person in the picture is not wearing an orange-black outfit. The adult assisting the child is wearing a red and black outfit.",
    "annotations_summary": "The video shows a child in a pink snowsuit and helmet skiing down a snowy slope at a ski resort. Initially, the child is skiing alone, crouched and moving forward. Another child in a green and black outfit appears alongside. The child in pink falls and sits on the snow, then lies down. An adult in a red and black outfit enters the frame and helps the child up. The adult and child continue skiing together, with the adult assisting the child in maintaining balance and turning. They eventually give each other a high five, concluding the scene positively. Throughout the video, various texts appear on the screen, commenting on the action, such as \"WHOA SLOW,\" \"THAT,\" \"THAT WAS GOOD!,\" and \"HIGH FIVE!\""
  }
}