{
  "qid": "0952-3",
  "video_id": "RLEEXr_WsRQ",
  "video_path": "videos\\0952_RLEEXr_WsRQ.mp4",
  "main_question": "Is the third person in the picture wearing a pink outfit?",
  "sub_questions": "To better understand the video and answer the main question, consider the following sub-questions:\n\n1. **How many people are visible in the picture?**\n   - This will help confirm if there is a third person to assess.\n\n2. **Can you describe the outfits of all the people in the picture?**\n   - This will provide details about the colors and types of clothing worn by each person.\n\n3. **Is the picture clear enough to distinguish the colors of the outfits accurately?**\n   - This will ensure that the description of the outfits is reliable.\n\nThese sub-questions should help gather the necessary information to determine if the third person in the picture is wearing a pink outfit.",
  "annotations": {
    "frame_annotations": [
      {
        "timestamp": 0.0,
        "annotation": "A child in a pink snowsuit and helmet is skiing down a snowy slope surrounded by trees. The child is in a crouched position, moving forward."
      },
      {
        "timestamp": 1.0,
        "annotation": "The child continues skiing down the slope. The background shows more of the ski resort with ski lifts and other skiers in the distance. No significant change in the child's position or action."
      },
      {
        "timestamp": 2.0,
        "annotation": "The child is still skiing down the slope. The child's arms are outstretched for balance. In the background, another skier is visible. The child is wearing a pink outfit."
      },
      {
        "timestamp": 3.0,
        "annotation": "The child is now on a flatter section of the slope and appears to be slowing down. The text 'WHOA SLOW' is visible. Another child in a green outfit is skiing nearby."
      },
      {
        "timestamp": 4.0,
        "annotation": "The child in the pink outfit is sitting in the snow. The child in the green outfit is skiing past. The text 'THAT' is visible."
      },
      {
        "timestamp": 5.0,
        "annotation": "The child in the pink outfit is lying on the snow, appearing to have fallen. The child in the green outfit is no longer in the frame. The text 'THAT' is still visible."
      },
      {
        "timestamp": 6.0,
        "annotation": "The child in the pink outfit is still lying on the snow. The text 'THAT' is visible again."
      },
      {
        "timestamp": 7.0,
        "annotation": "The child in the pink outfit is still lying on the snow. The text 'THAT WAS GOOD!' is visible, indicating encouragement from an adult."
      },
      {
        "timestamp": 8.0,
        "annotation": "An adult in a red and black snowsuit is helping the child in the pink outfit. The text 'OFF THE' is visible, suggesting the adult is assisting the child to get up."
      },
      {
        "timestamp": 9.0,
        "annotation": "The adult continues to help the child in the pink outfit, who is still on the ground. The text 'OFF THE' is still visible."
      },
      {
        "timestamp": 10.0,
        "annotation": "The adult continues to help the child in the pink outfit, who is still on the ground. The text 'YOU' is visible."
      },
      {
        "timestamp": 11.0,
        "annotation": "The adult continues to help the child in the pink outfit, who is still on the ground. The text 'ALMOST WENT OFF' appears."
      },
      {
        "timestamp": 12.0,
        "annotation": "The adult continues to help the child in the pink outfit, who is still on the ground. The text 'THEN IT JUST' appears."
      },
      {
        "timestamp": 13.0,
        "annotation": "The adult continues to help the child in the pink outfit, who is still on the ground. The text 'HILL.' appears."
      },
      {
        "timestamp": 14.0,
        "annotation": "The adult continues to help the child in the pink outfit, who is still on the ground. The text 'HILL. SO GOOD THING' appears."
      },
      {
        "timestamp": 15.0,
        "annotation": "The adult continues to help the child in the pink outfit, who is still on the ground. The text 'TURNED' appears."
      },
      {
        "timestamp": 16.0,
        "annotation": "The adult continues to help the child in the pink outfit, who is still on the ground. The text 'TURNED AND THAT WAS' appears."
      },
      {
        "timestamp": 17.0,
        "annotation": "The adult continues to help the child in the pink outfit, who is still on the ground. The text 'HIGH FIVE!' appears."
      },
      {
        "timestamp": 18.0,
        "annotation": "The adult continues to help the child in the pink outfit, who is still on the ground. The text 'HIGH FIVE!' is still visible."
      }
    ],
    "whole_video_annotation": "In the video, a child dressed in a pink snowsuit and helmet is skiing down a snowy slope surrounded by trees. The child starts in a crouched position, moving forward, and then transitions to a flatter section of the slope where they slow down and eventually fall. Another child in a green outfit skis nearby but does not interact directly with the child in pink. After the fall, an adult in a red and black snowsuit assists the child in pink, helping them get up. Throughout the scene, encouraging and descriptive text appears, such as \"WHOA SLOW,\" \"THAT WAS GOOD!,\" and \"HIGH FIVE!\"\n\nRegarding the question: \"Is the third person in the picture wearing a pink outfit?\" The third person in the video is the adult assisting the child. The adult is wearing a red and black snowsuit, not a pink outfit.",
    "annotations_summary": "The video depicts a child in a pink snowsuit and helmet skiing down a snowy slope. Here's a brief summary of the key events:\n\n1. **Skiing Down the Slope**:\n   - The child starts skiing in a crouched position, moving forward down a snowy slope surrounded by trees.\n   - The child's arms are outstretched for balance, and other skiers and ski lifts are visible in the background.\n\n2. **Slowing Down and Falling**:\n   - The child reaches a flatter section of the slope and slows down.\n   - The child falls and ends up lying on the snow.\n   - Another child in a green outfit skis nearby but does not interact directly with the child in pink.\n\n3. **Assistance from an Adult**:\n   - An adult in a red and black snowsuit helps the child in pink get up.\n   - Encouraging and descriptive text appears throughout the scene, such as \"WHOA SLOW,\" \"THAT WAS GOOD!,\" and \"HIGH FIVE!\"\n\nThe adult assisting the child is the third person in the video and is wearing a red and black snowsuit, not a pink outfit."
  }
}