{
  "qid": "0957-3",
  "video_id": "DtZdE1P45yQ",
  "video_path": "videos\\0957_DtZdE1P45yQ.mp4",
  "main_question": "Did the substance in the beaker end up on the rod because it adhered to the rod when it was inserted?",
  "sub_questions": "To better understand the video and address the main question, consider the following sub-questions:\n\n1. **What was the initial state of the substance in the beaker before the rod was inserted?**\n   - Was it a liquid, solid, or gas?\n   - Were there any visible changes in the substance before the rod was inserted?\n\n2. **How was the rod inserted into the beaker?**\n   - What was the speed and angle of insertion?\n   - Were there any specific techniques or tools used during the insertion process?\n\n3. **What observations were made immediately after the rod was inserted and removed?**\n   - Were there any visible traces of the substance on the rod?\n   - Did the substance in the beaker show any changes after the rod was removed?\n\nThese sub-questions can help clarify the context and provide more details to determine if the substance adhered to the rod when it was inserted.",
  "annotations": {
    "frame_annotations": [
      {
        "timestamp": 0.0,
        "annotation": "The image shows a close-up of a door handle. The door is slightly ajar, revealing a glimpse of a laboratory or workshop behind it."
      },
      {
        "timestamp": 0.97,
        "annotation": "The image is now completely dark, indicating a significant change from the previous frame. The door handle is no longer visible."
      },
      {
        "timestamp": 1.94,
        "annotation": "The image remains dark, similar to the previous frame. No new details are visible."
      },
      {
        "timestamp": 2.9,
        "annotation": "The image shows a close-up of a hand holding a metallic rod or tool. The background is still dark, focusing attention on the hand and the tool."
      },
      {
        "timestamp": 3.87,
        "annotation": "The door is now fully open, revealing a laboratory or workshop. The view includes a stool, a table with various items, and equipment in the background. The change from the previous frame is significant, showing the transition from a close-up of a hand to a wider view of the room."
      },
      {
        "timestamp": 4.84,
        "annotation": "The view of the laboratory or workshop remains the same as the previous frame. No noticeable changes are observed."
      },
      {
        "timestamp": 5.81,
        "annotation": "The view of the laboratory or workshop remains consistent with the previous frames. No new details or changes are apparent."
      },
      {
        "timestamp": 6.77,
        "annotation": "The view of the laboratory or workshop is unchanged from the previous frames. The scene remains static."
      },
      {
        "timestamp": 7.74,
        "annotation": "The image shows an empty 100 mL beaker. The beaker is clear and has measurement markings on its side. The background is dark, focusing on the beaker."
      },
      {
        "timestamp": 8.71,
        "annotation": "A liquid is being poured into the beaker. The liquid appears to be clear or slightly translucent. The change from the previous frame is the introduction of the liquid into the beaker."
      },
      {
        "timestamp": 9.68,
        "annotation": "A liquid is being poured into the beaker. The liquid appears to be clear or slightly translucent. The change from the previous frame is the introduction of the liquid into the beaker."
      },
      {
        "timestamp": 10.64,
        "annotation": "The liquid continues to be poured into the beaker. The liquid level in the beaker is rising. No significant change from the previous frame."
      },
      {
        "timestamp": 11.61,
        "annotation": "The liquid is still being poured into the beaker. The liquid level is higher than in the previous frame."
      },
      {
        "timestamp": 12.58,
        "annotation": "The liquid pouring into the beaker is nearing completion. The liquid level is almost at the desired mark."
      },
      {
        "timestamp": 13.55,
        "annotation": "The pouring of the liquid into the beaker has stopped. The liquid level is stable."
      },
      {
        "timestamp": 14.51,
        "annotation": "The beaker with the liquid is now stationary. No change from the previous frame."
      },
      {
        "timestamp": 15.48,
        "annotation": "The beaker with the liquid is still stationary. No change from the previous frame."
      },
      {
        "timestamp": 16.45,
        "annotation": "A gloved hand is seen holding a container labeled 'Hexamethylenediamine'. The change from the previous frame is the introduction of the hand and the container."
      },
      {
        "timestamp": 17.42,
        "annotation": "The container is being picked up by the gloved hand. No significant change from the previous frame."
      },
      {
        "timestamp": 18.39,
        "annotation": "The container is now fully in the hand's grip. No significant change from the previous frame."
      },
      {
        "timestamp": 19.35,
        "annotation": "The beaker contains a dark liquid with a white substance floating on the surface. No significant change from the previous frame."
      },
      {
        "timestamp": 20.32,
        "annotation": "The white substance on the surface of the liquid appears to be slightly disturbed. No significant change from the previous frame."
      },
      {
        "timestamp": 21.29,
        "annotation": "A rod is being inserted into the beaker, approaching the surface of the liquid. Noticeable change from the previous frame."
      },
      {
        "timestamp": 22.26,
        "annotation": "The rod is now in contact with the white substance on the surface of the liquid. Noticeable change from the previous frame."
      },
      {
        "timestamp": 23.22,
        "annotation": "The rod is pushing through the white substance, causing it to adhere to the rod. Noticeable change from the previous frame."
      },
      {
        "timestamp": 24.19,
        "annotation": "More of the white substance is adhering to the rod as it is being pulled up. Noticeable change from the previous frame."
      },
      {
        "timestamp": 25.16,
        "annotation": "The rod is being lifted out of the beaker, with a significant amount of the white substance attached to it. Noticeable change from the previous frame."
      },
      {
        "timestamp": 26.13,
        "annotation": "The rod is almost fully out of the beaker, with the white substance still attached. Noticeable change from the previous frame."
      },
      {
        "timestamp": 27.09,
        "annotation": "The rod is completely out of the beaker, with the white substance now fully adhered to it. Noticeable change from the previous frame."
      },
      {
        "timestamp": 28.06,
        "annotation": "The beaker now contains less of the white substance on the surface, indicating that most of it has been removed by the rod. Noticeable change from the previous frame."
      },
      {
        "timestamp": 29.03,
        "annotation": "The rod is being inserted into the beaker containing a white substance. The substance appears to be adhering to the rod as it is inserted. Noticeable change from the previous frame: The rod is now in contact with the substance."
      },
      {
        "timestamp": 30.0,
        "annotation": "The rod is further inserted into the beaker, and more of the white substance is adhering to it. Noticeable change from the previous frame: More of the substance is being lifted by the rod."
      },
      {
        "timestamp": 30.96,
        "annotation": "The rod continues to be inserted, and the white substance is increasingly adhering to it. Noticeable change from the previous frame: The amount of substance on the rod is growing."
      },
      {
        "timestamp": 31.93,
        "annotation": "The rod is nearly fully inserted into the beaker, with a significant amount of the white substance adhering to it. Noticeable change from the previous frame: The substance is almost fully lifted by the rod."
      },
      {
        "timestamp": 32.9,
        "annotation": "The rod is being withdrawn from the beaker, carrying the adhered white substance with it. Noticeable change from the previous frame: The rod starts to move upwards."
      },
      {
        "timestamp": 33.87,
        "annotation": "The rod is further withdrawn, and the white substance remains adhered to it. Noticeable change from the previous frame: The rod is higher out of the beaker."
      },
      {
        "timestamp": 34.83,
        "annotation": "The rod is almost fully withdrawn from the beaker, with the white substance still adhering to it. Noticeable change from the previous frame: The rod is nearly out of the beaker."
      },
      {
        "timestamp": 35.8,
        "annotation": "The rod is fully withdrawn from the beaker, carrying the white substance out with it. Noticeable change from the previous frame: The rod is completely out of the beaker."
      },
      {
        "timestamp": 36.77,
        "annotation": "The beaker now contains less of the white substance on the surface, indicating that most of it has been removed by the rod. Noticeable change from the previous frame: The substance is no longer in the beaker."
      },
      {
        "timestamp": 37.74,
        "annotation": "The beaker is mostly clear of the white substance, confirming that it has been successfully removed by the rod. Noticeable change from the previous frame: The beaker appears cleaner."
      },
      {
        "timestamp": 38.71,
        "annotation": "The beaker remains mostly clear of the white substance. The rod is still inside the beaker. Noticeable change from the previous frame: None."
      },
      {
        "timestamp": 39.67,
        "annotation": "The beaker remains mostly clear of the white substance. The rod is being slowly removed from the beaker. Noticeable change from the previous frame: The rod is starting to be pulled out."
      },
      {
        "timestamp": 40.64,
        "annotation": "The beaker remains mostly clear of the white substance. The rod is further out of the beaker. Noticeable change from the previous frame: The rod is more visible outside the beaker."
      },
      {
        "timestamp": 41.61,
        "annotation": "The beaker remains mostly clear of the white substance. The rod is almost completely out of the beaker. Noticeable change from the previous frame: The rod is nearly fully removed."
      },
      {
        "timestamp": 42.58,
        "annotation": "The beaker remains mostly clear of the white substance. The rod is completely out of the beaker. Noticeable change from the previous frame: The rod is fully removed from the beaker."
      },
      {
        "timestamp": 43.54,
        "annotation": "The beaker remains mostly clear of the white substance. The rod is held above the beaker. Noticeable change from the previous frame: The rod is lifted higher above the beaker."
      },
      {
        "timestamp": 44.51,
        "annotation": "The beaker remains mostly clear of the white substance. The rod is still held above the beaker. Noticeable change from the previous frame: No significant change."
      },
      {
        "timestamp": 45.48,
        "annotation": "The beaker remains mostly clear of the white substance. The rod is still held above the beaker. Noticeable change from the previous frame: No significant change."
      },
      {
        "timestamp": 46.45,
        "annotation": "The beaker remains mostly clear of the white substance. The rod is still held above the beaker. Noticeable change from the previous frame: No significant change."
      },
      {
        "timestamp": 47.41,
        "annotation": "The beaker remains mostly clear of the white substance. The rod is still held above the beaker. Noticeable change from the previous frame: No significant change."
      },
      {
        "timestamp": 48.38,
        "annotation": "The beaker remains mostly clear of the white substance. The rod is still held above the beaker. Noticeable change from the previous frame: No significant change."
      },
      {
        "timestamp": 49.35,
        "annotation": "The rod begins to enter the beaker from the top. Noticeable change from the previous frame: The rod is now touching the surface of the liquid in the beaker."
      },
      {
        "timestamp": 50.32,
        "annotation": "The rod is further inserted into the beaker, causing slight disturbances in the liquid. Noticeable change from the previous frame: The liquid level is slightly disturbed."
      },
      {
        "timestamp": 51.28,
        "annotation": "The rod is more deeply inserted into the beaker, creating more noticeable ripples in the liquid. Noticeable change from the previous frame: Increased disturbance in the liquid."
      },
      {
        "timestamp": 52.25,
        "annotation": "The rod is nearly fully inserted into the beaker, with significant ripples and movement in the liquid. Noticeable change from the previous frame: More pronounced liquid movement."
      },
      {
        "timestamp": 53.22,
        "annotation": "The rod starts to be withdrawn from the beaker, and the liquid begins to settle. Noticeable change from the previous frame: The rod is moving upwards."
      },
      {
        "timestamp": 54.19,
        "annotation": "The rod is further withdrawn, and the liquid is calmer but not fully settled. Noticeable change from the previous frame: The rod is higher in the beaker."
      },
      {
        "timestamp": 55.16,
        "annotation": "The rod is almost fully withdrawn from the beaker, and the liquid is nearly back to its original state. Noticeable change from the previous frame: The rod is almost out of the beaker."
      },
      {
        "timestamp": 56.12,
        "annotation": "The rod is completely withdrawn from the beaker, and the liquid appears to be fully settled. Noticeable change from the previous frame: The rod is out of the beaker."
      },
      {
        "timestamp": 57.09,
        "annotation": "The beaker remains clear of any substance on the rod, and the liquid is completely settled. Noticeable change from the previous frame: No significant change."
      },
      {
        "timestamp": 58.06,
        "annotation": "The beaker remains clear of any substance on the rod, and the liquid is completely settled. Noticeable change from the previous frame: No significant change."
      },
      {
        "timestamp": 59.03,
        "annotation": "The beaker remains clear of any substance on the rod, and the liquid is completely settled. Noticeable change from the previous frame: No significant change."
      },
      {
        "timestamp": 59.99,
        "annotation": "The beaker remains clear of any substance on the rod, and the liquid is completely settled. Noticeable change from the previous frame: No significant change."
      },
      {
        "timestamp": 60.96,
        "annotation": "The beaker remains clear of any substance on the rod, and the liquid is completely settled. Noticeable change from the previous frame: No significant change."
      },
      {
        "timestamp": 61.93,
        "annotation": "The beaker remains clear of any substance on the rod, and the liquid is completely settled. Noticeable change from the previous frame: No significant change."
      },
      {
        "timestamp": 62.9,
        "annotation": "The beaker remains clear of any substance on the rod, and the liquid is completely settled. Noticeable change from the previous frame: No significant change."
      },
      {
        "timestamp": 63.86,
        "annotation": "The beaker remains clear of any substance on the rod, and the liquid is completely settled. Noticeable change from the previous frame: No significant change."
      },
      {
        "timestamp": 64.83,
        "annotation": "The beaker remains clear of any substance on the rod, and the liquid is completely settled. Noticeable change from the previous frame: No significant change."
      },
      {
        "timestamp": 65.8,
        "annotation": "The beaker remains clear of any substance on the rod, and the liquid is completely settled. Noticeable change from the previous frame: No significant change."
      },
      {
        "timestamp": 66.77,
        "annotation": "The beaker remains clear of any substance on the rod, and the liquid is completely settled. Noticeable change from the previous frame: No significant change."
      },
      {
        "timestamp": 67.73,
        "annotation": "The beaker remains clear of any substance on the rod, and the liquid is completely settled. Noticeable change from the previous frame: No significant change."
      },
      {
        "timestamp": 68.7,
        "annotation": "The beaker remains clear of any substance on the rod, and the liquid is completely settled. Noticeable change from the previous frame: No significant change."
      },
      {
        "timestamp": 69.67,
        "annotation": "The beaker remains clear of any substance on the rod, and the liquid is completely settled. Noticeable change from the previous frame: No significant change."
      },
      {
        "timestamp": 70.64,
        "annotation": "The beaker remains clear of any substance on the rod, and the liquid is completely settled. Noticeable change from the previous frame: No significant change."
      },
      {
        "timestamp": 71.6,
        "annotation": "The beaker remains clear of any substance on the rod, and the liquid is completely settled. Noticeable change from the previous frame: No significant change."
      },
      {
        "timestamp": 72.57,
        "annotation": "The beaker remains clear of any substance on the rod, and the liquid is completely settled. Noticeable change from the previous frame: No significant change."
      },
      {
        "timestamp": 73.54,
        "annotation": "The beaker remains clear of any substance on the rod, and the liquid is completely settled. Noticeable change from the previous frame: No significant change."
      },
      {
        "timestamp": 74.51,
        "annotation": "The beaker remains clear of any substance on the rod, and the liquid is completely settled. Noticeable change from the previous frame: No significant change."
      },
      {
        "timestamp": 75.48,
        "annotation": "The rod is being inserted into the beaker. Noticeable change from the previous frame: The rod is now visible and is entering the liquid."
      },
      {
        "timestamp": 76.44,
        "annotation": "The rod is further inserted into the beaker, reaching closer to the bottom. Noticeable change from the previous frame: The rod is deeper in the liquid."
      },
      {
        "timestamp": 77.41,
        "annotation": "The rod is fully inserted into the beaker, reaching the bottom. Noticeable change from the previous frame: The rod is now at the bottom of the beaker."
      },
      {
        "timestamp": 78.38,
        "annotation": "The rod is being slowly pulled out of the beaker. Noticeable change from the previous frame: The rod starts to move upward."
      },
      {
        "timestamp": 79.35,
        "annotation": "The rod is further pulled out, and a stream of substance is starting to form. Noticeable change from the previous frame: A thin stream of substance is visible."
      },
      {
        "timestamp": 80.31,
        "annotation": "The stream of substance becomes more pronounced as the rod is pulled higher. Noticeable change from the previous frame: The stream is thicker."
      },
      {
        "timestamp": 81.28,
        "annotation": "The substance continues to flow from the beaker along the rod. Noticeable change from the previous frame: The stream is longer."
      },
      {
        "timestamp": 82.25,
        "annotation": "The substance is still flowing, and the stream is elongating. Noticeable change from the previous frame: The stream is even longer."
      },
      {
        "timestamp": 83.22,
        "annotation": "The stream of substance is very long and thin. Noticeable change from the previous frame: The stream is at its longest point."
      },
      {
        "timestamp": 84.18,
        "annotation": "The stream starts to break and fall back into the beaker. Noticeable change from the previous frame: The stream begins to disconnect."
      },
      {
        "timestamp": 85.15,
        "annotation": "The stream has broken, and the rod is almost fully out of the beaker. Noticeable change from the previous frame: The stream has separated."
      },
      {
        "timestamp": 86.12,
        "annotation": "The rod is completely out of the beaker, and no substance is adhering to it. Noticeable change from the previous frame: The rod is fully removed, and the substance has fallen back into the beaker."
      },
      {
        "timestamp": 87.09,
        "annotation": "The rod is still completely out of the beaker, and no substance is adhering to it. Noticeable change from the previous frame: None."
      },
      {
        "timestamp": 88.05,
        "annotation": "The rod is still completely out of the beaker, and no substance is adhering to it. Noticeable change from the previous frame: None."
      },
      {
        "timestamp": 89.02,
        "annotation": "The rod is still completely out of the beaker, and no substance is adhering to it. Noticeable change from the previous frame: None."
      },
      {
        "timestamp": 89.99,
        "annotation": "The rod is still completely out of the beaker, and no substance is adhering to it. Noticeable change from the previous frame: None."
      },
      {
        "timestamp": 90.96,
        "annotation": "The rod is still completely out of the beaker, and no substance is adhering to it. Noticeable change from the previous frame: None."
      },
      {
        "timestamp": 91.93,
        "annotation": "The rod is still completely out of the beaker, and no substance is adhering to it. Noticeable change from the previous frame: None."
      },
      {
        "timestamp": 92.89,
        "annotation": "The rod is still completely out of the beaker, and no substance is adhering to it. Noticeable change from the previous frame: None."
      },
      {
        "timestamp": 93.86,
        "annotation": "The rod is still completely out of the beaker, and no substance is adhering to it. Noticeable change from the previous frame: None."
      },
      {
        "timestamp": 94.83,
        "annotation": "The rod is still completely out of the beaker, and no substance is adhering to it. Noticeable change from the previous frame: None."
      },
      {
        "timestamp": 95.8,
        "annotation": "The rod is still completely out of the beaker, and no substance is adhering to it. Noticeable change from the previous frame: None."
      },
      {
        "timestamp": 96.76,
        "annotation": "The rod is still completely out of the beaker, and no substance is adhering to it. Noticeable change from the previous frame: None."
      },
      {
        "timestamp": 97.73,
        "annotation": "The rod is still completely out of the beaker, and no substance is adhering to it. Noticeable change from the previous frame: None."
      },
      {
        "timestamp": 98.7,
        "annotation": "The rod is still completely out of the beaker, and no substance is adhering to it. Noticeable change from the previous frame: None."
      },
      {
        "timestamp": 99.67,
        "annotation": "The rod is still completely out of the beaker, and no substance is adhering to it. Noticeable change from the previous frame: None."
      },
      {
        "timestamp": 100.63,
        "annotation": "The rod is still completely out of the beaker, and no substance is adhering to it. Noticeable change from the previous frame: None."
      },
      {
        "timestamp": 101.6,
        "annotation": "The rod is still completely out of the beaker, and no substance is adhering to it. Noticeable change from the previous frame: None."
      },
      {
        "timestamp": 102.57,
        "annotation": "The rod is still completely out of the beaker, and no substance is adhering to it. Noticeable change from the previous frame: None."
      },
      {
        "timestamp": 103.54,
        "annotation": "The rod is still completely out of the beaker, and no substance is adhering to it. Noticeable change from the previous frame: None."
      },
      {
        "timestamp": 104.5,
        "annotation": "The rod is inserted into the beaker, and a white substance is being drawn up the rod. Noticeable change from the previous frame: The rod is now inserted into the beaker, and a white substance is adhering to it."
      },
      {
        "timestamp": 105.47,
        "annotation": "The rod is being lifted out of the beaker with the white substance still adhering to it. Noticeable change from the previous frame: The rod is being lifted out of the beaker."
      },
      {
        "timestamp": 106.44,
        "annotation": "The rod is being lifted out of the beaker with the white substance still adhering to it. Noticeable change from the previous frame: The rod is fully out of the beaker."
      },
      {
        "timestamp": 107.41,
        "annotation": "The rod is being lifted higher with the white substance still adhering to it. Noticeable change from the previous frame: The rod is lifted slightly higher."
      },
      {
        "timestamp": 108.38,
        "annotation": "The rod continues to be lifted with the white substance adhering to it. Noticeable change from the previous frame: The rod is lifted slightly higher."
      },
      {
        "timestamp": 109.34,
        "annotation": "The rod is lifted even higher with the white substance still adhering to it. Noticeable change from the previous frame: The rod is lifted slightly higher."
      },
      {
        "timestamp": 110.31,
        "annotation": "The rod is lifted higher with the white substance adhering to it. Noticeable change from the previous frame: The rod is lifted slightly higher."
      },
      {
        "timestamp": 111.28,
        "annotation": "The rod is lifted higher with the white substance adhering to it. Noticeable change from the previous frame: The rod is lifted slightly higher."
      },
      {
        "timestamp": 112.25,
        "annotation": "The rod is lifted higher with the white substance adhering to it. Noticeable change from the previous frame: The rod is lifted slightly higher."
      },
      {
        "timestamp": 113.21,
        "annotation": "The rod is lifted higher with the white substance adhering to it. Noticeable change from the previous frame: The rod is lifted slightly higher."
      },
      {
        "timestamp": 114.18,
        "annotation": "The rod is lifted higher with the white substance adhering to it. Noticeable change from the previous frame: The rod is lifted slightly higher."
      },
      {
        "timestamp": 115.15,
        "annotation": "The rod is lifted higher with the white substance adhering to it. Noticeable change from the previous frame: The rod is lifted slightly higher."
      },
      {
        "timestamp": 116.12,
        "annotation": "The rod with the white substance is lifted higher. Noticeable change from the previous frame: The rod is lifted slightly higher."
      },
      {
        "timestamp": 117.08,
        "annotation": "The rod with the white substance continues to be lifted. Noticeable change from the previous frame: The rod is lifted slightly higher."
      },
      {
        "timestamp": 118.05,
        "annotation": "The rod with the white substance is lifted even higher. Noticeable change from the previous frame: The rod is lifted slightly higher."
      },
      {
        "timestamp": 119.02,
        "annotation": "The rod with the white substance is lifted higher. Noticeable change from the previous frame: The rod is lifted slightly higher."
      },
      {
        "timestamp": 119.99,
        "annotation": "The rod with the white substance is lifted higher. Noticeable change from the previous frame: The rod is lifted slightly higher."
      },
      {
        "timestamp": 120.95,
        "annotation": "The rod with the white substance is lifted higher. Noticeable change from the previous frame: The rod is lifted slightly higher."
      },
      {
        "timestamp": 121.92,
        "annotation": "The rod with the white substance is lifted higher. Noticeable change from the previous frame: The rod is lifted slightly higher."
      },
      {
        "timestamp": 122.89,
        "annotation": "The rod with the white substance is lifted higher. Noticeable change from the previous frame: The rod is lifted slightly higher."
      },
      {
        "timestamp": 123.86,
        "annotation": "The rod with the white substance is lifted higher. Noticeable change from the previous frame: The rod is lifted slightly higher."
      },
      {
        "timestamp": 124.82,
        "annotation": "The rod with the white substance is lifted higher. Noticeable change from the previous frame: The rod is lifted slightly higher."
      },
      {
        "timestamp": 125.79,
        "annotation": "The rod with the white substance is lifted higher. Noticeable change from the previous frame: The rod is lifted slightly higher."
      },
      {
        "timestamp": 126.76,
        "annotation": "The rod with the white substance continues to be lifted. Noticeable change from the previous frame: The rod is lifted slightly higher."
      },
      {
        "timestamp": 127.73,
        "annotation": "The rod with the white substance is lifted even higher. Noticeable change from the previous frame: The rod is lifted slightly higher."
      },
      {
        "timestamp": 128.7,
        "annotation": "The rod with the white substance is lifted higher. Noticeable change from the previous frame: The rod is lifted slightly higher."
      },
      {
        "timestamp": 129.66,
        "annotation": "The rod with the white substance is lifted higher. Noticeable change from the previous frame: The rod is lifted slightly higher."
      },
      {
        "timestamp": 130.63,
        "annotation": "The rod with the white substance is lifted higher. Noticeable change from the previous frame: The rod is lifted slightly higher."
      },
      {
        "timestamp": 131.6,
        "annotation": "The rod with the white substance is lifted higher. Noticeable change from the previous frame: The rod is lifted slightly higher."
      },
      {
        "timestamp": 132.57,
        "annotation": "The rod with the white substance is lifted higher. Noticeable change from the previous frame: The rod is lifted slightly higher."
      },
      {
        "timestamp": 133.53,
        "annotation": "The rod with the white substance is lifted higher. Noticeable change from the previous frame: The rod is lifted slightly higher."
      },
      {
        "timestamp": 134.5,
        "annotation": "The rod with the white substance is lifted higher. Noticeable change from the previous frame: The rod is lifted slightly higher."
      },
      {
        "timestamp": 135.47,
        "annotation": "The rod with the white substance is lifted higher. Noticeable change from the previous frame: The rod is lifted slightly higher."
      },
      {
        "timestamp": 136.44,
        "annotation": "The rod with the white substance is lifted even higher. Noticeable change from the previous frame: The rod is lifted slightly higher."
      },
      {
        "timestamp": 137.4,
        "annotation": "The rod with the white substance is lifted higher. Noticeable change from the previous frame: The rod is lifted slightly higher."
      },
      {
        "timestamp": 138.37,
        "annotation": "The rod with the white substance is lifted higher. Noticeable change from the previous frame: The rod is lifted slightly higher."
      },
      {
        "timestamp": 139.34,
        "annotation": "The rod with the white substance is lifted higher. Noticeable change from the previous frame: The rod is lifted slightly higher."
      },
      {
        "timestamp": 140.31,
        "annotation": "The rod with the white substance is lifted higher. Noticeable change from the previous frame: The rod is lifted slightly higher."
      }
    ],
    "whole_video_annotation": "The video depicts a series of actions performed in a laboratory or workshop setting. Here is a general description of the key events:\n\n1. **Initial Setup**: The video begins with a close-up of a door handle, followed by a dark screen. A hand holding a metallic rod or tool is then shown, and the door to the laboratory or workshop is fully opened, revealing various items and equipment inside.\n\n2. **Preparation**: A clear 100 mL beaker is shown, and a clear or slightly translucent liquid is poured into it until it reaches a desired level.\n\n3. **Introduction of Substance**: A gloved hand holds a container labeled 'Hexamethylenediamine'. The beaker now contains a dark liquid with a white substance floating on the surface.\n\n4. **Rod Interaction**: A rod is inserted into the beaker, making contact with the white substance on the surface. The rod is then pulled up, and the white substance adheres to it, being lifted out of the beaker.\n\n5. **Repetitive Actions**: The rod is repeatedly inserted and withdrawn from the beaker, each time lifting more of the white substance. The substance forms a stream as the rod is pulled out, eventually breaking and falling back into the beaker.\n\n6. **Final State**: The rod is completely withdrawn from the beaker, with no substance adhering to it. The liquid in the beaker appears settled, and the rod is held above the beaker without any substance on it.\n\nIn response to the user's question: \"Did the substance in the beaker end up on the rod because it adhered to the rod when it was inserted?\" The answer is yes. The white substance in the beaker adheres to the rod as it is inserted and withdrawn, demonstrating a clear interaction where the substance sticks to the rod.",
    "annotations_summary": "The video shows a series of actions in a laboratory or workshop setting. Here's a brief summary:\n\n1. **Initial Setup**:\n   - The video starts with a close-up of a door handle, followed by a dark screen.\n   - A hand holding a metallic rod is shown, and the door to the laboratory is opened, revealing various items and equipment.\n\n2. **Preparation**:\n   - A clear 100 mL beaker is shown, and a clear or slightly translucent liquid is poured into it until it reaches a desired level.\n\n3. **Introduction of Substance**:\n   - A gloved hand holds a container labeled 'Hexamethylenediamine'.\n   - The beaker now contains a dark liquid with a white substance floating on the surface.\n\n4. **Rod Interaction**:\n   - A rod is inserted into the beaker, making contact with the white substance on the surface.\n   - The rod is pulled up, and the white substance adheres to it, being lifted out of the beaker.\n\n5. **Repetitive Actions**:\n   - The rod is repeatedly inserted and withdrawn from the beaker, each time lifting more of the white substance.\n   - The substance forms a stream as the rod is pulled out, eventually breaking and falling back into the beaker.\n\n6. **Final State**:\n   - The rod is completely withdrawn from the beaker, with no substance adhering to it.\n   - The liquid in the beaker appears settled, and the rod is held above the beaker without any substance on it.\n\nThe white substance in the beaker adheres to the rod as it is inserted and withdrawn, demonstrating a clear interaction where the substance sticks to the rod."
  }
}