{
  "qid": "0973-0",
  "video_id": "BkFjtOqLNmk",
  "video_path": "videos\\0973_BkFjtOqLNmk.mp4",
  "main_question": "When did the man in the gray hoodie on the left in the video get injured?",
  "sub_questions": "To better understand the video and determine when the man in the gray hoodie on the left got injured, consider the following sub-questions:\n\n1. **Can you describe the sequence of events leading up to the injury?**\n   - This will help identify the specific moment when the injury occurred.\n\n2. **Are there any visual cues or indicators in the video that show the exact time or moment of the injury?**\n   - This could include reactions from other people, sudden movements, or changes in the environment.\n\n3. **Is there any audio or commentary in the video that mentions or describes the injury?**\n   - This might provide additional context or confirmation of when the injury happened.",
  "annotations": {
    "frame_annotations": [
      {
        "timestamp": 0.0,
        "annotation": "Two men are standing in a large indoor space. One is wearing a gray hoodie and the other is wearing a white hoodie. They are holding what appear to be Nerf-style blasters. There are large inflatable balloons in the background, colored blue, pink, and red. The man in the gray hoodie is pointed out by an arrow with the text 'MR BEAST'."
      },
      {
        "timestamp": 1.0,
        "annotation": "The scene is similar to the previous frame. The man in the gray hoodie is still being pointed out by an arrow with the text 'MR BEAST'. Both men are still holding their blasters."
      },
      {
        "timestamp": 2.0,
        "annotation": "The arrow pointing to the man in the gray hoodie has disappeared. Both men are still standing in the same positions, holding their blasters."
      },
      {
        "timestamp": 3.0,
        "annotation": "Both men have started to move towards the inflatable balloons. They are raising their blasters as if preparing to shoot."
      },
      {
        "timestamp": 4.0,
        "annotation": "The men are now closer to the balloons. They appear to be shooting at the blue and red balloons. Some of the balloons are starting to pop."
      },
      {
        "timestamp": 5.0,
        "annotation": "More balloons are popping. The men are actively shooting at the inflatables. Pieces of the popped balloons are scattered on the ground."
      },
      {
        "timestamp": 6.0,
        "annotation": "The man in the gray hoodie is bending over, possibly to avoid debris from the popping balloons. More balloons are popping, and the ground is covered in more balloon pieces."
      },
      {
        "timestamp": 7.0,
        "annotation": "The man in the gray hoodie appears to be in pain or discomfort, holding his arm. The man in the white hoodie is still shooting at the balloons. More balloons are popping."
      },
      {
        "timestamp": 8.0,
        "annotation": "The man in the gray hoodie is now on the ground, possibly injured. The man in the white hoodie is still shooting at the remaining balloons. The ground is covered in balloon pieces."
      },
      {
        "timestamp": 9.0,
        "annotation": "Both men are now on the ground amidst the balloon debris. The man in the gray hoodie is still holding his arm, appearing injured. The man in the white hoodie seems to be checking on him."
      },
      {
        "timestamp": 10.0,
        "annotation": "Both men are now on the ground amidst the balloon debris. The man in the gray hoodie is still holding his arm, appearing injured. The man in the white hoodie seems to be checking on him."
      },
      {
        "timestamp": 11.0,
        "annotation": "The scene remains the same. The man in the gray hoodie is still on the ground holding his arm, and the man in the white hoodie is still attending to him."
      },
      {
        "timestamp": 12.0,
        "annotation": "No noticeable change. Both men are still in the same positions."
      },
      {
        "timestamp": 13.0,
        "annotation": "The man in the gray hoodie is still holding his arm, and the man in the white hoodie is still by his side."
      },
      {
        "timestamp": 14.0,
        "annotation": "The situation remains unchanged. The man in the gray hoodie is still injured and on the ground."
      },
      {
        "timestamp": 15.0,
        "annotation": "No change in the scene. The man in the gray hoodie continues to hold his arm, appearing injured."
      },
      {
        "timestamp": 16.0,
        "annotation": "The man in the gray hoodie is still on the ground, holding his arm. The man in the white hoodie is still checking on him."
      },
      {
        "timestamp": 17.0,
        "annotation": "The scene is static. The man in the gray hoodie is still injured and on the ground."
      },
      {
        "timestamp": 18.0,
        "annotation": "No change in the scene. The man in the gray hoodie is still holding his arm, and the man in the white hoodie is still attending to him."
      },
      {
        "timestamp": 19.0,
        "annotation": "The situation remains the same. The man in the gray hoodie is still injured and on the ground."
      },
      {
        "timestamp": 20.0,
        "annotation": "The man in the gray hoodie is on the ground, appearing injured. Another person is standing nearby, possibly attending to him. The scene is indoors with a large open space and some scattered debris on the floor."
      },
      {
        "timestamp": 21.0,
        "annotation": "The situation remains the same. The man in the gray hoodie is still injured and on the ground. The other person is still standing nearby."
      },
      {
        "timestamp": 22.0,
        "annotation": "The situation remains the same. The man in the gray hoodie is still injured and on the ground. The other person is still standing nearby."
      },
      {
        "timestamp": 23.0,
        "annotation": "The situation remains the same. The man in the gray hoodie is still injured and on the ground. The other person is still standing nearby."
      },
      {
        "timestamp": 24.0,
        "annotation": "The situation remains the same. The man in the gray hoodie is still injured and on the ground. The other person is still standing nearby."
      },
      {
        "timestamp": 25.0,
        "annotation": "The situation remains the same. The man in the gray hoodie is still injured and on the ground. The other person is still standing nearby."
      },
      {
        "timestamp": 26.0,
        "annotation": "The situation remains the same. The man in the gray hoodie is still injured and on the ground. The other person is still standing nearby."
      },
      {
        "timestamp": 27.0,
        "annotation": "The situation remains the same. The man in the gray hoodie is still injured and on the ground. The other person is still standing nearby."
      },
      {
        "timestamp": 28.0,
        "annotation": "The situation remains the same. The man in the gray hoodie is still injured and on the ground. The other person is still standing nearby."
      },
      {
        "timestamp": 29.0,
        "annotation": "The situation remains the same. The man in the gray hoodie is still injured and on the ground. The other person is still standing nearby."
      },
      {
        "timestamp": 30.0,
        "annotation": "The man in the gray hoodie is on the ground, appearing injured. Another person is standing nearby, seemingly concerned or checking on him. The scene is indoors with large clusters of blue and red balloons in the background."
      },
      {
        "timestamp": 31.0,
        "annotation": "The situation remains the same. The man in the gray hoodie is still injured and on the ground. The other person is still standing nearby."
      },
      {
        "timestamp": 32.0,
        "annotation": "The situation remains the same. The man in the gray hoodie is still injured and on the ground. The other person is still standing nearby."
      },
      {
        "timestamp": 33.0,
        "annotation": "The situation remains the same. The man in the gray hoodie is still injured and on the ground. The other person is still standing nearby."
      },
      {
        "timestamp": 34.0,
        "annotation": "The situation remains the same. The man in the gray hoodie is still injured and on the ground. The other person is still standing nearby."
      },
      {
        "timestamp": 35.0,
        "annotation": "The situation remains the same. The man in the gray hoodie is still injured and on the ground. The other person is still standing nearby."
      },
      {
        "timestamp": 36.0,
        "annotation": "The situation remains the same. The man in the gray hoodie is still injured and on the ground. The other person is still standing nearby."
      },
      {
        "timestamp": 37.0,
        "annotation": "The situation remains the same. The man in the gray hoodie is still injured and on the ground. The other person is still standing nearby."
      },
      {
        "timestamp": 38.0,
        "annotation": "The situation remains the same. The man in the gray hoodie is still injured and on the ground. The other person is still standing nearby."
      },
      {
        "timestamp": 39.0,
        "annotation": "The situation remains the same. The man in the gray hoodie is still injured and on the ground. The other person is still standing nearby."
      },
      {
        "timestamp": 40.0,
        "annotation": "The man in the gray hoodie is on the ground, appearing injured. Another person is standing nearby, seemingly unaffected. There are large clusters of red and blue balloons in the background."
      },
      {
        "timestamp": 41.0,
        "annotation": "The situation remains the same. The man in the gray hoodie is still injured and on the ground. The other person is still standing nearby."
      },
      {
        "timestamp": 42.0,
        "annotation": "The situation remains the same. The man in the gray hoodie is still injured and on the ground. The other person is still standing nearby."
      },
      {
        "timestamp": 43.0,
        "annotation": "The situation remains the same. The man in the gray hoodie is still injured and on the ground. The other person is still standing nearby."
      },
      {
        "timestamp": 44.0,
        "annotation": "The situation remains the same. The man in the gray hoodie is still injured and on the ground. The other person is still standing nearby."
      },
      {
        "timestamp": 45.0,
        "annotation": "The situation remains the same. The man in the gray hoodie is still injured and on the ground. The other person is still standing nearby."
      },
      {
        "timestamp": 46.0,
        "annotation": "The situation remains the same. The man in the gray hoodie is still injured and on the ground. The other person is still standing nearby."
      },
      {
        "timestamp": 47.0,
        "annotation": "The situation remains the same. The man in the gray hoodie is still injured and on the ground. The other person is still standing nearby."
      },
      {
        "timestamp": 48.0,
        "annotation": "The situation remains the same. The man in the gray hoodie is still injured and on the ground. The other person is still standing nearby."
      },
      {
        "timestamp": 49.0,
        "annotation": "The situation remains the same. The man in the gray hoodie is still injured and on the ground. The other person is still standing nearby."
      },
      {
        "timestamp": 50.0,
        "annotation": "The man in the gray hoodie is injured and on the ground. Another person is standing nearby. The situation remains the same as the previous frame."
      },
      {
        "timestamp": 51.0,
        "annotation": "The man in the gray hoodie is still injured and on the ground. The other person is still standing nearby. The situation remains the same as the previous frame."
      },
      {
        "timestamp": 52.0,
        "annotation": "The man in the gray hoodie is still injured and on the ground. The other person is still standing nearby. The situation remains the same as the previous frame."
      },
      {
        "timestamp": 53.0,
        "annotation": "The man in the gray hoodie is still injured and on the ground. The other person is still standing nearby. The situation remains the same as the previous frame."
      }
    ],
    "whole_video_annotation": "In the video, two men are seen in a large indoor space with inflatable balloons in the background. The man in the gray hoodie, identified as \"MR BEAST,\" and another man in a white hoodie are both holding Nerf-style blasters. They start shooting at the balloons, causing them to pop. During this activity, the man in the gray hoodie appears to get injured, possibly from debris or the impact of the popping balloons. He ends up on the ground, holding his arm in pain, while the other man checks on him.\n\nThe man in the gray hoodie gets injured around the 7.00-second mark, as he starts showing signs of pain or discomfort while holding his arm.",
    "annotations_summary": "The video features two men in a large indoor space filled with inflatable balloons. The man in the gray hoodie, identified as \"MR BEAST,\" and another man in a white hoodie are both armed with Nerf-style blasters. They begin shooting at the balloons, causing them to pop and scatter debris. Around the 7-second mark, the man in the gray hoodie appears to get injured, likely from the debris or the impact of the popping balloons. He falls to the ground, holding his arm in pain, while the man in the white hoodie attends to him. The scene remains static for the remainder of the video, with the injured man on the ground and the other man by his side."
  }
}