{
  "qid": "0973-1",
  "video_id": "BkFjtOqLNmk",
  "video_path": "videos\\0973_BkFjtOqLNmk.mp4",
  "main_question": "At what point in the video did the man in the gray hoodie on the left sustain an injury?",
  "sub_questions": "To better understand the video and pinpoint when the man in the gray hoodie on the left sustained an injury, consider the following sub-questions:\n\n1. **Can you describe the sequence of events leading up to the injury?**\n   - This will help identify any actions or incidents that might have caused the injury.\n\n2. **At what timestamp does the man in the gray hoodie first show signs of being injured?**\n   - This can help narrow down the exact moment the injury occurred.\n\n3. **Are there any other individuals or objects involved in the incident that might have caused the injury?**\n   - This can provide context about what happened and who or what might have been involved.",
  "annotations": {
    "frame_annotations": [
      {
        "timestamp": 0.0,
        "annotation": "Two men are standing in a large indoor space. One is wearing a gray hoodie and the other a white hoodie. They are holding what appear to be Nerf-style blasters. There are large inflatable balloons in the background. The man in the gray hoodie is being pointed at by an arrow with the text 'MR BEAST'."
      },
      {
        "timestamp": 1.0,
        "annotation": "The scene is similar to the previous frame. The man in the gray hoodie is still being pointed at by an arrow with the text 'MR BEAST'."
      },
      {
        "timestamp": 2.0,
        "annotation": "The text 'MR BEAST' has disappeared. Both men are standing in the same positions, holding their blasters."
      },
      {
        "timestamp": 3.0,
        "annotation": "Both men appear to be preparing to shoot their blasters. Their stances have slightly changed, indicating they are about to engage in an activity."
      },
      {
        "timestamp": 4.0,
        "annotation": "The men have started shooting their blasters at the inflatable balloons. Some of the balloons are beginning to pop."
      },
      {
        "timestamp": 5.0,
        "annotation": "More balloons have popped, and pieces of the balloons are scattered on the ground. The men continue to shoot at the remaining balloons."
      },
      {
        "timestamp": 6.0,
        "annotation": "The man in the gray hoodie appears to be in motion, possibly dodging or moving to a new position. More balloons have been popped, and the ground is covered in more debris."
      },
      {
        "timestamp": 7.0,
        "annotation": "The man in the gray hoodie is now bent over, possibly in pain or reacting to something. The man in the white hoodie is still actively shooting at the balloons."
      },
      {
        "timestamp": 8.0,
        "annotation": "The man in the gray hoodie is on the ground, appearing to be injured or in discomfort. The man in the white hoodie is still engaged in the activity, shooting at the remaining balloons."
      },
      {
        "timestamp": 9.0,
        "annotation": "Both men are now on the ground amidst the debris from the popped balloons. The man in the gray hoodie is still in a position that suggests he is injured."
      },
      {
        "timestamp": 10.0,
        "annotation": "The man in the gray hoodie is on the ground, appearing injured. The other man is standing nearby. Debris from popped balloons is scattered around. No significant change from the previous frame."
      },
      {
        "timestamp": 11.0,
        "annotation": "The man in the gray hoodie remains on the ground in the same position. The other man is still standing nearby. No significant change from the previous frame."
      },
      {
        "timestamp": 12.0,
        "annotation": "The man in the gray hoodie is still on the ground. The other man is now bending over slightly, possibly checking on the injured man. No significant change from the previous frame."
      },
      {
        "timestamp": 13.0,
        "annotation": "The man in the gray hoodie is still on the ground. The other man is now standing upright again. No significant change from the previous frame."
      },
      {
        "timestamp": 14.0,
        "annotation": "The man in the gray hoodie remains on the ground. The other man is still standing nearby. No significant change from the previous frame."
      },
      {
        "timestamp": 15.0,
        "annotation": "The man in the gray hoodie is still on the ground. The other man is now bending over slightly again. No significant change from the previous frame."
      },
      {
        "timestamp": 16.0,
        "annotation": "The man in the gray hoodie remains on the ground. The other man is standing upright. No significant change from the previous frame."
      },
      {
        "timestamp": 17.0,
        "annotation": "The man in the gray hoodie is still on the ground. The other man is now bending over slightly again. No significant change from the previous frame."
      },
      {
        "timestamp": 18.0,
        "annotation": "The man in the gray hoodie remains on the ground. The other man is standing upright. No significant change from the previous frame."
      },
      {
        "timestamp": 19.0,
        "annotation": "The man in the gray hoodie is still on the ground. The other man is now bending over slightly again. No significant change from the previous frame."
      },
      {
        "timestamp": 20.0,
        "annotation": "The man in the gray hoodie is still on the ground. The other man is now bending over slightly again. No significant change from the previous frame."
      },
      {
        "timestamp": 21.0,
        "annotation": "The man in the gray hoodie is still on the ground. The other man is now bending over slightly again. No significant change from the previous frame."
      },
      {
        "timestamp": 22.0,
        "annotation": "The man in the gray hoodie is still on the ground. The other man is now bending over slightly again. No significant change from the previous frame."
      },
      {
        "timestamp": 23.0,
        "annotation": "The man in the gray hoodie is still on the ground. The other man is now bending over slightly again. No significant change from the previous frame."
      },
      {
        "timestamp": 24.0,
        "annotation": "The man in the gray hoodie is still on the ground. The other man is now bending over slightly again. No significant change from the previous frame."
      },
      {
        "timestamp": 25.0,
        "annotation": "The man in the gray hoodie is still on the ground. The other man is now bending over slightly again. No significant change from the previous frame."
      },
      {
        "timestamp": 26.0,
        "annotation": "The man in the gray hoodie is still on the ground. The other man is now bending over slightly again. No significant change from the previous frame."
      },
      {
        "timestamp": 27.0,
        "annotation": "The man in the gray hoodie is still on the ground. The other man is now bending over slightly again. No significant change from the previous frame."
      },
      {
        "timestamp": 28.0,
        "annotation": "The man in the gray hoodie is still on the ground. The other man is now bending over slightly again. No significant change from the previous frame."
      },
      {
        "timestamp": 29.0,
        "annotation": "The man in the gray hoodie is still on the ground. The other man is now bending over slightly again. No significant change from the previous frame."
      },
      {
        "timestamp": 30.0,
        "annotation": "The man in the gray hoodie is still on the ground. The other man is now bending over slightly again. No significant change from the previous frame."
      },
      {
        "timestamp": 31.0,
        "annotation": "The man in the gray hoodie is still on the ground. The other man is now bending over slightly again. No significant change from the previous frame."
      },
      {
        "timestamp": 32.0,
        "annotation": "The man in the gray hoodie is still on the ground. The other man is now bending over slightly again. No significant change from the previous frame."
      },
      {
        "timestamp": 33.0,
        "annotation": "The man in the gray hoodie is still on the ground. The other man is now bending over slightly again. No significant change from the previous frame."
      },
      {
        "timestamp": 34.0,
        "annotation": "The man in the gray hoodie is still on the ground. The other man is now bending over slightly again. No significant change from the previous frame."
      },
      {
        "timestamp": 35.0,
        "annotation": "The man in the gray hoodie is still on the ground. The other man is now bending over slightly again. No significant change from the previous frame."
      },
      {
        "timestamp": 36.0,
        "annotation": "The man in the gray hoodie is still on the ground. The other man is now bending over slightly again. No significant change from the previous frame."
      },
      {
        "timestamp": 37.0,
        "annotation": "The man in the gray hoodie is still on the ground. The other man is now bending over slightly again. No significant change from the previous frame."
      },
      {
        "timestamp": 38.0,
        "annotation": "The man in the gray hoodie is still on the ground. The other man is now bending over slightly again. No significant change from the previous frame."
      },
      {
        "timestamp": 39.0,
        "annotation": "The man in the gray hoodie is still on the ground. The other man is now bending over slightly again. No significant change from the previous frame."
      },
      {
        "timestamp": 40.0,
        "annotation": "The man in the gray hoodie is still on the ground. The other man is now bending over slightly again. No significant change from the previous frame."
      },
      {
        "timestamp": 41.0,
        "annotation": "The man in the gray hoodie is still on the ground. The other man is now bending over slightly again. No significant change from the previous frame."
      },
      {
        "timestamp": 42.0,
        "annotation": "The man in the gray hoodie is still on the ground. The other man is now bending over slightly again. No significant change from the previous frame."
      },
      {
        "timestamp": 43.0,
        "annotation": "The man in the gray hoodie is still on the ground. The other man is now bending over slightly again. No significant change from the previous frame."
      },
      {
        "timestamp": 44.0,
        "annotation": "The man in the gray hoodie is still on the ground. The other man is now bending over slightly again. No significant change from the previous frame."
      },
      {
        "timestamp": 45.0,
        "annotation": "The man in the gray hoodie is still on the ground. The other man is now bending over slightly again. No significant change from the previous frame."
      },
      {
        "timestamp": 46.0,
        "annotation": "The man in the gray hoodie is still on the ground. The other man is now bending over slightly again. No significant change from the previous frame."
      },
      {
        "timestamp": 47.0,
        "annotation": "The man in the gray hoodie is still on the ground. The other man is now bending over slightly again. No significant change from the previous frame."
      },
      {
        "timestamp": 48.0,
        "annotation": "The man in the gray hoodie is still on the ground. The other man is now bending over slightly again. No significant change from the previous frame."
      },
      {
        "timestamp": 49.0,
        "annotation": "The man in the gray hoodie is still on the ground. The other man is now bending over slightly again. No significant change from the previous frame."
      },
      {
        "timestamp": 50.0,
        "annotation": "The man in the gray hoodie is still on the ground. The other man is now bending over slightly again. No significant change from the previous frame."
      },
      {
        "timestamp": 51.0,
        "annotation": "The man in the gray hoodie is still on the ground. The other man is now bending over slightly again. No significant change from the previous frame."
      },
      {
        "timestamp": 52.0,
        "annotation": "The man in the gray hoodie is still on the ground. The other man is now bending over slightly again. No significant change from the previous frame."
      },
      {
        "timestamp": 53.0,
        "annotation": "The man in the gray hoodie is still on the ground. The other man is now bending over slightly again. No significant change from the previous frame."
      }
    ],
    "whole_video_annotation": "In the video, two men are engaged in an activity involving Nerf-style blasters in a large indoor space filled with inflatable balloons. The man in the gray hoodie, who is identified as \"MR BEAST,\" and the man in the white hoodie start by shooting at the balloons. As the activity progresses, the man in the gray hoodie appears to sustain an injury around the 7-second mark. He is seen bending over in pain and eventually ends up on the ground, appearing injured or in discomfort. The man in the white hoodie continues to shoot at the balloons and occasionally checks on the injured man. The scene remains relatively static for the remainder of the video, with the man in the gray hoodie staying on the ground and the other man periodically bending over to check on him.",
    "annotations_summary": "The video features two men in a large indoor space filled with inflatable balloons, each holding Nerf-style blasters. The man in the gray hoodie, identified as \"MR BEAST,\" and the man in the white hoodie begin shooting at the balloons. Around the 7-second mark, the man in the gray hoodie appears to get injured, bending over in pain and eventually falling to the ground. The man in the white hoodie continues to shoot at the balloons while periodically checking on the injured man. For the remainder of the video, the scene remains static, with the man in the gray hoodie staying on the ground and the other man occasionally bending over to check on him."
  }
}