{
  "qid": "0974-0",
  "video_id": "_a6lFCUYTA4",
  "video_path": "videos\\0974__a6lFCUYTA4.mp4",
  "main_question": "When did the person in the video put the straw into the bottle?",
  "sub_questions": "To better understand the video and answer the main question, consider the following sub-questions:\n\n1. **What is the total duration of the video?**\n   - Knowing the length of the video can help pinpoint the timeframe in which the action occurs.\n\n2. **Are there any timestamps or key moments indicated in the video description or comments?**\n   - This can provide specific points in the video where significant actions, like putting the straw into the bottle, might occur.\n\n3. **Is there a clear visual or audio cue that indicates when the straw is inserted into the bottle?**\n   - Identifying any distinctive markers can help locate the exact moment in the video.",
  "annotations": {
    "frame_annotations": [
      {
        "timestamp": 0.0,
        "annotation": "A person is holding an orange-colored drink bottle with a green cap. The bottle is full of liquid. The setting appears to be a kitchen or dining area."
      },
      {
        "timestamp": 1.0,
        "annotation": "The person is now holding an empty plastic bottle with a green cap. The bottle appears to be the same as the one in the previous frame but is now empty. A straw is visible near the bottle."
      },
      {
        "timestamp": 2.0,
        "annotation": "The person is holding the empty bottle in one hand and a straw in the other hand. The straw is being positioned near the bottle's opening."
      },
      {
        "timestamp": 3.0,
        "annotation": "The person is inserting the straw into the empty bottle. The straw is partially inside the bottle."
      },
      {
        "timestamp": 4.0,
        "annotation": "The straw is now fully inserted into the bottle. The person is holding the bottle upright."
      },
      {
        "timestamp": 5.0,
        "annotation": "The scene changes to a different setting, likely a fast-food restaurant. The person is sitting at a table with others in the background. The bottle with the straw is visible in the person's hand."
      },
      {
        "timestamp": 6.0,
        "annotation": "The person is extending their arm towards another individual across the table, offering the bottle with the straw."
      },
      {
        "timestamp": 7.0,
        "annotation": "The other individual is reaching out to accept the bottle. The person offering the bottle is still holding it by the cap."
      },
      {
        "timestamp": 8.0,
        "annotation": "The other individual has taken the bottle and is now holding it. The person who offered the bottle has withdrawn their hand."
      },
      {
        "timestamp": 9.0,
        "annotation": "The other individual is bringing the bottle with the straw to their mouth, preparing to drink."
      },
      {
        "timestamp": 10.0,
        "annotation": "The person on the left is holding an orange drink with a straw, and the straw is not yet in the bottle. The person on the right is smiling and looking at the person on the left."
      },
      {
        "timestamp": 11.0,
        "annotation": "The person on the left is starting to lower the straw into the bottle. The person on the right continues to smile and watch."
      },
      {
        "timestamp": 12.0,
        "annotation": "The straw is now partially inserted into the bottle. The person on the left is still lowering the straw."
      },
      {
        "timestamp": 13.0,
        "annotation": "The straw is almost fully inserted into the bottle. The person on the left is nearly finished inserting the straw."
      },
      {
        "timestamp": 14.0,
        "annotation": "The straw is fully inserted into the bottle. The person on the left has completed the action."
      },
      {
        "timestamp": 15.0,
        "annotation": "The person on the left is removing their hand from the bottle. The straw remains in the bottle."
      },
      {
        "timestamp": 16.0,
        "annotation": "The person on the left has removed their hand from the bottle. The person on the right is clapping, and others in the background are reacting."
      },
      {
        "timestamp": 17.0,
        "annotation": "The person on the right is smiling and looking at the person on the left. The straw is fully in the bottle, and the reaction from the background continues."
      }
    ],
    "whole_video_annotation": "The video depicts a sequence of actions involving a person and a drink bottle. Initially, the person is seen in a kitchen or dining area holding a full orange-colored drink bottle with a green cap. The person then empties the bottle and inserts a straw into it. The scene transitions to a fast-food restaurant where the person offers the bottle with the straw to another individual. The other individual accepts the bottle and prepares to drink from it. Later, another person is seen inserting a straw into a similar bottle in a playful or demonstrative manner, with others reacting positively in the background.\n\nThe person in the video puts the straw into the bottle between 2.00 and 4.00 seconds.",
    "annotations_summary": "The video shows a person performing a sequence of actions with a drink bottle. Initially, in a kitchen or dining area, the person holds a full orange-colored drink bottle with a green cap. They then empty the bottle and insert a straw into it between 2.00 and 4.00 seconds. The scene shifts to a fast-food restaurant, where the person offers the bottle with the straw to another individual, who accepts it and prepares to drink. Later, another person playfully inserts a straw into a similar bottle in front of others, who react positively."
  }
}