{
  "qid": "0976-7",
  "video_id": "fPW-zkcTRgM",
  "video_path": "videos\\0976_fPW-zkcTRgM.mp4",
  "main_question": "Who answers the question first in the first scene of the video?\nA. Neither answers\nB. Both answer at the same time\nC. The person on the right\nD. The person on the left",
  "sub_questions": "To better understand the video and determine who answers the question first in the first scene, consider the following sub-questions:\n\n1. **Can you describe the setup of the first scene?**\n   - Who are the individuals present?\n   - What is the context or topic of discussion?\n   - Are there any visual cues or indicators that might help identify who is on the left and who is on the right?\n\n2. **What is the exact question being asked in the first scene?**\n   - Understanding the question can provide context for the responses and help identify who answers first.\n\n3. **Can you provide a detailed transcript or description of the first few exchanges in the first scene?**\n   - Who speaks first?\n   - Is there any noticeable delay or overlap in the responses?\n   - Are there any non-verbal cues (like gestures or facial expressions) that might indicate who answers first?",
  "annotations": {
    "frame_annotations": [
      {
        "timestamp": 0.0,
        "annotation": "Two individuals stand on a city street. There are two large balloons, one blue and one pink, on a table in front of them. The score is 0-0. The text 'What is this?' appears on the screen."
      },
      {
        "timestamp": 0.97,
        "annotation": "The text 'Roads' appears above the pink balloon. No noticeable change in the individuals' expressions or positions."
      },
      {
        "timestamp": 1.94,
        "annotation": "The text 'Crossroads' appears below 'Roads'. The person on the right slightly changes her expression, possibly indicating she is about to speak."
      },
      {
        "timestamp": 2.9,
        "annotation": "The score changes to 0-1. The person on the right appears to have just finished speaking."
      },
      {
        "timestamp": 3.87,
        "annotation": "The person on the right reaches out to the pink balloon. The text 'Roads' is still visible."
      },
      {
        "timestamp": 4.84,
        "annotation": "The pink balloon is being lifted to reveal a smaller green balloon inside. The person on the right is actively engaged in this action."
      },
      {
        "timestamp": 5.81,
        "annotation": "The green balloon is fully revealed. The person on the right is holding it up. The person on the left observes with a neutral expression."
      },
      {
        "timestamp": 6.77,
        "annotation": "The text 'What is this?' reappears on the screen. The green balloon is still being held up by the person on the right."
      },
      {
        "timestamp": 7.74,
        "annotation": "The text 'Mill1on' appears on the screen. The person on the left starts to speak, as indicated by his mouth movement."
      },
      {
        "timestamp": 8.71,
        "annotation": "The text '1 million' appears above the blue balloon. The person on the left continues to speak, and the person on the right listens attentively."
      },
      {
        "timestamp": 9.68,
        "annotation": "The text 'Mill1on' appears prominently in the center of the image. The person on the left holds a blue balloon, and the person on the right is partially visible. The score is 1-1. No noticeable change from the previous frame as it is the first frame being described."
      },
      {
        "timestamp": 10.64,
        "annotation": "The person on the left is now holding the blue balloon with both hands and looking down at it. The text '1 in a million' is visible. The person on the right remains partially visible. No noticeable change in the score or other text."
      },
      {
        "timestamp": 11.61,
        "annotation": "The person on the left is still holding the blue balloon and looking down at it. The person on the right is now more visible and appears to be reaching towards the balloon. No change in the score or text."
      },
      {
        "timestamp": 12.58,
        "annotation": "The person on the left is now holding a pink balloon in addition to the blue one. The person on the right is still reaching towards the balloons. No change in the score or text."
      },
      {
        "timestamp": 13.55,
        "annotation": "The person on the right is now holding a green balloon. Both individuals are looking at the balloons. The score remains 1-1, and no new text appears."
      },
      {
        "timestamp": 14.51,
        "annotation": "The person on the left is now holding the pink balloon while the person on the right holds the green balloon. Both are looking at each other. The text 'What is this?' appears on the screen."
      },
      {
        "timestamp": 15.48,
        "annotation": "The text 'PLAYING SIDE' is now visible on the screen. Both individuals are standing still, looking at the camera. The score remains 1-1."
      },
      {
        "timestamp": 16.45,
        "annotation": "No noticeable change from the previous frame. The text 'PLAYING SIDE' is still visible, and both individuals are standing still."
      },
      {
        "timestamp": 17.42,
        "annotation": "The text 'Playing inside' appears in red below the 'PLAYING SIDE' text. No other noticeable changes."
      },
      {
        "timestamp": 18.39,
        "annotation": "The text changes to 'Playing outside' in green. The score changes to 2-1. No other noticeable changes in the positions or actions of the individuals."
      },
      {
        "timestamp": 19.35,
        "annotation": "The text changes to 'Playing outside' in green. The score changes to 2-1. The person on the left is holding a pink balloon and looking down at it. The person on the right is partially visible, standing next to the person on the left."
      },
      {
        "timestamp": 20.32,
        "annotation": "The person on the left is still holding the pink balloon and looking down at it. The person on the right is still partially visible. No other noticeable changes."
      },
      {
        "timestamp": 21.29,
        "annotation": "The person on the left is now placing the pink balloon on the table. The person on the right is still partially visible. No other noticeable changes."
      },
      {
        "timestamp": 22.26,
        "annotation": "The person on the left has placed the pink balloon on the table and is now looking up. The person on the right is still partially visible. No other noticeable changes."
      },
      {
        "timestamp": 23.22,
        "annotation": "The text changes to 'What is this?' in green. The score remains 2-1. The person on the left is looking at the word 'TOWN' on the table. The person on the right is now fully visible and looking at the word 'TOWN'."
      },
      {
        "timestamp": 24.19,
        "annotation": "The person on the left is still looking at the word 'TOWN'. The person on the right is also looking at the word 'TOWN'. No other noticeable changes."
      },
      {
        "timestamp": 25.16,
        "annotation": "The text changes to 'In town' in red. The person on the left is looking at the person on the right. The person on the right is looking at the word 'TOWN'."
      },
      {
        "timestamp": 26.13,
        "annotation": "The text changes to 'Out of town' in red. The person on the left is still looking at the person on the right. The person on the right is still looking at the word 'TOWN'."
      },
      {
        "timestamp": 27.09,
        "annotation": "The text disappears. The person on the left is still looking at the person on the right. The person on the right is still looking at the word 'TOWN'."
      },
      {
        "timestamp": 28.06,
        "annotation": "The text changes to 'Town square' in red. The person on the left is still looking at the person on the right. The person on the right is still looking at the word 'TOWN'."
      },
      {
        "timestamp": 29.03,
        "annotation": "The text is 'TOWN' in a white box. The person on the left is smiling and looking at the person on the right. The person on the right is looking at the word 'TOWN'."
      },
      {
        "timestamp": 30.0,
        "annotation": "No noticeable change from the previous frame. The person on the left is still smiling and looking at the person on the right. The person on the right is still looking at the word 'TOWN'."
      },
      {
        "timestamp": 30.96,
        "annotation": "No noticeable change from the previous frame. The person on the left is still smiling and looking at the person on the right. The person on the right is still looking at the word 'TOWN'."
      },
      {
        "timestamp": 31.93,
        "annotation": "No noticeable change from the previous frame. The person on the left is still smiling and looking at the person on the right. The person on the right is still looking at the word 'TOWN'."
      },
      {
        "timestamp": 32.9,
        "annotation": "No noticeable change from the previous frame. The person on the left is still smiling and looking at the person on the right. The person on the right is still looking at the word 'TOWN'."
      },
      {
        "timestamp": 33.87,
        "annotation": "No noticeable change from the previous frame. The person on the left is still smiling and looking at the person on the right. The person on the right is still looking at the word 'TOWN'."
      },
      {
        "timestamp": 34.83,
        "annotation": "No noticeable change from the previous frame. The person on the left is still smiling and looking at the person on the right. The person on the right is still looking at the word 'TOWN'."
      },
      {
        "timestamp": 35.8,
        "annotation": "No noticeable change from the previous frame. The person on the left is still smiling and looking at the person on the right. The person on the right is still looking at the word 'TOWN'."
      },
      {
        "timestamp": 36.77,
        "annotation": "The person on the right starts to look at the person on the left."
      },
      {
        "timestamp": 37.74,
        "annotation": "The person on the right is now looking at the person on the left."
      },
      {
        "timestamp": 38.71,
        "annotation": "The person on the left is looking at the person on the right. The person on the right is looking at the camera. The word 'TOWN' is displayed on a white background on a table in front of them. There is no noticeable change from the previous frame."
      },
      {
        "timestamp": 39.67,
        "annotation": "The person on the left is still looking at the person on the right. The person on the right is still looking at the camera. There is no noticeable change from the previous frame."
      },
      {
        "timestamp": 40.64,
        "annotation": "The person on the left is still looking at the person on the right. The person on the right is still looking at the camera. There is no noticeable change from the previous frame."
      },
      {
        "timestamp": 41.61,
        "annotation": "The person on the left is still looking at the person on the right. The person on the right is still looking at the camera. There is no noticeable change from the previous frame."
      },
      {
        "timestamp": 42.58,
        "annotation": "The person on the left is still looking at the person on the right. The person on the right is still looking at the camera. There is no noticeable change from the previous frame."
      },
      {
        "timestamp": 43.54,
        "annotation": "The person on the left is still looking at the person on the right. The person on the right is still looking at the camera. There is no noticeable change from the previous frame."
      },
      {
        "timestamp": 44.51,
        "annotation": "The person on the left is still looking at the person on the right. The person on the right is still looking at the camera. There is no noticeable change from the previous frame."
      },
      {
        "timestamp": 45.48,
        "annotation": "The person on the left is still looking at the person on the right. The person on the right is still looking at the camera. There is no noticeable change from the previous frame."
      },
      {
        "timestamp": 46.45,
        "annotation": "The person on the left is still looking at the person on the right. The person on the right is still looking at the camera. There is no noticeable change from the previous frame."
      },
      {
        "timestamp": 47.41,
        "annotation": "The person on the left is still looking at the person on the right. The person on the right is still looking at the camera. There is no noticeable change from the previous frame."
      },
      {
        "timestamp": 48.38,
        "annotation": "The person on the left is still looking at the person on the right. The person on the right is still looking at the camera. There is no noticeable change from the previous frame."
      },
      {
        "timestamp": 49.35,
        "annotation": "The person on the left is still looking at the person on the right. The person on the right is still looking at the camera. There is no noticeable change from the previous frame."
      },
      {
        "timestamp": 50.32,
        "annotation": "The person on the left is still looking at the person on the right. The person on the right is still looking at the camera. There is no noticeable change from the previous frame."
      },
      {
        "timestamp": 51.28,
        "annotation": "The person on the left is still looking at the person on the right. The person on the right is still looking at the camera. There is no noticeable change from the previous frame."
      },
      {
        "timestamp": 52.25,
        "annotation": "The person on the left is still looking at the person on the right. The person on the right is still looking at the camera. There is no noticeable change from the previous frame."
      },
      {
        "timestamp": 53.22,
        "annotation": "The person on the left is still looking at the person on the right. The person on the right is still looking at the camera. There is no noticeable change from the previous frame."
      },
      {
        "timestamp": 54.19,
        "annotation": "The person on the left is still looking at the person on the right. The person on the right is still looking at the camera. There is no noticeable change from the previous frame."
      },
      {
        "timestamp": 55.16,
        "annotation": "The person on the left is still looking at the person on the right. The person on the right is still looking at the camera. There is no noticeable change from the previous frame."
      },
      {
        "timestamp": 56.12,
        "annotation": "The person on the left is still looking at the person on the right. The person on the right is still looking at the camera. There is no noticeable change from the previous frame."
      },
      {
        "timestamp": 57.09,
        "annotation": "The person on the left is still looking at the person on the right. The person on the right is still looking at the camera. There is no noticeable change from the previous frame."
      },
      {
        "timestamp": 58.06,
        "annotation": "The person on the left is still looking at the person on the right. The person on the right is still looking at the camera. There is no noticeable change from the previous frame."
      },
      {
        "timestamp": 59.03,
        "annotation": "The person on the left is still looking at the person on the right. The person on the right is still looking at the camera. There is no noticeable change from the previous frame."
      },
      {
        "timestamp": 59.99,
        "annotation": "The person on the left is still looking at the person on the right. The person on the right is still looking at the camera. There is no noticeable change from the previous frame."
      },
      {
        "timestamp": 60.96,
        "annotation": "The person on the left is still looking at the person on the right. The person on the right is still looking at the camera. There is no noticeable change from the previous frame."
      },
      {
        "timestamp": 61.93,
        "annotation": "The person on the left is still looking at the person on the right. The person on the right is still looking at the camera. There is no noticeable change from the previous frame."
      },
      {
        "timestamp": 62.9,
        "annotation": "The person on the left is still looking at the person on the right. The person on the right is still looking at the camera. There is no noticeable change from the previous frame."
      },
      {
        "timestamp": 63.86,
        "annotation": "The person on the left is still looking at the person on the right. The person on the right is still looking at the camera. There is no noticeable change from the previous frame."
      },
      {
        "timestamp": 64.83,
        "annotation": "The person on the left is still looking at the person on the right. The person on the right is still looking at the camera. There is no noticeable change from the previous frame."
      },
      {
        "timestamp": 65.8,
        "annotation": "The person on the left is still looking at the person on the right. The person on the right is still looking at the camera. There is no noticeable change from the previous frame."
      },
      {
        "timestamp": 66.77,
        "annotation": "The person on the left is still looking at the person on the right. The person on the right is still looking at the camera. There is no noticeable change from the previous frame."
      },
      {
        "timestamp": 67.73,
        "annotation": "The person on the left is holding an orange ball and looking at the person on the right. The person on the right is looking at the camera. There is no noticeable change from the previous frame."
      },
      {
        "timestamp": 68.7,
        "annotation": "The person on the left is now holding a yellow ball with a face on it and looking at the person on the right. The person on the right is still looking at the camera. The orange ball is now on the table."
      },
      {
        "timestamp": 69.67,
        "annotation": "The person on the right is now looking at the person on the left. The yellow ball with a face is still being held by the person on the left. There is a blue ball on the table."
      },
      {
        "timestamp": 70.64,
        "annotation": "The person on the left is now looking down at the table. The person on the right is smiling and looking at the person on the left. The yellow ball with a face is still being held by the person on the left."
      },
      {
        "timestamp": 71.6,
        "annotation": "The person on the left is looking up at the person on the right. The person on the right is still smiling. The yellow ball with a face is still being held by the person on the left."
      },
      {
        "timestamp": 72.57,
        "annotation": "The person on the left is looking at the person on the right, who is now looking back at the person on the left. The yellow ball with a face is still being held by the person on the left. A text box appears with the words 'What is this?' and 'Arrest You're'."
      },
      {
        "timestamp": 73.54,
        "annotation": "The person on the right starts to speak, mouthing the words 'You're under arrest'. The text box with 'Arrest You're' is still visible."
      },
      {
        "timestamp": 74.51,
        "annotation": "The person on the right finishes speaking, and the person on the left appears to react with a slight smile. The text box with 'Arrest You're' is still visible."
      },
      {
        "timestamp": 75.48,
        "annotation": "The person on the right is holding the blue ball and looking at the person on the left. The person on the left is looking at the blue ball. The text box with 'Arrest You're' is no longer visible."
      },
      {
        "timestamp": 76.44,
        "annotation": "The person on the right is now holding a pink ball and looking at the person on the left. The person on the left is looking at the pink ball. The blue ball is now on the table."
      },
      {
        "timestamp": 77.41,
        "annotation": "The person on the right is now holding a pink ball and looking at the person on the left. The person on the left is looking at the pink ball. The blue ball is now on the table. The person on the left is answering the question with 'Tuna fish'."
      },
      {
        "timestamp": 78.38,
        "annotation": "The person on the right is now holding a pink ball and looking at the person on the left. The person on the left is looking at the pink ball. The blue ball is now on the table. The person on the left is answering the question with 'Tuna fish'."
      },
      {
        "timestamp": 79.35,
        "annotation": "The person on the right is now holding a pink ball and looking at the person on the left. The person on the left is looking at the pink ball. The blue ball is now on the table. The person on the left is answering the question with 'Tuna fish'."
      },
      {
        "timestamp": 80.31,
        "annotation": "The person on the right is now holding a pink ball and looking at the person on the left. The person on the left is looking at the pink ball. The blue ball is now on the table. The person on the left is answering the question with 'Tuna fish'."
      },
      {
        "timestamp": 81.28,
        "annotation": "The person on the right is now holding a pink ball and looking at the person on the left. The person on the left is looking at the pink ball. The blue ball is now on the table. The person on the left is answering the question with 'Tuna fish'."
      },
      {
        "timestamp": 82.25,
        "annotation": "The person on the right is now holding a pink ball and looking at the person on the left. The person on the left is looking at the pink ball. The blue ball is now on the table. The person on the left is answering the question with 'Tuna fish'."
      },
      {
        "timestamp": 83.22,
        "annotation": "The person on the right is now holding a pink ball and looking at the person on the left. The person on the left is looking at the pink ball. The blue ball is now on the table. The person on the left is answering the question with 'Tuna fish'."
      },
      {
        "timestamp": 84.18,
        "annotation": "The person on the right is now holding a pink ball and looking at the person on the left. The person on the left is looking at the pink ball. The blue ball is now on the table. The person on the left is answering the question with 'Tuna fish'."
      },
      {
        "timestamp": 85.15,
        "annotation": "The person on the right is now holding a pink ball and looking at the person on the left. The person on the left is looking at the pink ball. The blue ball is now on the table. The person on the left is answering the question with 'Tuna fish'."
      },
      {
        "timestamp": 86.12,
        "annotation": "The person on the right is now holding a pink ball and looking at the person on the left. The person on the left is looking at the pink ball. The blue ball is now on the table. The person on the left is answering the question with 'Tuna fish'."
      },
      {
        "timestamp": 87.09,
        "annotation": "The person on the right is holding a pink ball and looking at the person on the left. The person on the left is looking at the pink ball. The blue ball is on the table. The person on the left is answering the question with 'Tuna fish'. No noticeable change from the previous frame."
      },
      {
        "timestamp": 88.05,
        "annotation": "The scene remains the same as the previous frame. The person on the left is still answering the question with 'Tuna fish'."
      },
      {
        "timestamp": 89.02,
        "annotation": "The scene remains the same as the previous frame. The person on the left is still answering the question with 'Tuna fish'."
      },
      {
        "timestamp": 89.99,
        "annotation": "The scene remains the same as the previous frame. The person on the left is still answering the question with 'Tuna fish'."
      },
      {
        "timestamp": 90.96,
        "annotation": "The scene remains the same as the previous frame. The person on the left is still answering the question with 'Tuna fish'."
      },
      {
        "timestamp": 91.93,
        "annotation": "The scene remains the same as the previous frame. The person on the left is still answering the question with 'Tuna fish'."
      },
      {
        "timestamp": 92.89,
        "annotation": "The scene remains the same as the previous frame. The person on the left is still answering the question with 'Tuna fish'."
      },
      {
        "timestamp": 93.86,
        "annotation": "The scene remains the same as the previous frame. The person on the left is still answering the question with 'Tuna fish'."
      },
      {
        "timestamp": 94.83,
        "annotation": "The scene remains the same as the previous frame. The person on the left is still answering the question with 'Tuna fish'."
      },
      {
        "timestamp": 95.8,
        "annotation": "The scene remains the same as the previous frame. The person on the left is still answering the question with 'Tuna fish'."
      },
      {
        "timestamp": 96.76,
        "annotation": "The scene shows two people standing outdoors. The person on the left is holding a microphone, and there is a table in front of them with two objects on it. The text 'What is this?' and 'Ship' is displayed on the screen. The person on the left appears to be starting to answer the question. No noticeable change from the previous frame as this is the first frame described."
      },
      {
        "timestamp": 97.73,
        "annotation": "The scene remains the same as the previous frame. The person on the left continues to answer the question with 'Tuna fish'."
      },
      {
        "timestamp": 98.7,
        "annotation": "The scene remains the same as the previous frame. The person on the left is still answering the question with 'Tuna fish'."
      },
      {
        "timestamp": 99.67,
        "annotation": "The scene remains the same as the previous frame. The person on the left is still answering the question with 'Tuna fish'."
      },
      {
        "timestamp": 100.63,
        "annotation": "The scene remains the same as the previous frame. The person on the left is still answering the question with 'Tuna fish'."
      },
      {
        "timestamp": 101.6,
        "annotation": "The scene remains the same as the previous frame. The person on the left is still answering the question with 'Tuna fish'."
      },
      {
        "timestamp": 102.57,
        "annotation": "The scene remains the same as the previous frame. The person on the left is still answering the question with 'Tuna fish'."
      },
      {
        "timestamp": 103.54,
        "annotation": "The scene remains the same as the previous frame. The person on the left is still answering the question with 'Tuna fish'."
      },
      {
        "timestamp": 104.5,
        "annotation": "The scene remains the same as the previous frame. The person on the left is still answering the question with 'Tuna fish'."
      },
      {
        "timestamp": 105.47,
        "annotation": "The scene remains the same as the previous frame. The person on the left is still answering the question with 'Tuna fish'."
      },
      {
        "timestamp": 106.44,
        "annotation": "The scene shows two people standing outdoors with a table in front of them. The person on the left is smiling, while the person on the right appears to be thinking. The text 'What is this?' is displayed above the table, and the word 'Ship' is written on a piece of paper on the table. There are two objects on the table: a blue spherical object and a pink egg-shaped object. The score '6 - 4' is displayed at the top. No noticeable change from the previous frame as it is the first frame being described."
      },
      {
        "timestamp": 107.41,
        "annotation": "The scene remains the same as the previous frame. Both individuals are still in the same positions, and the objects on the table have not moved. The text and score remain unchanged."
      },
      {
        "timestamp": 108.37,
        "annotation": "The scene remains the same as the previous frame. Both individuals are still in the same positions, and the objects on the table have not moved. The text and score remain unchanged."
      },
      {
        "timestamp": 109.34,
        "annotation": "The scene remains the same as the previous frame. Both individuals are still in the same positions, and the objects on the table have not moved. The text and score remain unchanged."
      },
      {
        "timestamp": 110.31,
        "annotation": "The scene remains the same as the previous frame. Both individuals are still in the same positions, and the objects on the table have not moved. The text and score remain unchanged."
      },
      {
        "timestamp": 111.28,
        "annotation": "The scene remains the same as the previous frame. Both individuals are still in the same positions, and the objects on the table have not moved. The text and score remain unchanged."
      },
      {
        "timestamp": 112.25,
        "annotation": "The scene remains the same as the previous frame. Both individuals are still in the same positions, and the objects on the table have not moved. The text and score remain unchanged."
      },
      {
        "timestamp": 113.21,
        "annotation": "The scene remains the same as the previous frame. Both individuals are still in the same positions, and the objects on the table have not moved. The text and score remain unchanged."
      },
      {
        "timestamp": 114.18,
        "annotation": "The scene remains the same as the previous frame. Both individuals are still in the same positions, and the objects on the table have not moved. The text and score remain unchanged."
      },
      {
        "timestamp": 115.15,
        "annotation": "The scene remains the same as the previous frame. Both individuals are still in the same positions, and the objects on the table have not moved. The text and score remain unchanged."
      },
      {
        "timestamp": 116.12,
        "annotation": "The scene shows two individuals standing outdoors on a city street. There is a table in front of them with two objects: a blue spherical item and a pink cylindrical item. The score is displayed as 6-4. The text 'What is this?' is shown, and the word 'Ship' is partially revealed with an underscore indicating it is part of a word game. Both individuals appear to be waiting for something, possibly an answer."
      },
      {
        "timestamp": 117.08,
        "annotation": "No noticeable change from the previous frame. Both individuals remain in the same positions, and the objects on the table have not moved. The text and score remain unchanged."
      },
      {
        "timestamp": 118.05,
        "annotation": "No noticeable change from the previous frame. Both individuals remain in the same positions, and the objects on the table have not moved. The text and score remain unchanged."
      },
      {
        "timestamp": 119.02,
        "annotation": "No noticeable change from the previous frame. Both individuals remain in the same positions, and the objects on the table have not moved. The text and score remain unchanged."
      },
      {
        "timestamp": 119.99,
        "annotation": "No noticeable change from the previous frame. Both individuals remain in the same positions, and the objects on the table have not moved. The text and score remain unchanged."
      },
      {
        "timestamp": 120.95,
        "annotation": "No noticeable change from the previous frame. Both individuals remain in the same positions, and the objects on the table have not moved. The text and score remain unchanged."
      },
      {
        "timestamp": 121.92,
        "annotation": "No noticeable change from the previous frame. Both individuals remain in the same positions, and the objects on the table have not moved. The text and score remain unchanged."
      },
      {
        "timestamp": 122.89,
        "annotation": "No noticeable change from the previous frame. Both individuals remain in the same positions, and the objects on the table have not moved. The text and score remain unchanged."
      },
      {
        "timestamp": 123.86,
        "annotation": "No noticeable change from the previous frame. Both individuals remain in the same positions, and the objects on the table have not moved. The text and score remain unchanged."
      },
      {
        "timestamp": 124.82,
        "annotation": "The person on the right looks up, possibly indicating they are about to answer the question. No other noticeable changes from the previous frame."
      },
      {
        "timestamp": 125.79,
        "annotation": "The person on the right looks up, possibly indicating they are about to answer the question. The person on the left is looking up as well. No other noticeable changes from the previous frame."
      },
      {
        "timestamp": 126.76,
        "annotation": "The person on the right is looking down again, possibly thinking about the answer. The person on the left is looking at the person on the right. No other noticeable changes from the previous frame."
      },
      {
        "timestamp": 127.73,
        "annotation": "The person on the right is looking up again, possibly indicating they are about to answer the question. The person on the left is looking at the person on the right. No other noticeable changes from the previous frame."
      },
      {
        "timestamp": 128.7,
        "annotation": "The person on the right is looking down again, possibly thinking about the answer. The person on the left is looking at the person on the right. No other noticeable changes from the previous frame."
      },
      {
        "timestamp": 129.66,
        "annotation": "The person on the right is looking up again, possibly indicating they are about to answer the question. The person on the left is looking at the person on the right. No other noticeable changes from the previous frame."
      },
      {
        "timestamp": 130.63,
        "annotation": "The person on the right is looking down again, possibly thinking about the answer. The person on the left is looking at the person on the right. No other noticeable changes from the previous frame."
      },
      {
        "timestamp": 131.6,
        "annotation": "The person on the right is looking up again, possibly indicating they are about to answer the question. The person on the left is looking at the person on the right. No other noticeable changes from the previous frame."
      },
      {
        "timestamp": 132.57,
        "annotation": "The person on the right is looking down again, possibly thinking about the answer. The person on the left is looking at the person on the right. No other noticeable changes from the previous frame."
      },
      {
        "timestamp": 133.53,
        "annotation": "The person on the right is looking up again, possibly indicating they are about to answer the question. The person on the left is looking at the person on the right. No other noticeable changes from the previous frame."
      },
      {
        "timestamp": 134.5,
        "annotation": "The person on the right says 'Starship'. The person on the left is looking at the person on the right. The score changes from 6-4 to 6-5."
      },
      {
        "timestamp": 135.47,
        "annotation": "The person on the right says 'Foreign language'. The person on the left is looking at the person on the right. The score changes from 6-5 to 6-6."
      },
      {
        "timestamp": 136.44,
        "annotation": "The person on the right is still saying 'Foreign language'. The person on the left is looking at the person on the right. The score remains 6-6."
      },
      {
        "timestamp": 137.4,
        "annotation": "The person on the right finishes saying 'Foreign language'. The person on the left is looking at the person on the right. The score remains 6-6."
      },
      {
        "timestamp": 138.37,
        "annotation": "The person on the right is holding the yellow object. The person on the left is looking at the person on the right. The score remains 6-6."
      },
      {
        "timestamp": 139.34,
        "annotation": "The person on the right is still holding the yellow object. The person on the left is looking at the person on the right. The score remains 6-6."
      },
      {
        "timestamp": 140.31,
        "annotation": "The person on the right is placing the yellow object back on the table. The person on the left is looking at the person on the right. The score remains 6-6."
      },
      {
        "timestamp": 141.27,
        "annotation": "The person on the right has placed the yellow object back on the table. The person on the left is looking at the person on the right. The score remains 6-6."
      },
      {
        "timestamp": 142.24,
        "annotation": "The person on the right is touching the blue object on the table. The person on the left is looking at the person on the right. The score remains 6-6."
      },
      {
        "timestamp": 143.21,
        "annotation": "The person on the right is still touching the blue object on the table. The person on the left is looking at the person on the right. The score remains 6-6."
      },
      {
        "timestamp": 144.18,
        "annotation": "The person on the right has stopped touching the blue object. The person on the left is looking at the person on the right. The score remains 6-6."
      },
      {
        "timestamp": 145.15,
        "annotation": "The person on the right has stopped touching the blue object. The person on the left is looking at the person on the right. The score remains 6-6. The person on the right starts to open his mouth."
      },
      {
        "timestamp": 146.11,
        "annotation": "The person on the right continues to open his mouth. The person on the left remains looking at the person on the right. The score remains 6-6."
      },
      {
        "timestamp": 147.08,
        "annotation": "The person on the right's mouth is fully open, appearing to start speaking. The person on the left is still looking at the person on the right. The score remains 6-6."
      },
      {
        "timestamp": 148.05,
        "annotation": "The person on the right's mouth is still open, likely answering the question. The person on the left is still looking at the person on the right. The score remains 6-6."
      },
      {
        "timestamp": 149.02,
        "annotation": "The person on the right's mouth is closing, finishing his answer. The person on the left is still looking at the person on the right. The score remains 6-6."
      },
      {
        "timestamp": 149.98,
        "annotation": "The person on the right has finished speaking. The person on the left starts to open his mouth, appearing to start speaking. The score remains 6-6."
      },
      {
        "timestamp": 150.95,
        "annotation": "The person on the left's mouth is fully open, starting to answer the question. The person on the right is looking at the person on the left. The score remains 6-6."
      },
      {
        "timestamp": 151.92,
        "annotation": "The person on the left's mouth is still open, likely continuing his answer. The person on the right is still looking at the person on the left. The score remains 6-6."
      },
      {
        "timestamp": 152.89,
        "annotation": "The person on the left's mouth is closing, finishing his answer. The person on the right is still looking at the person on the left. The score remains 6-6."
      },
      {
        "timestamp": 153.85,
        "annotation": "The person on the left has finished speaking. Both individuals are looking at each other. The score remains 6-6."
      },
      {
        "timestamp": 154.82,
        "annotation": "The person on the left has finished speaking. Both individuals are looking at each other. The score remains 6-6. The person on the right appears to be slightly confused or thinking."
      },
      {
        "timestamp": 155.79,
        "annotation": "The person on the right starts to open her mouth slightly, possibly beginning to speak. The person on the left maintains a neutral expression."
      },
      {
        "timestamp": 156.76,
        "annotation": "The person on the right's mouth is more open, indicating she is about to speak or has just started speaking. The person on the left remains neutral."
      },
      {
        "timestamp": 157.72,
        "annotation": "The person on the right is clearly speaking, her mouth is open wider. The person on the left is looking at her attentively."
      },
      {
        "timestamp": 158.69,
        "annotation": "The person on the right is still speaking. The person on the left is focused on her, showing engagement."
      },
      {
        "timestamp": 159.66,
        "annotation": "The person on the right finishes speaking. The person on the left starts to react, possibly in disagreement or surprise."
      },
      {
        "timestamp": 160.63,
        "annotation": "The person on the left starts to speak, his mouth is open. The person on the right is listening attentively."
      },
      {
        "timestamp": 161.59,
        "annotation": "The person on the left is clearly speaking, his mouth is wide open. The person on the right is looking at him with a neutral expression."
      },
      {
        "timestamp": 162.56,
        "annotation": "The person on the left continues to speak. The person on the right is still listening, her expression unchanged."
      },
      {
        "timestamp": 163.53,
        "annotation": "The person on the left finishes speaking. Both individuals are looking at each other. The score changes to 7-6."
      },
      {
        "timestamp": 164.5,
        "annotation": "The person on the left is holding a small object in their hand. Both individuals are looking at each other. The score remains 7-6. No noticeable change from the previous frame."
      },
      {
        "timestamp": 165.47,
        "annotation": "The person on the left continues to hold the object. Both individuals are still looking at each other. The score remains 7-6. No noticeable change from the previous frame."
      },
      {
        "timestamp": 166.43,
        "annotation": "The person on the left is now placing the object on the table. The person on the right is observing. The score remains 7-6. Noticeable change: the person on the left is interacting with the table."
      },
      {
        "timestamp": 167.4,
        "annotation": "The person on the left has placed the object on the table. The person on the right is looking at the object. The score remains 7-6. Noticeable change: the object is now on the table."
      },
      {
        "timestamp": 168.37,
        "annotation": "The word 'SAND' appears on the screen. The person on the right is looking at the object on the table. The score remains 7-6. Noticeable change: the word 'SAND' is displayed."
      },
      {
        "timestamp": 169.34,
        "annotation": "The image is slightly blurred. The word 'SAND' is still visible. The score remains 7-6. Noticeable change: the image is blurred."
      },
      {
        "timestamp": 170.3,
        "annotation": "The image is less blurred. The word 'SAND' is still visible. The score remains 7-6. Noticeable change: the image is clearer compared to the previous frame."
      },
      {
        "timestamp": 171.27,
        "annotation": "The score changes to 8-6. The word 'SAND' is still visible. The person on the right appears to be reacting. Noticeable change: the score changes to 8-6."
      },
      {
        "timestamp": 172.24,
        "annotation": "The person on the left is gesturing with their hands. The person on the right is observing. The score remains 8-6. Noticeable change: the person on the left is gesturing."
      },
      {
        "timestamp": 173.21,
        "annotation": "Confetti is falling around the individuals. Both are reacting to the confetti. The score remains 8-6. Noticeable change: confetti is falling."
      },
      {
        "timestamp": 174.17,
        "annotation": "The person on the left is holding a microphone and appears to be speaking or reacting. The person on the right is looking at the person on the left, possibly listening. The score remains 8-6. Noticeable change: None."
      },
      {
        "timestamp": 175.14,
        "annotation": "The person on the left is still holding the microphone and appears to be in mid-sentence or reaction. The person on the right is still looking at the person on the left. The score remains 8-6. Noticeable change: None."
      }
    ],
    "whole_video_annotation": "The video appears to be a game show or a quiz where two individuals are participating in a word association or guessing game. They are standing on a city street with a table in front of them, which holds various objects and balloons. The participants take turns answering questions or guessing words based on the objects and prompts displayed on the screen. The score is kept and updated throughout the video, and there are moments of interaction and reaction between the two individuals.\n\nRegarding the specific question: \"Who answers the question first in the first scene of the video?\"\n\nThe first scene of the video starts with Frame 0 and ends with Frame 23. In this scene, the person on the right answers the question first. This is evident in Frame 3, where the score changes to 0-1 after the person on the right appears to have just finished speaking.\n\nTherefore, the correct answer is:\nC. The person on the right",
    "annotations_summary": "The video depicts a game show or quiz where two individuals participate in a word association or guessing game on a city street. They stand in front of a table with various objects and balloons, taking turns to answer questions or guess words based on prompts displayed on the screen. The score is updated throughout the video, and there are moments of interaction and reaction between the participants.\n\n### Key Events:\n\n1. **Initial Setup (0.0s - 2.9s):**\n   - Two individuals stand on a city street with a table holding two large balloons (one blue, one pink).\n   - The text \"What is this?\" appears on the screen.\n   - The text \"Roads\" and \"Crossroads\" are displayed above and below the pink balloon.\n   - The person on the right answers first, changing the score to 0-1.\n\n2. **Balloon Reveal (3.9s - 13.6s):**\n   - The person on the right lifts the pink balloon to reveal a smaller green balloon inside.\n   - The text \"1 million\" appears, and the score changes to 1-1.\n   - Both individuals interact with the balloons, holding them up and looking at each other.\n\n3. **Town-Themed Questions (14.5s - 34.8s):**\n   - The text \"What is this?\" reappears, followed by phrases like \"PLAYING SIDE,\" \"Playing inside,\" \"Playing outside,\" and \"TOWN.\"\n   - The individuals look at the word \"TOWN\" on the table and interact with each other.\n\n4. **Arrest Scenario (35.8s - 79.3s):**\n   - The person on the right says, \"You're under arrest,\" and holds various balls (blue, pink).\n   - The person on the left repeatedly answers \"Tuna fish\" to the question \"What is this?\"\n\n5. **Final Scene (80.3s - 175.1s):**\n   - The individuals continue the game with objects on the table, including a blue spherical item and a pink cylindrical item.\n   - The score updates to 8-6, and confetti falls as the person on the left holds a microphone, possibly speaking or reacting.\n\n### Summary:\nThe video captures a lively and interactive game show where two participants engage in a word association game. They respond to prompts displayed on the screen, interact with various objects and balloons on a table, and update the score based on their answers. The game involves moments of humor, surprise, and engagement between the two individuals."
  }
}