{
  "qid": "0983-3",
  "video_id": "9btQkaci6kA",
  "video_path": "videos\\0983_9btQkaci6kA.mp4",
  "main_question": "Is the second person in the video actually a painted silhouette of a girl on the wall?",
  "sub_questions": "To better understand the video and address the main question, consider the following sub-questions:\n\n1. **What are the visual clues that suggest the second person might be a painted silhouette?**\n   - Look for details such as the edges, shading, and consistency of the figure's appearance compared to a real person.\n\n2. **Are there any movements or interactions that indicate whether the second person is a painted silhouette or a real individual?**\n   - Observe if the figure moves, interacts with other elements in the scene, or casts shadows that would be consistent with a three-dimensional object.\n\n3. **What is the context or setting of the video, and does it provide any hints about the nature of the second person?**\n   - Consider the environment, lighting, and any other contextual elements that might suggest whether the figure is part of the scenery or a real person.",
  "annotations": {
    "frame_annotations": [
      {
        "timestamp": 0.0,
        "annotation": "A person is standing on the ground next to a ladder, holding a spray paint can and appears to be painting on a wall. The wall is mostly blank with some red marks."
      },
      {
        "timestamp": 0.96,
        "annotation": "The person continues to paint on the wall. The red marks on the wall start to form a recognizable shape, possibly a heart."
      },
      {
        "timestamp": 1.92,
        "annotation": "The person is still painting. The heart shape on the wall is more defined, and additional details are being added."
      },
      {
        "timestamp": 2.88,
        "annotation": "The person is now painting a ladder on the wall. The heart shape is fully formed and a red balloon with a white design is appearing above it."
      },
      {
        "timestamp": 3.84,
        "annotation": "The ladder on the wall is more detailed. The person is continuing to work on the painting, adding more definition to the ladder and the balloon."
      },
      {
        "timestamp": 4.8,
        "annotation": "A silhouette of a girl is now visible on the wall, standing next to the ladder. The person is still painting, adding details to the silhouette."
      },
      {
        "timestamp": 5.76,
        "annotation": "The silhouette of the girl is more defined. The person is painting the girl's arm, which is extended towards the ladder."
      },
      {
        "timestamp": 6.72,
        "annotation": "The person steps back slightly, observing the painting. The silhouette of the girl is nearly complete, with clear details of her dress and hair."
      },
      {
        "timestamp": 7.67,
        "annotation": "The person bends down, possibly to pick up more spray paint or to adjust something. The painting is almost finished, with the girl, ladder, heart, and balloon all clearly visible."
      },
      {
        "timestamp": 8.63,
        "annotation": "The person stands up and steps back to fully observe the completed painting. The silhouette of the girl, the ladder, the heart, and the balloon are all fully detailed and visible."
      },
      {
        "timestamp": 9.59,
        "annotation": "The person continues to observe the completed painting. The silhouette of the girl, the ladder, the heart, and the balloon are all fully detailed and visible. No noticeable change from the previous frame."
      },
      {
        "timestamp": 10.55,
        "annotation": "The person continues to observe the completed painting. The silhouette of the girl, the ladder, the heart, and the balloon are all fully detailed and visible. No noticeable change from the previous frame."
      },
      {
        "timestamp": 11.51,
        "annotation": "The person continues to observe the completed painting. The silhouette of the girl, the ladder, the heart, and the balloon are all fully detailed and visible. No noticeable change from the previous frame."
      },
      {
        "timestamp": 12.47,
        "annotation": "The person continues to observe the completed painting. The silhouette of the girl, the ladder, the heart, and the balloon are all fully detailed and visible. No noticeable change from the previous frame."
      },
      {
        "timestamp": 13.43,
        "annotation": "The person starts to move away from the painting, stepping down from the ladder. The silhouette of the girl, the ladder, the heart, and the balloon remain visible."
      },
      {
        "timestamp": 14.39,
        "annotation": "The person is now fully off the ladder and walking away from the painting. The silhouette of the girl, the ladder, the heart, and the balloon are still visible on the wall."
      },
      {
        "timestamp": 15.35,
        "annotation": "The person is walking away from the painting, moving further into the background. The silhouette of the girl, the ladder, the heart, and the balloon are still visible on the wall."
      },
      {
        "timestamp": 16.31,
        "annotation": "The person is now out of the frame, and the focus is on the completed painting. The silhouette of the girl, the ladder, the heart, and the balloon are all fully detailed and visible."
      },
      {
        "timestamp": 17.27,
        "annotation": "The person is still out of the frame, and the focus remains on the completed painting. The silhouette of the girl, the ladder, the heart, and the balloon are all fully detailed and visible."
      },
      {
        "timestamp": 18.23,
        "annotation": "The person is still out of the frame, and the focus remains on the completed painting. The silhouette of the girl, the ladder, the heart, and the balloon are all fully detailed and visible."
      },
      {
        "timestamp": 19.19,
        "annotation": "A person in a black jacket and pants is climbing a ladder. The person is almost at the top of the ladder. The silhouette of a girl on the wall is visible, along with a ladder, a heart, and a balloon painted on the wall. The person appears to be touching up the painting."
      },
      {
        "timestamp": 20.15,
        "annotation": "The person continues to climb the ladder, now reaching the top. The silhouette of the girl, the ladder, the heart, and the balloon are still visible on the wall. The person seems to be adjusting something at the top of the ladder."
      },
      {
        "timestamp": 21.1,
        "annotation": "The person is at the top of the ladder, appearing to work on the painting. The silhouette of the girl, the ladder, the heart, and the balloon are clearly visible. The person is focused on the upper part of the painting."
      },
      {
        "timestamp": 22.06,
        "annotation": "The person is still at the top of the ladder, continuing to work on the painting. The silhouette of the girl, the ladder, the heart, and the balloon remain visible. The person's movements are precise and deliberate."
      },
      {
        "timestamp": 23.02,
        "annotation": "The person is descending the ladder slowly. The silhouette of the girl, the ladder, the heart, and the balloon are still visible on the wall. The person appears to be checking their work as they descend."
      },
      {
        "timestamp": 23.98,
        "annotation": "The person is now at the bottom of the ladder, stepping off. The silhouette of the girl, the ladder, the heart, and the balloon are fully visible. The person seems to be admiring the completed painting."
      },
      {
        "timestamp": 24.94,
        "annotation": "The person is walking away from the ladder, moving out of the frame. The silhouette of the girl, the ladder, the heart, and the balloon are clearly visible. The focus remains on the completed painting."
      },
      {
        "timestamp": 25.9,
        "annotation": "The person is no longer in the frame, and the focus remains on the completed painting. The silhouette of the girl, the ladder, the heart, and the balloon are all fully detailed and visible."
      },
      {
        "timestamp": 26.86,
        "annotation": "The person is still out of the frame, and the focus remains on the completed painting. The silhouette of the girl, the ladder, the heart, and the balloon are all fully detailed and visible."
      }
    ],
    "whole_video_annotation": "The video depicts a person creating a mural on a wall using spray paint. The mural features a silhouette of a girl, a ladder, a heart, and a balloon. The process is shown from start to finish, with the artist adding details and stepping back to observe their work. After completing the painting, the artist steps away, and the focus remains on the finished mural. Later, a second person in a black jacket and pants climbs a ladder to touch up the painting, ensuring all details are perfect before stepping down and walking away, leaving the completed mural as the final focus of the video.",
    "annotations_summary": "The video captures the process of creating a mural on a wall using spray paint. Here's a brief summary:\n\n1. **Initial Painting (0.0s - 13.4s):**\n   - A person starts painting a mural on a blank wall.\n   - The mural evolves to include a heart, a ladder, a red balloon with a white design, and a silhouette of a girl.\n   - The artist adds details, steps back to observe, and then moves away from the painting.\n\n2. **Completion and Observation (13.4s - 25.9s):**\n   - The artist walks away, leaving the completed mural in view.\n   - The mural features a detailed silhouette of a girl, a ladder, a heart, and a balloon.\n\n3. **Touch-Ups (19.2s - 26.9s):**\n   - A second person in a black jacket and pants climbs a ladder to touch up the painting.\n   - This person ensures all details are perfect, descends the ladder, and walks away.\n   - The video ends with the completed mural as the final focus.\n\nThe video showcases the entire process from start to finish, highlighting the artist's attention to detail and the final, polished mural."
  }
}