{
  "qid": "1002-3",
  "video_id": "W7aL-aUocLA",
  "video_path": "videos\\1002_W7aL-aUocLA.mp4",
  "main_question": "Did the man catch the fourth stick with his right hand in the first scene?",
  "sub_questions": "To better understand the video and answer the main question, consider the following sub-questions:\n\n1. **Which hand does the man primarily use in the first scene?**\n   - This can help determine if the man is right-handed or left-handed, which might influence which hand he uses to catch the sticks.\n\n2. **How many sticks does the man catch in the first scene, and in what order?**\n   - Knowing the sequence of catching the sticks can provide context for whether the fourth stick is involved in the action.\n\n3. **Are there any specific instructions or rules given in the video regarding how the man should catch the sticks?**\n   - This can help understand if there are any constraints or requirements that might affect which hand he uses to catch the fourth stick.\n\nThese sub-questions should help clarify the details needed to answer the main question accurately.",
  "annotations": {
    "frame_annotations": [
      {
        "timestamp": 0.0,
        "annotation": "A young man stands in front of a game booth at what appears to be a fair or carnival. He is wearing headphones and appears to be ready to play a game involving catching sticks. There are plush toys visible in the background."
      },
      {
        "timestamp": 1.0,
        "annotation": "The man attempts to catch a stick with his right hand. No noticeable change in the environment, just the movement of the stick and the man's hand."
      },
      {
        "timestamp": 2.0,
        "annotation": "The man misses the stick with his right hand. The stick continues to fall."
      },
      {
        "timestamp": 3.0,
        "annotation": "A young girl stands in front of a game setup with four blue sticks hanging above her. She holds a blue mallet in her right hand, ready to hit a target."
      },
      {
        "timestamp": 4.0,
        "annotation": "The girl swings the mallet with her right hand, attempting to hit one of the sticks. The sticks above her remain unchanged."
      },
      {
        "timestamp": 5.0,
        "annotation": "The girl continues her swing, and one of the sticks starts to fall. The girl looks focused on the task."
      },
      {
        "timestamp": 6.0,
        "annotation": "A cat is lying on a bed, and a hand is holding a toy crocodile in front of the cat. The cat appears curious and engaged with the toy."
      },
      {
        "timestamp": 7.0,
        "annotation": "The hand moves the toy crocodile closer to the cat's face. The cat's eyes are focused on the toy, showing interest."
      },
      {
        "timestamp": 8.0,
        "annotation": "The cat gently touches the toy crocodile with its paw. The hand holding the toy remains steady."
      },
      {
        "timestamp": 9.0,
        "annotation": "The cat continues to interact with the toy crocodile, seemingly enjoying the play. The hand holding the toy does not move significantly."
      },
      {
        "timestamp": 10.0,
        "annotation": "The cat continues to interact with the toy crocodile, seemingly enjoying the play. The hand holding the toy does not move significantly."
      },
      {
        "timestamp": 11.0,
        "annotation": "The cat continues to interact with the toy crocodile, seemingly enjoying the play. The hand holding the toy does not move significantly."
      },
      {
        "timestamp": 12.0,
        "annotation": "The cat continues to interact with the toy crocodile, seemingly enjoying the play. The hand holding the toy does not move significantly."
      },
      {
        "timestamp": 13.0,
        "annotation": "The cat continues to interact with the toy crocodile, seemingly enjoying the play. The hand holding the toy does not move significantly."
      },
      {
        "timestamp": 14.0,
        "annotation": "The cat continues to interact with the toy crocodile, seemingly enjoying the play. The hand holding the toy does not move significantly."
      },
      {
        "timestamp": 15.0,
        "annotation": "The cat continues to interact with the toy crocodile, seemingly enjoying the play. The hand holding the toy does not move significantly."
      },
      {
        "timestamp": 16.0,
        "annotation": "The cat continues to interact with the toy crocodile, seemingly enjoying the play. The hand holding the toy does not move significantly."
      },
      {
        "timestamp": 17.0,
        "annotation": "The cat continues to interact with the toy crocodile, seemingly enjoying the play. The hand holding the toy does not move significantly."
      },
      {
        "timestamp": 18.0,
        "annotation": "The cat continues to interact with the toy crocodile, seemingly enjoying the play. The hand holding the toy does not move significantly."
      },
      {
        "timestamp": 19.0,
        "annotation": "The cat continues to interact with the toy crocodile, seemingly enjoying the play. The hand holding the toy does not move significantly."
      },
      {
        "timestamp": 20.0,
        "annotation": "The cat is seen interacting with a toy resembling a character from a children's show. The cat appears to be batting at the toy with its paw. The toy is being held by an unseen hand."
      },
      {
        "timestamp": 21.0,
        "annotation": "The cat continues to interact with the toy, seemingly enjoying the play. The hand holding the toy does not move significantly."
      },
      {
        "timestamp": 22.0,
        "annotation": "The cat continues to interact with the toy, seemingly enjoying the play. The hand holding the toy does not move significantly."
      },
      {
        "timestamp": 23.0,
        "annotation": "The cat continues to interact with the toy, seemingly enjoying the play. The hand holding the toy does not move significantly."
      },
      {
        "timestamp": 24.0,
        "annotation": "The cat is now on top of a car, looking around cautiously. The background shows an urban setting with buildings and trees."
      },
      {
        "timestamp": 25.0,
        "annotation": "The cat appears to be startled or alerted by something, possibly a noise or movement off-screen. The cat's posture is more tense compared to the previous frame."
      }
    ],
    "whole_video_annotation": "The video consists of several distinct scenes, each depicting different activities and subjects:\n\n1. **Carnival Game Scene (Frames 0-2)**:\n   - A young man attempts to catch sticks at a carnival game booth. He misses the stick with his right hand.\n\n2. **Girl Playing a Game (Frames 3-5)**:\n   - A young girl is seen playing a game where she swings a mallet to knock down blue sticks. She successfully hits one of the sticks.\n\n3. **Cat Playing with Toys (Frames 6-23)**:\n   - A cat interacts with various toys, including a toy crocodile and a character from a children's show. The cat appears engaged and enjoys playing with the toys.\n\n4. **Cat on a Car (Frames 24-25)**:\n   - The cat is seen on top of a car in an urban setting, looking around cautiously and appearing startled by something off-screen.\n\nRegarding the user's question: \"Did the man catch the fourth stick with his right hand in the first scene?\"\nNo, the man did not catch the stick with his right hand in the first scene. He attempted to catch it but missed.",
    "annotations_summary": "The video consists of four distinct scenes:\n\n1. **Carnival Game Scene (0-2 seconds)**:\n   - A young man tries to catch sticks at a carnival game booth but misses with his right hand.\n\n2. **Girl Playing a Game (3-5 seconds)**:\n   - A young girl plays a game where she swings a mallet to knock down blue sticks, successfully hitting one.\n\n3. **Cat Playing with Toys (6-23 seconds)**:\n   - A cat interacts with various toys, including a toy crocodile and a character from a children's show, appearing engaged and enjoying the play.\n\n4. **Cat on a Car (24-25 seconds)**:\n   - The cat is seen on top of a car in an urban setting, looking around cautiously and appearing startled by something off-screen.\n\nThe man did not catch the stick with his right hand in the first scene; he missed it."
  }
}