{
  "qid": "1011-2",
  "video_id": "QV6iOzP_OXY",
  "video_path": "videos\\1011_QV6iOzP_OXY.mp4",
  "main_question": "Did the woman use the hose on the man because she thought he accidentally consumed soap?",
  "sub_questions": "To better understand the video and address the main question, consider the following sub-questions:\n\n1. **What actions did the woman and the man take immediately before the woman used the hose?**\n   - This can help determine if the man showed any signs of distress or if there was an incident involving soap.\n\n2. **Were there any visual cues or items present that suggest the man might have consumed soap?**\n   - For example, was there a soap container nearby, or did the man have soap on his face or hands?\n\n3. **Did the woman communicate with the man verbally or non-verbally before using the hose?**\n   - This can provide context for her actions, such as asking if he was okay or if he had consumed something he shouldn't have.",
  "annotations": {
    "frame_annotations": [
      {
        "timestamp": 0.0,
        "annotation": "A man and a woman are in a kitchen. The man is holding a blue object and a piece of bread with something on it. The woman is looking at him, seemingly confused or surprised."
      },
      {
        "timestamp": 1.0,
        "annotation": "The man is putting something on the bread. The woman is watching him closely, her expression unchanged."
      },
      {
        "timestamp": 2.0,
        "annotation": "The man continues to put something on the bread. The woman's expression remains confused or surprised."
      },
      {
        "timestamp": 3.0,
        "annotation": "The man is now holding the bread with both hands, showing it to the woman. The woman's expression is still confused or surprised."
      },
      {
        "timestamp": 4.0,
        "annotation": "The woman is now looking at the bread more closely. The man is still holding it up."
      },
      {
        "timestamp": 5.0,
        "annotation": "The woman reaches out towards the bread. The man is still holding it up."
      },
      {
        "timestamp": 6.0,
        "annotation": "The woman is now spraying water from the faucet towards the man. The man looks surprised."
      },
      {
        "timestamp": 7.0,
        "annotation": "The woman continues to spray water towards the man. The man is now reacting more strongly, possibly laughing or trying to avoid the water."
      },
      {
        "timestamp": 8.0,
        "annotation": "The man is now covering his face with his hands, trying to shield himself from the water. The woman is still spraying."
      },
      {
        "timestamp": 9.0,
        "annotation": "The woman stops spraying water. The man lowers his hands, looking at the woman with a mix of surprise and amusement."
      },
      {
        "timestamp": 10.0,
        "annotation": "The man is holding a plate with a large amount of blue soap on it. He appears to be in a kitchen, with a bottle of soap visible nearby. There is no noticeable change from the previous frame as it is not provided."
      },
      {
        "timestamp": 11.0,
        "annotation": "The man is placing the plate with blue soap into the refrigerator. No noticeable change from the previous frame."
      },
      {
        "timestamp": 12.0,
        "annotation": "The man is closing the refrigerator door after placing the plate inside. No noticeable change from the previous frame."
      },
      {
        "timestamp": 13.0,
        "annotation": "The man is standing in front of the refrigerator with his hand on the door handle, looking satisfied. No noticeable change from the previous frame."
      },
      {
        "timestamp": 14.0,
        "annotation": "The woman is opening the refrigerator door and looking inside. Noticeable change: The man is no longer in the frame, and the woman is now interacting with the refrigerator."
      },
      {
        "timestamp": 15.0,
        "annotation": "The woman is taking the plate with blue soap out of the refrigerator. Noticeable change: The woman is now holding the plate with blue soap."
      },
      {
        "timestamp": 16.0,
        "annotation": "The woman is looking at the plate with blue soap, appearing surprised or confused. Noticeable change: The woman's expression changes to surprise or confusion."
      },
      {
        "timestamp": 17.0,
        "annotation": "The woman is holding a hose and spraying water into the sink. Noticeable change: The woman is now holding a hose and spraying water."
      },
      {
        "timestamp": 18.0,
        "annotation": "The woman is spraying water from the hose, appearing determined. No noticeable change from the previous frame."
      },
      {
        "timestamp": 19.0,
        "annotation": "The man is seen in the reflection of the window, standing behind the woman with a surprised look on his face. Noticeable change: The man appears in the reflection, showing his surprise."
      },
      {
        "timestamp": 20.0,
        "annotation": "The man is seen in the reflection of the window, standing behind the woman with a surprised look on his face. The woman is washing dishes in the sink. Noticeable change: The man appears in the reflection, showing his surprise."
      },
      {
        "timestamp": 21.0,
        "annotation": "The man continues to stand behind the woman, still looking surprised. The woman is still washing dishes. Noticeable change: None."
      },
      {
        "timestamp": 22.0,
        "annotation": "The man's expression remains surprised as he watches the woman. The woman is still engaged in washing dishes. Noticeable change: None."
      },
      {
        "timestamp": 23.0,
        "annotation": "The woman lifts a sponge out of the sink, appearing to be cleaning something. The man's surprised look intensifies. Noticeable change: The woman lifts the sponge."
      },
      {
        "timestamp": 24.0,
        "annotation": "The woman raises her arm higher, seemingly about to use the sponge on the man. The man's surprise turns into a look of anticipation. Noticeable change: The woman raises her arm."
      },
      {
        "timestamp": 25.0,
        "annotation": "The woman uses the sponge to lightly tap the man on the chest. The man reacts with a mix of surprise and amusement. Noticeable change: The woman taps the man with the sponge."
      },
      {
        "timestamp": 26.0,
        "annotation": "The man steps back slightly, still looking surprised and amused. The woman lowers her arm, ending the playful action. Noticeable change: The man steps back."
      },
      {
        "timestamp": 27.0,
        "annotation": "The man's expression softens as he looks at the woman, who is now back to washing dishes. Noticeable change: The man's expression changes."
      },
      {
        "timestamp": 28.0,
        "annotation": "The woman continues washing dishes, seemingly unaware of the man's initial surprise. The man watches her with a neutral expression. Noticeable change: None."
      },
      {
        "timestamp": 29.0,
        "annotation": "The woman turns on the faucet, rinsing the sponge. The man remains standing behind her, observing her actions. Noticeable change: The woman turns on the faucet."
      },
      {
        "timestamp": 30.0,
        "annotation": "The woman is rinsing the sponge under the faucet. The man is still standing behind her, observing. Noticeable change: Water is flowing from the faucet onto the sponge."
      },
      {
        "timestamp": 31.0,
        "annotation": "The woman is now using the hose attached to the faucet, directing water towards the man. Noticeable change: The woman has switched from rinsing the sponge to using the hose on the man."
      }
    ],
    "whole_video_annotation": "The video depicts a playful and humorous interaction between a man and a woman in a kitchen. The man initially appears to be preparing something on a piece of bread, which seems to confuse the woman. She then sprays water at him, leading to a series of playful actions. The man later puts a plate with blue soap in the refrigerator, which the woman discovers and finds surprising. She then uses a hose to spray water at the man, and later playfully taps him with a sponge. The man reacts with a mix of surprise and amusement throughout the video.\n\nRegarding the specific question: Based on the sequence of events, it seems plausible that the woman might have thought the man accidentally consumed soap, leading her to use the hose on him. However, the exact reason is not explicitly stated in the frames provided.",
    "annotations_summary": "The video shows a humorous and playful interaction between a man and a woman in a kitchen. Here's a brief summary:\n\n- **Initial Scene (0-5s):** The man is preparing something on a piece of bread, which confuses the woman. She watches him closely.\n- **Water Spray Incident (6-9s):** The woman sprays water at the man using the faucet, catching him off guard and eliciting a surprised reaction from him.\n- **Soap in the Refrigerator (10-13s):** The man places a plate with blue soap in the refrigerator and looks satisfied.\n- **Discovery of Soap (14-16s):** The woman finds the soap in the refrigerator and appears surprised or confused.\n- **Hose Incident (17-22s):** The woman uses a hose to spray water at the man while washing dishes, with the man watching her in surprise from behind.\n- **Playful Sponge Tap (23-26s):** The woman playfully taps the man on the chest with a sponge, and he reacts with a mix of surprise and amusement.\n- **Conclusion (27-31s):** The man watches the woman as she continues washing dishes, and she eventually uses the hose to spray water at him again.\n\nThroughout the video, the man reacts with a mix of surprise and amusement to the woman's actions."
  }
}