{
  "qid": "1018-0",
  "video_id": "1jh1WQq_fHs",
  "video_path": "videos\\1018_1jh1WQq_fHs.mp4",
  "main_question": "What's the rapper's reaction after the traffic controller took his microphone?",
  "sub_questions": "To better understand the video and the rapper's reaction after the traffic controller took his microphone, consider the following sub-questions:\n\n1. **What was the context leading up to the traffic controller taking the microphone?**\n   - Understanding the events leading to this moment can provide crucial context for the rapper's reaction.\n\n2. **How did the audience or other people present react to the traffic controller taking the microphone?**\n   - The reactions of others can give insight into the appropriateness or inappropriateness of the traffic controller's action and how the rapper's reaction was perceived.\n\n3. **What was the rapper's demeanor and body language immediately before and after the microphone was taken?**\n   - Observing the rapper's non-verbal cues can help in interpreting his emotional state and reaction more accurately.",
  "annotations": {
    "frame_annotations": [
      {
        "timestamp": 0.0,
        "annotation": "A rapper is performing on top of a speaker, holding a microphone in one hand and a cane in the other. He appears to be in the middle of a performance with his arms outstretched."
      },
      {
        "timestamp": 1.0,
        "annotation": "A traffic controller wearing a high-visibility vest approaches the rapper. The rapper is still performing, but his posture slightly changes as he notices the traffic controller."
      },
      {
        "timestamp": 2.0,
        "annotation": "The traffic controller is now closer to the rapper, and the rapper seems to be acknowledging his presence. The traffic controller has a microphone in his hand."
      },
      {
        "timestamp": 2.99,
        "annotation": "The traffic controller is reaching out to the rapper, who is still holding his microphone. The rapper's expression shows slight surprise or confusion."
      },
      {
        "timestamp": 3.99,
        "annotation": "The traffic controller is now taking the microphone from the rapper. The rapper's reaction is one of mild protest or surprise, as he tries to hold onto the microphone."
      },
      {
        "timestamp": 4.99,
        "annotation": "The traffic controller has successfully taken the microphone from the rapper. The rapper's arms are lowered, and he appears to be in a state of mild shock or amusement."
      },
      {
        "timestamp": 5.99,
        "annotation": "The traffic controller is now holding the microphone and appears to be speaking into it. The rapper is standing with his arms by his sides, watching the traffic controller."
      },
      {
        "timestamp": 6.99,
        "annotation": "The traffic controller is continuing to speak into the microphone, and the rapper is still standing on the speaker, looking at the traffic controller with a neutral expression."
      },
      {
        "timestamp": 7.98,
        "annotation": "The traffic controller is still speaking, and the rapper remains on the speaker, now with a slight smile, seemingly accepting the situation."
      },
      {
        "timestamp": 8.98,
        "annotation": "The traffic controller finishes speaking and hands the microphone back to the rapper. The rapper takes the microphone and resumes his performance, now with a more relaxed demeanor."
      },
      {
        "timestamp": 9.98,
        "annotation": "The rapper is holding the microphone, looking slightly to the side, possibly listening to the traffic controller's final words. The traffic controller is still in the process of handing over the microphone."
      },
      {
        "timestamp": 10.98,
        "annotation": "The rapper has fully received the microphone and starts to bring it closer to his mouth, preparing to resume his performance. The traffic controller is stepping back slightly."
      },
      {
        "timestamp": 11.98,
        "annotation": "The rapper begins to speak into the microphone, his posture becoming more upright and confident. The traffic controller is now fully stepped back and observing."
      },
      {
        "timestamp": 12.98,
        "annotation": "The rapper continues his performance, his expression and body language indicating a more relaxed and composed demeanor. The traffic controller is no longer in the frame."
      },
      {
        "timestamp": 13.97,
        "annotation": "The rapper is fully engaged in his performance, moving the microphone fluidly with his hand. His facial expression shows concentration and engagement with the audience."
      },
      {
        "timestamp": 14.97,
        "annotation": "The rapper's performance continues with increased energy, his body language more dynamic. He is gesturing with his free hand, emphasizing his lyrics."
      },
      {
        "timestamp": 15.97,
        "annotation": "The rapper's performance reaches a peak, his movements more pronounced. He is looking out towards the audience, connecting with them through his performance."
      },
      {
        "timestamp": 16.97,
        "annotation": "The rapper maintains his energetic performance, his expressions and gestures indicating he is deeply immersed in his act. The audience seems to be reacting positively."
      },
      {
        "timestamp": 17.97,
        "annotation": "The rapper's performance shows no signs of slowing down, his movements and expressions conveying his passion for the performance. The crowd appears engaged."
      },
      {
        "timestamp": 18.96,
        "annotation": "The rapper continues his high-energy performance, his body language and facial expressions showing his commitment to the act. The audience's reaction seems enthusiastic."
      }
    ],
    "whole_video_annotation": "The video depicts a rapper performing on top of a speaker. During his performance, a traffic controller in a high-visibility vest approaches him and takes the microphone away. The rapper's reactions range from surprise and mild protest to eventual acceptance and amusement. After the traffic controller finishes speaking and hands the microphone back, the rapper resumes his performance with a more relaxed and composed demeanor, ultimately regaining his confidence and engaging energetically with the audience.",
    "annotations_summary": "The video shows a rapper performing on top of a speaker, holding a microphone and a cane. During his performance, a traffic controller in a high-visibility vest approaches him. The traffic controller takes the microphone from the rapper, who initially reacts with surprise and mild protest. After the traffic controller speaks into the microphone, he hands it back to the rapper. The rapper then resumes his performance, initially with a more relaxed demeanor but gradually regaining his confidence and energy, engaging dynamically with the audience."
  }
}