{
  "qid": "1023-1",
  "video_id": "m_H3uWi3_2o",
  "video_path": "videos\\1023_m_H3uWi3_2o.mp4",
  "main_question": "How did the man respond after the first woman spoke to him?",
  "sub_questions": "To better understand the video and the man's response after the first woman spoke to him, consider the following sub-questions:\n\n1. **What was the context or situation leading up to the woman speaking to the man?**\n   - Understanding the context can provide insights into the man's potential reaction.\n\n2. **What exactly did the first woman say to the man?**\n   - The specific words or tone used by the woman can significantly influence the man's response.\n\n3. **What was the man's demeanor or body language before and immediately after the woman spoke?**\n   - Observing his non-verbal cues can help interpret his response, even if his verbal reaction is subtle or unclear.",
  "annotations": {
    "frame_annotations": [
      {
        "timestamp": 0.0,
        "annotation": "A woman in a purple outfit is standing in front of two paintings in an art gallery. She is looking at the painting on the left, which features a floral arrangement. There is a text overlay that reads, 'When all you wanna do is talk about art.'"
      },
      {
        "timestamp": 0.97,
        "annotation": "The same woman is still looking at the painting on the left. A man in a black shirt and khaki pants has entered the frame from the right side, approaching the woman. No noticeable change in the woman's position or expression.",
        "change": "A man enters the frame from the right."
      },
      {
        "timestamp": 1.94,
        "annotation": "The man is now closer to the woman, and he is gesturing towards the painting on the right, which depicts a seascape. The woman is still focused on the painting on the left.",
        "change": "The man is closer to the woman and gesturing towards the seascape painting."
      },
      {
        "timestamp": 2.91,
        "annotation": "The woman turns to face the man, and there is a text overlay with two lines of dialogue: 'This artist is only 24 years old!' and 'I'm just looking, thank you.' The man appears to be responding to the woman's comment.",
        "change": "The woman turns to face the man, and dialogue is introduced."
      },
      {
        "timestamp": 3.88,
        "annotation": "The woman and the man are engaged in conversation. The woman is gesturing with her hands, and the man is listening attentively. The text overlay from the previous frame is still visible.",
        "change": "The woman is now gesturing with her hands, and the man is listening."
      },
      {
        "timestamp": 4.84,
        "annotation": "The man places his hands on his hips, and the woman continues to gesture and speak. The text overlay is no longer visible.",
        "change": "The man places his hands on his hips, and the text overlay disappears."
      },
      {
        "timestamp": 5.81,
        "annotation": "The scene changes to a different part of the art gallery. A woman in a black and white striped shirt and maroon pants is standing in front of a large, colorful painting of trees. A man in a black shirt and khaki pants is beside her, looking at the painting.",
        "change": "The scene changes to a different part of the gallery with different individuals and artwork."
      },
      {
        "timestamp": 6.78,
        "annotation": "The woman in the striped shirt is commenting on the painting, with a text overlay that reads, 'The amount of paint on this canvas.' The man is responding with, 'Oh I'm ok thank you.'",
        "change": "Text overlay introduces dialogue between the woman and the man."
      },
      {
        "timestamp": 7.75,
        "annotation": "The woman and the man continue their conversation, with the woman gesturing towards the painting. The text overlay from the previous frame is still visible.",
        "change": "The woman continues to gesture towards the painting."
      },
      {
        "timestamp": 8.72,
        "annotation": "The woman and the man are still engaged in conversation, but the text overlay is no longer visible. The woman appears to be explaining something about the painting.",
        "change": "The text overlay disappears, and the woman appears to be explaining something."
      },
      {
        "timestamp": 9.69,
        "annotation": "The man is standing in front of several paintings in what appears to be an art gallery. He is looking slightly to his left, and his hands are clasped in front of him.",
        "change": "The man is now alone in the frame, unlike the previous frame where the woman was present."
      },
      {
        "timestamp": 10.66,
        "annotation": "The man is still standing in the same position, but his facial expression seems to have changed slightly, possibly indicating that he is about to speak or respond.",
        "change": "The man's facial expression has changed slightly, suggesting he is preparing to respond."
      },
      {
        "timestamp": 11.63,
        "annotation": "The man appears to be speaking, as his mouth is open and his facial expression is more animated.",
        "change": "The man's mouth is now open, indicating that he is responding verbally to the woman's previous question."
      }
    ],
    "whole_video_annotation": "The video appears to be set in an art gallery, featuring interactions between individuals discussing various artworks. Here's a short general description:\n\nThe video captures moments in an art gallery where people are engaging with and discussing different paintings. In the initial scenes, a woman in a purple outfit is admiring a floral arrangement painting. A man in a black shirt and khaki pants approaches her and gestures towards a seascape painting. The woman then turns to the man, and they engage in a conversation about the art. Later, the scene shifts to another part of the gallery where a different woman, wearing a black and white striped shirt and maroon pants, is discussing a large, colorful painting of trees with the same man. The video highlights the interactions and dialogues between the individuals as they appreciate and discuss the artworks on display.\n\nRegarding the specific question: \"How did the man respond after the first woman spoke to him?\"\n\nAfter the first woman speaks to the man, saying, \"This artist is only 24 years old!\" the man appears to be responding to her comment. However, the exact words of his response are not provided in the frame descriptions. The text overlay in Frame 3 indicates that the woman also says, \"I'm just looking, thank you,\" but it is unclear if this is directed at the man or part of her ongoing commentary. In Frame 4, the man is seen listening attentively as the woman gestures and speaks, suggesting he is engaged in the conversation.",
    "annotations_summary": "The video takes place in an art gallery and features interactions between individuals discussing various artworks. Here's a brief summary:\n\n1. **Initial Scene**:\n   - A woman in a purple outfit is admiring a floral arrangement painting.\n   - A man in a black shirt and khaki pants approaches her and gestures towards a seascape painting.\n   - The woman turns to the man, and they engage in a conversation about the art. The woman comments, \"This artist is only 24 years old!\" and \"I'm just looking, thank you.\" The man appears to be responding to her comments and listens attentively.\n\n2. **Later Scene**:\n   - The scene shifts to another part of the gallery.\n   - A different woman, wearing a black and white striped shirt and maroon pants, is discussing a large, colorful painting of trees with the same man.\n   - The woman comments on the painting, saying, \"The amount of paint on this canvas.\" The man responds with, \"Oh I'm ok thank you.\"\n\n3. **Final Scene**:\n   - The man is seen standing in front of several paintings, seemingly about to speak or respond, with an animated facial expression.\n\nThe video highlights the interactions and dialogues between the individuals as they appreciate and discuss the artworks on display."
  }
}