{
  "qid": "1037-1",
  "video_id": "y-Ey4mW-BKs",
  "video_path": "videos\\1037_y-Ey4mW-BKs.mp4",
  "main_question": "What is the reason the man makes an OK gesture at the conclusion of the video?",
  "sub_questions": "To better understand the video and the reason the man makes an OK gesture at the conclusion, consider the following sub-questions:\n\n1. **What is the context or topic of the video?**\n   - Understanding the main subject or theme of the video can provide insight into why the man might be making the OK gesture.\n\n2. **What actions or events occur leading up to the OK gesture?**\n   - Knowing the sequence of events or the man's activities before he makes the gesture can help determine if it signifies completion, agreement, or something else.\n\n3. **What is the cultural or personal significance of the OK gesture for the man or the audience?**\n   - The meaning of the OK gesture can vary greatly depending on cultural background or personal context, so understanding this aspect can clarify its intended message.",
  "annotations": {
    "frame_annotations": [
      {
        "timestamp": 0.0,
        "annotation": "A woman is holding a large, oval-shaped green watermelon. She is wearing a white blouse and a gold necklace."
      },
      {
        "timestamp": 1.0,
        "annotation": "The woman is still holding the large watermelon. Her facial expression appears to be neutral."
      },
      {
        "timestamp": 2.0,
        "annotation": "The woman's facial expression changes slightly, appearing more serious. She is still holding the watermelon in the same position."
      },
      {
        "timestamp": 3.0,
        "annotation": "A man appears in the frame, standing in front of green foliage. He is wearing a cap and a patterned shirt. He seems to be reacting with surprise or amusement."
      },
      {
        "timestamp": 4.0,
        "annotation": "The man is now holding a smaller, round watermelon. He looks directly at the camera with a neutral expression."
      },
      {
        "timestamp": 5.0,
        "annotation": "The man's expression remains neutral as he continues to hold the watermelon."
      },
      {
        "timestamp": 6.0,
        "annotation": "The woman is now holding a watermelon that has been cut in half, revealing the red interior. She appears to be in the process of cutting it."
      },
      {
        "timestamp": 7.0,
        "annotation": "The man is holding the halved watermelon, looking up as if someone is about to put something in his mouth."
      },
      {
        "timestamp": 8.0,
        "annotation": "A piece of watermelon is being placed into the man's mouth by an unseen hand."
      },
      {
        "timestamp": 9.0,
        "annotation": "The man has a piece of watermelon in his mouth. He appears to be chewing or reacting to the taste."
      },
      {
        "timestamp": 10.0,
        "annotation": "The man is holding a large piece of watermelon up to his mouth. His expression suggests he is about to take a bite."
      },
      {
        "timestamp": 11.0,
        "annotation": "The man has a piece of watermelon in his mouth. He appears to be chewing or reacting to the taste. No noticeable change from the previous frame."
      },
      {
        "timestamp": 12.0,
        "annotation": "The man has a piece of watermelon in his mouth. He appears to be chewing or reacting to the taste. No noticeable change from the previous frame."
      },
      {
        "timestamp": 13.0,
        "annotation": "The man has a piece of watermelon in his mouth. He appears to be chewing or reacting to the taste. No noticeable change from the previous frame."
      },
      {
        "timestamp": 14.0,
        "annotation": "The man has a piece of watermelon in his mouth. He appears to be chewing or reacting to the taste. No noticeable change from the previous frame."
      },
      {
        "timestamp": 15.0,
        "annotation": "The man has a piece of watermelon in his mouth. He appears to be chewing or reacting to the taste. No noticeable change from the previous frame."
      },
      {
        "timestamp": 16.0,
        "annotation": "The man has a piece of watermelon in his mouth. He appears to be chewing or reacting to the taste. No noticeable change from the previous frame."
      },
      {
        "timestamp": 17.0,
        "annotation": "The man has a piece of watermelon in his mouth. He appears to be chewing or reacting to the taste. No noticeable change from the previous frame."
      },
      {
        "timestamp": 18.0,
        "annotation": "The man has a piece of watermelon in his mouth. He appears to be chewing or reacting to the taste. No noticeable change from the previous frame."
      },
      {
        "timestamp": 19.0,
        "annotation": "The man has a piece of watermelon in his mouth. He appears to be chewing or reacting to the taste. No noticeable change from the previous frame."
      },
      {
        "timestamp": 20.0,
        "annotation": "The man is holding a watermelon in one hand and an orange in the other. He appears to be squeezing the orange over the watermelon. No noticeable change from the previous frame."
      },
      {
        "timestamp": 21.0,
        "annotation": "The man continues to squeeze the orange over the watermelon. Juice from the orange is dripping into the watermelon. No noticeable change from the previous frame."
      },
      {
        "timestamp": 22.0,
        "annotation": "The man continues to squeeze the orange over the watermelon. Juice from the orange is dripping into the watermelon. No noticeable change from the previous frame."
      },
      {
        "timestamp": 23.0,
        "annotation": "The man continues to squeeze the orange over the watermelon. Juice from the orange is dripping into the watermelon. No noticeable change from the previous frame."
      },
      {
        "timestamp": 24.0,
        "annotation": "The man continues to squeeze the orange over the watermelon. Juice from the orange is dripping into the watermelon. No noticeable change from the previous frame."
      },
      {
        "timestamp": 25.0,
        "annotation": "The man continues to squeeze the orange over the watermelon. Juice from the orange is dripping into the watermelon. No noticeable change from the previous frame."
      },
      {
        "timestamp": 26.0,
        "annotation": "The man continues to squeeze the orange over the watermelon. Juice from the orange is dripping into the watermelon. No noticeable change from the previous frame."
      },
      {
        "timestamp": 27.0,
        "annotation": "The man continues to squeeze the orange over the watermelon. Juice from the orange is dripping into the watermelon. No noticeable change from the previous frame."
      },
      {
        "timestamp": 28.0,
        "annotation": "The man continues to squeeze the orange over the watermelon. Juice from the orange is dripping into the watermelon. No noticeable change from the previous frame."
      },
      {
        "timestamp": 29.0,
        "annotation": "The man continues to squeeze the orange over the watermelon. Juice from the orange is dripping into the watermelon. No noticeable change from the previous frame."
      },
      {
        "timestamp": 30.0,
        "annotation": "The man continues to squeeze the orange over the watermelon. Juice from the orange is dripping into the watermelon. No noticeable change from the previous frame."
      },
      {
        "timestamp": 31.0,
        "annotation": "The man continues to squeeze the orange over the watermelon. Juice from the orange is dripping into the watermelon. No noticeable change from the previous frame."
      },
      {
        "timestamp": 32.0,
        "annotation": "The man continues to squeeze the orange over the watermelon. Juice from the orange is dripping into the watermelon. No noticeable change from the previous frame."
      },
      {
        "timestamp": 33.0,
        "annotation": "The man continues to squeeze the orange over the watermelon. Juice from the orange is dripping into the watermelon. No noticeable change from the previous frame."
      },
      {
        "timestamp": 34.0,
        "annotation": "The man continues to squeeze the orange over the watermelon. Juice from the orange is dripping into the watermelon. No noticeable change from the previous frame."
      },
      {
        "timestamp": 35.0,
        "annotation": "The man continues to squeeze the orange over the watermelon. Juice from the orange is dripping into the watermelon. No noticeable change from the previous frame."
      },
      {
        "timestamp": 36.0,
        "annotation": "The man continues to squeeze the orange over the watermelon. Juice from the orange is dripping into the watermelon. No noticeable change from the previous frame."
      },
      {
        "timestamp": 37.0,
        "annotation": "The man continues to squeeze the orange over the watermelon. Juice from the orange is dripping into the watermelon. No noticeable change from the previous frame."
      },
      {
        "timestamp": 38.0,
        "annotation": "The man continues to squeeze the orange over the watermelon. Juice from the orange is dripping into the watermelon. No noticeable change from the previous frame."
      },
      {
        "timestamp": 39.0,
        "annotation": "The man continues to squeeze the orange over the watermelon. Juice from the orange is dripping into the watermelon. No noticeable change from the previous frame."
      },
      {
        "timestamp": 40.0,
        "annotation": "The man continues to squeeze the orange over the watermelon. Juice from the orange is dripping into the watermelon. No noticeable change from the previous frame."
      },
      {
        "timestamp": 41.0,
        "annotation": "The man continues to squeeze the orange over the watermelon. Juice from the orange is dripping into the watermelon. No noticeable change from the previous frame."
      },
      {
        "timestamp": 42.0,
        "annotation": "The man continues to squeeze the orange over the watermelon. Juice from the orange is dripping into the watermelon. No noticeable change from the previous frame."
      },
      {
        "timestamp": 43.0,
        "annotation": "The man continues to squeeze the orange over the watermelon. Juice from the orange is dripping into the watermelon. No noticeable change from the previous frame."
      },
      {
        "timestamp": 44.0,
        "annotation": "The man continues to squeeze the orange over the watermelon. Juice from the orange is dripping into the watermelon. No noticeable change from the previous frame."
      },
      {
        "timestamp": 45.0,
        "annotation": "The man continues to squeeze the orange over the watermelon. Juice from the orange is dripping into the watermelon. No noticeable change from the previous frame."
      },
      {
        "timestamp": 46.0,
        "annotation": "The man continues to squeeze the orange over the watermelon. Juice from the orange is dripping into the watermelon. No noticeable change from the previous frame."
      },
      {
        "timestamp": 47.0,
        "annotation": "The man continues to squeeze the orange over the watermelon. Juice from the orange is dripping into the watermelon. No noticeable change from the previous frame."
      },
      {
        "timestamp": 48.0,
        "annotation": "The man continues to squeeze the orange over the watermelon. Juice from the orange is dripping into the watermelon. No noticeable change from the previous frame."
      },
      {
        "timestamp": 49.0,
        "annotation": "The man continues to squeeze the orange over the watermelon. Juice from the orange is dripping into the watermelon. No noticeable change from the previous frame."
      },
      {
        "timestamp": 50.0,
        "annotation": "The man continues to squeeze the orange over the watermelon. Juice from the orange is dripping into the watermelon. No noticeable change from the previous frame."
      },
      {
        "timestamp": 51.0,
        "annotation": "The man continues to squeeze the orange over the watermelon. Juice from the orange is dripping into the watermelon. No noticeable change from the previous frame."
      },
      {
        "timestamp": 52.0,
        "annotation": "The man continues to squeeze the orange over the watermelon. Juice from the orange is dripping into the watermelon. No noticeable change from the previous frame."
      },
      {
        "timestamp": 53.0,
        "annotation": "The man continues to squeeze the orange over the watermelon. Juice from the orange is dripping into the watermelon. No noticeable change from the previous frame."
      },
      {
        "timestamp": 54.0,
        "annotation": "The man continues to squeeze the orange over the watermelon. Juice from the orange is dripping into the watermelon. No noticeable change from the previous frame."
      },
      {
        "timestamp": 55.0,
        "annotation": "The man continues to squeeze the orange over the watermelon. Juice from the orange is dripping into the watermelon. No noticeable change from the previous frame."
      },
      {
        "timestamp": 56.0,
        "annotation": "The man continues to squeeze the orange over the watermelon. Juice from the orange is dripping into the watermelon. No noticeable change from the previous frame."
      },
      {
        "timestamp": 57.0,
        "annotation": "The man finishes squeezing the orange and makes an OK gesture with his hand. The watermelon is now filled with orange juice and has a straw inserted into it."
      }
    ],
    "whole_video_annotation": "The video depicts a humorous and lighthearted scenario involving a man and a woman interacting with watermelons. Here's a brief summary of the events:\n\n1. **Introduction**: A woman holds a large, oval-shaped green watermelon. She appears neutral and then slightly serious.\n2. **Man's Entrance**: A man enters the frame, reacting with surprise or amusement. He holds a smaller, round watermelon.\n3. **Watermelon Preparation**: The woman cuts the watermelon in half, revealing the red interior. The man holds the halved watermelon and is fed a piece by an unseen hand.\n4. **Tasting**: The man chews and reacts to the taste of the watermelon for an extended period.\n5. **Orange Juice Addition**: The man squeezes an orange over the watermelon, filling it with orange juice. He continues this action for a prolonged duration.\n6. **Conclusion**: The man finishes squeezing the orange, makes an OK gesture, and the watermelon is shown with orange juice and a straw inserted into it.\n\nRegarding the man's OK gesture at the conclusion of the video, it likely signifies satisfaction or approval with the result of his actions. The gesture suggests that he is pleased with the watermelon now filled with orange juice and ready to be consumed in a unique way.",
    "annotations_summary": "The video features a humorous interaction between a man and a woman involving watermelons. Initially, the woman holds a large, oval-shaped green watermelon, appearing neutral and then slightly serious. A man then enters the scene, reacting with surprise or amusement while holding a smaller, round watermelon. The woman cuts her watermelon in half, revealing the red interior, and the man is fed a piece. He spends an extended period chewing and reacting to the taste of the watermelon. Subsequently, the man squeezes an orange over the watermelon, filling it with orange juice, a process that continues for a prolonged duration. The video concludes with the man making an OK gesture, indicating satisfaction, as the watermelon is now filled with orange juice and has a straw inserted into it."
  }
}