{
  "qid": "1044-7",
  "video_id": "gpeIf-lCeIQ",
  "video_path": "videos\\1044_gpeIf-lCeIQ.mp4",
  "main_question": "What is the psychological state of the person under the quilt?\nA. Deeply engrossed in a video game.\nB. Surprised and confused.\nC. Focused on the game.\nD. Calm and relaxed.",
  "sub_questions": "To better understand the psychological state of the person under the quilt, consider the following sub-questions:\n\n1. **What is the person's body language like?**\n   - Are they sitting upright or lying down?\n   - Are their movements quick and jerky, or slow and deliberate?\n   - Are their hands actively engaged (e.g., using a controller or keyboard)?\n\n2. **What expressions can be seen on their face?**\n   - Are their eyes wide open, indicating surprise or confusion?\n   - Do they have a neutral or peaceful expression, suggesting calmness?\n   - Are they intensely focused, with a concentrated gaze?\n\n3. **What is the context or environment like?**\n   - Is the room brightly lit or dimly lit?\n   - Are there any visible screens or devices that might indicate they are playing a game?\n   - Are there any other people present, and if so, how are they reacting?\n\nThese sub-questions can help gather more information to determine the person's psychological state more accurately.",
  "annotations": {
    "frame_annotations": [
      {
        "timestamp": 0.0,
        "annotation": "The video starts with a person wearing a red shirt standing with their back to the camera. The text 'ain't no way' with a smiling emoji is visible at the bottom of the frame."
      },
      {
        "timestamp": 1.0,
        "annotation": "The person in the red shirt turns slightly to the left, revealing a bit more of their side profile. They are holding a phone in their right hand. The text 'ain't no way' with a smiling emoji remains at the bottom of the frame."
      },
      {
        "timestamp": 2.0,
        "annotation": "The person in the red shirt is now seen approaching another person who is lying down under a quilt. The text 'ain't no way' with a smiling emoji is still at the bottom of the frame."
      },
      {
        "timestamp": 3.0,
        "annotation": "The person in the red shirt is now closer to the person under the quilt, who appears to be sleeping. The text 'ain't no way' with a smiling emoji is visible at the bottom of the frame."
      },
      {
        "timestamp": 4.0,
        "annotation": "The person in the red shirt is reaching out towards the sleeping person under the quilt with their phone. The text 'ain't no way' with a smiling emoji is at the bottom of the frame."
      },
      {
        "timestamp": 5.0,
        "annotation": "The person in the red shirt is now holding the phone very close to the face of the sleeping person under the quilt. The text 'ain't no way' with a smiling emoji is visible at the bottom of the frame."
      },
      {
        "timestamp": 6.0,
        "annotation": "The sleeping person under the quilt starts to react, slightly moving their head away from the phone. The text 'ain't no way' with a smiling emoji is at the bottom of the frame."
      },
      {
        "timestamp": 7.0,
        "annotation": "The person in the red shirt is now leaning over the sleeping person, still holding the phone close to their face. The sleeping person is more visibly reacting, trying to move away. The text 'ain't no way' with a smiling emoji is visible at the bottom of the frame."
      },
      {
        "timestamp": 8.0,
        "annotation": "The sleeping person under the quilt is now more actively trying to push away the person in the red shirt, who is still holding the phone. The text 'ain't no way' with a smiling emoji is at the bottom of the frame."
      },
      {
        "timestamp": 9.0,
        "annotation": "The interaction becomes more intense as the sleeping person under the quilt is now clearly awake and pushing the person in the red shirt away more forcefully. The text 'ain't no way' with a smiling emoji is visible at the bottom of the frame."
      },
      {
        "timestamp": 10.0,
        "annotation": "The person under the quilt is now awake and pushing the person in the red shirt away more forcefully. The text 'ain't no way' with a smiling emoji is visible at the bottom of the frame. No noticeable change from the previous frame."
      },
      {
        "timestamp": 11.0,
        "annotation": "The person under the quilt continues to push the person in the red shirt away. The text 'ain't no way' with a smiling emoji remains visible. No noticeable change from the previous frame."
      },
      {
        "timestamp": 12.0,
        "annotation": "The person under the quilt is still pushing the person in the red shirt away. The text 'ain't no way' with a smiling emoji is still visible. No noticeable change from the previous frame."
      },
      {
        "timestamp": 13.0,
        "annotation": "The person under the quilt is actively pushing the person in the red shirt away. The text 'ain't no way' with a smiling emoji is still visible. No noticeable change from the previous frame."
      },
      {
        "timestamp": 14.0,
        "annotation": "The person under the quilt continues to push the person in the red shirt away. The text 'ain't no way' with a smiling emoji is still visible. No noticeable change from the previous frame."
      },
      {
        "timestamp": 15.0,
        "annotation": "The person under the quilt is still pushing the person in the red shirt away. The text 'ain't no way' with a smiling emoji is still visible. No noticeable change from the previous frame."
      },
      {
        "timestamp": 16.0,
        "annotation": "The person under the quilt is pushing the person in the red shirt away. The text 'ain't no way' with a smiling emoji is still visible. No noticeable change from the previous frame."
      },
      {
        "timestamp": 17.0,
        "annotation": "The person under the quilt is pushing the person in the red shirt away. The text 'ain't no way' with a smiling emoji is still visible. The person in the red shirt is now more visible and appears to be reacting to the push. The person under the quilt seems to be focused on the game, wearing a VR headset and holding a controller."
      },
      {
        "timestamp": 18.0,
        "annotation": "The person under the quilt is pushing the person in the red shirt away. The text 'ain't no way' with a smiling emoji is still visible. The person in the red shirt is reacting more intensely to the push. The person under the quilt seems to be deeply engrossed in the game, wearing a VR headset and holding a controller."
      },
      {
        "timestamp": 19.0,
        "annotation": "The person under the quilt is pushing the person in the red shirt away. The text 'ain't no way' with a smiling emoji is still visible. The person in the red shirt is reacting intensely to the push. The person under the quilt seems to be deeply engrossed in the game, wearing a VR headset and holding a controller."
      },
      {
        "timestamp": 20.0,
        "annotation": "The person under the quilt is pushing the person in the red shirt away. The text 'ain't no way' with a smiling emoji is still visible. The person in the red shirt is reacting intensely to the push. The person under the quilt seems to be deeply engrossed in the game, wearing a VR headset and holding a controller."
      },
      {
        "timestamp": 21.0,
        "annotation": "The person under the quilt continues to push the person in the red shirt away. The text 'ain't no way' with a smiling emoji remains visible. The person in the red shirt appears to be reacting with surprise and confusion. The person under the quilt maintains a focused expression, still wearing the VR headset and holding the controller."
      }
    ],
    "whole_video_annotation": "The video depicts a scene where a person wearing a red shirt approaches another person who is lying down under a quilt and appears to be sleeping. The person in the red shirt holds a phone close to the face of the sleeping person, who eventually wakes up and starts reacting defensively, pushing the person in the red shirt away. As the interaction continues, it becomes clear that the person under the quilt is wearing a VR headset and holding a controller, indicating they are deeply engrossed in a video game. The text \"ain't no way\" with a smiling emoji remains visible at the bottom of the frame throughout the video.\n\nBased on the description, the psychological state of the person under the quilt is best described by:\n\nA. Deeply engrossed in a video game.\nC. Focused on the game.\n\nBoth options A and C accurately reflect the person's state, as they are immersed in a virtual reality experience and appear focused on their game despite the interaction with the person in the red shirt.",
    "annotations_summary": "### Summary of the Video Descriptions\n\n**Frame-Level Descriptions:**\nThe video begins with a person in a red shirt standing with their back to the camera, holding a phone. They approach another person lying under a quilt, seemingly asleep. The person in the red shirt holds the phone close to the sleeping person's face, causing the latter to react and eventually push the person in the red shirt away. It is revealed that the person under the quilt is wearing a VR headset and holding a controller, indicating they are deeply engrossed in a video game. The text \"ain't no way\" with a smiling emoji is visible at the bottom of the frame throughout the video.\n\n**Video-Level Description:**\nThe video shows a person in a red shirt approaching another person who appears to be sleeping under a quilt. The person in the red shirt holds a phone close to the sleeping person's face, causing them to wake up and react defensively. As the interaction continues, it becomes clear that the person under the quilt is wearing a VR headset and holding a controller, indicating they are deeply engrossed in a video game. The text \"ain't no way\" with a smiling emoji remains visible at the bottom of the frame throughout the video.\n\n**Psychological State of the Person Under the Quilt:**\nThe psychological state of the person under the quilt is best described as:\n- **Deeply engrossed in a video game.**\n- **Focused on the game.**\n\nBoth options accurately reflect the person's state, as they are immersed in a virtual reality experience and appear focused on their game despite the interaction with the person in the red shirt."
  }
}