{
  "qid": "1045-2",
  "video_id": "uXvcjTHtZIs",
  "video_path": "videos\\1045_uXvcjTHtZIs.mp4",
  "main_question": "Did the person on the left hug the one in the tie-dye hoodie to prevent their mother from discovering that his brother fainted?",
  "sub_questions": "To better understand the video and answer the main question, consider the following sub-questions:\n\n1. **Who are the individuals in the video, and what are their relationships?**\n   - Specifically, identify the person on the left, the person in the tie-dye hoodie, and the mother mentioned in the question.\n\n2. **What is the sequence of events leading up to the potential hug?**\n   - Did the brother faint before or after the person on the left approached the one in the tie-dye hoodie?\n   - What actions or reactions occurred immediately before the hug?\n\n3. **What is the context or setting of the video?**\n   - Where and when does the scene take place?\n   - Are there any other relevant characters or elements in the environment that might provide additional context?\n\nThese sub-questions should help clarify the details needed to accurately determine if the person on the left hugged the one in the tie-dye hoodie to prevent their mother from discovering that his brother fainted.",
  "annotations": {
    "frame_annotations": [
      {
        "timestamp": 0.0,
        "annotation": "Two boys are sitting at a table. The boy on the left is holding a piece of paper and appears to be explaining something to the boy on the right, who is wearing a tie-dye hoodie. Both are looking at two white cylindrical objects on the table."
      },
      {
        "timestamp": 1.0,
        "annotation": "The boy on the left continues to hold the piece of paper and gestures with his other hand, seemingly emphasizing a point. The boy on the right watches attentively."
      },
      {
        "timestamp": 2.0,
        "annotation": "The boy on the left is still gesturing with the paper and his other hand. The boy on the right maintains his attentive gaze."
      },
      {
        "timestamp": 3.0,
        "annotation": "The boy on the left lowers his hand slightly while still holding the paper. The boy on the right continues to observe."
      },
      {
        "timestamp": 4.0,
        "annotation": "The boy on the left brings his hand closer to the cylindrical objects on the table. The boy on the right remains focused on the explanation."
      },
      {
        "timestamp": 5.0,
        "annotation": "The boy on the left touches one of the cylindrical objects with his hand. The boy on the right shows no reaction."
      },
      {
        "timestamp": 6.0,
        "annotation": "The boy on the left lifts his hand slightly above the cylindrical object. The boy on the right continues to watch."
      },
      {
        "timestamp": 7.0,
        "annotation": "The boy on the left moves his hand away from the cylindrical object. The boy on the right's expression remains unchanged."
      },
      {
        "timestamp": 8.0,
        "annotation": "The boy on the left brings his hand back towards the cylindrical object. The boy on the right maintains his attentive gaze."
      },
      {
        "timestamp": 9.0,
        "annotation": "The boy on the left touches the cylindrical object again. The boy on the right continues to observe without any noticeable reaction."
      },
      {
        "timestamp": 10.0,
        "annotation": "The boy on the left continues to hold the cylindrical object. The boy on the right looks at the boy on the left with a neutral expression."
      },
      {
        "timestamp": 11.0,
        "annotation": "The boy on the left starts to move the cylindrical object towards the boy on the right. The boy on the right looks slightly surprised."
      },
      {
        "timestamp": 12.0,
        "annotation": "The boy on the left is now holding the cylindrical object close to the boy on the right's face. The boy on the right appears to be reacting with a mix of surprise and amusement."
      },
      {
        "timestamp": 13.0,
        "annotation": "The boy on the left is now holding the cylindrical object very close to the boy on the right's face, who appears to be laughing or reacting strongly."
      },
      {
        "timestamp": 14.0,
        "annotation": "The boy on the left is now holding the cylindrical object very close to the boy on the right's face, who appears to be laughing or reacting strongly."
      },
      {
        "timestamp": 15.0,
        "annotation": "The boy on the right starts to lean back slightly, still reacting strongly. The boy on the left maintains his position with the cylindrical object."
      },
      {
        "timestamp": 16.0,
        "annotation": "The boy on the right leans back further and appears to be fainting or losing balance. The boy on the left looks concerned."
      },
      {
        "timestamp": 17.0,
        "annotation": "The boy on the left reaches out to support the boy on the right, who is now slumping forward. The boy on the left appears to be trying to prevent the boy on the right from falling."
      },
      {
        "timestamp": 18.0,
        "annotation": "The boy on the left is now hugging the boy on the right, who is slumping forward. A woman in the background appears to be approaching, looking concerned."
      },
      {
        "timestamp": 19.0,
        "annotation": "The boy on the left continues to hug the boy on the right, who is now fully slumped forward. The woman in the background is closer, appearing to be checking on the situation."
      },
      {
        "timestamp": 20.0,
        "annotation": "The boy on the left is holding a rolled-up piece of paper in his left hand and has his right arm extended forward. The boy on the right is lying on the floor with a tie-dye hoodie, appearing to be unconscious. A woman is in the background, seemingly concerned and moving closer."
      }
    ],
    "whole_video_annotation": "The video depicts an interaction between two boys sitting at a table. The boy on the left is explaining something to the boy on the right, who is wearing a tie-dye hoodie. The boy on the left is holding a piece of paper and gestures while explaining, eventually interacting with two cylindrical objects on the table. He moves one of the objects close to the boy on the right's face, causing the boy on the right to react strongly, eventually appearing to faint or lose balance. The boy on the left then tries to support and hug the boy on the right, who slumps forward. A woman in the background approaches, looking concerned, as the boy on the right ends up lying on the floor, seemingly unconscious.\n\nRegarding the user's question: Based on the frames provided, it does not appear that the boy on the left is hugging the boy in the tie-dye hoodie to prevent their mother from discovering that his brother fainted. The boy on the left seems genuinely concerned and is trying to support the boy on the right as he loses consciousness.",
    "annotations_summary": "The video shows two boys interacting at a table. The boy on the left is explaining something to the boy on the right, who is wearing a tie-dye hoodie. The boy on the left uses a piece of paper and gestures to emphasize his points. He then interacts with two cylindrical objects on the table, moving one close to the boy on the right's face, which causes the boy on the right to react strongly and eventually appear to faint. The boy on the left tries to support and hug the boy on the right as he slumps forward. A concerned woman in the background approaches as the boy on the right ends up lying on the floor, seemingly unconscious. The boy on the left's actions appear to be out of genuine concern for the boy on the right's well-being."
  }
}