{
  "qid": "1046-7",
  "video_id": "X31PraTwwnE",
  "video_path": "videos\\1046_X31PraTwwnE.mp4",
  "main_question": "Why did the person in the black hat throw the person in the gray T-shirt into the pool?\nA. It was a prank.\nB. They wanted to start a fight.\nC. They believed the person in the gray T-shirt had pushed them in earlier.\nD. They were angry.",
  "sub_questions": "To better understand the video and determine why the person in the black hat threw the person in the gray T-shirt into the pool, consider the following sub-questions:\n\n1. **What was the immediate reaction of the person in the gray T-shirt after being thrown into the pool?**\n   - This can help determine if the action was perceived as a prank or an aggressive act.\n\n2. **Were there any prior interactions between the person in the black hat and the person in the gray T-shirt before the incident?**\n   - This can provide context to see if there was a previous altercation or playful behavior.\n\n3. **How did the bystanders or other people present react to the incident?**\n   - The reactions of others can indicate whether the action was seen as humorous, aggressive, or something else.\n\nThese sub-questions can help gather more information to make an informed decision about the motive behind the action.",
  "annotations": {
    "frame_annotations": [
      {
        "timestamp": 0.0,
        "annotation": "A person in a black hat and black shirt is standing near a pool. Another person in a gray T-shirt and swim trunks is sitting on the edge of the pool."
      },
      {
        "timestamp": 1.0,
        "annotation": "The person in the black hat is approaching the person in the gray T-shirt. No significant change in the position of the person in the gray T-shirt."
      },
      {
        "timestamp": 2.0,
        "annotation": "The person in the black hat is now closer to the person in the gray T-shirt, who is still sitting on the edge of the pool."
      },
      {
        "timestamp": 3.0,
        "annotation": "The person in the black hat is reaching out towards the person in the gray T-shirt, who appears to be looking down."
      },
      {
        "timestamp": 4.0,
        "annotation": "The person in the black hat is pushing the person in the gray T-shirt, who is now losing balance."
      },
      {
        "timestamp": 5.0,
        "annotation": "The person in the gray T-shirt is falling backwards into the pool. The person in the black hat is still pushing."
      },
      {
        "timestamp": 6.0,
        "annotation": "The person in the gray T-shirt is fully in the pool, and the person in the black hat is stepping back."
      },
      {
        "timestamp": 7.0,
        "annotation": "The person in the gray T-shirt is surfacing from the water. The person in the black hat is walking away from the pool."
      },
      {
        "timestamp": 8.0,
        "annotation": "The person in the gray T-shirt is climbing out of the pool. The person in the black hat is no longer in the frame."
      },
      {
        "timestamp": 9.0,
        "annotation": "The person in the gray T-shirt is standing by the pool, looking in the direction the person in the black hat walked off."
      },
      {
        "timestamp": 10.0,
        "annotation": "The person in the gray T-shirt is standing by the pool, looking in the direction the person in the black hat walked off. The person in the black hat is walking away from the pool area."
      },
      {
        "timestamp": 11.0,
        "annotation": "The person in the gray T-shirt continues to stand by the pool, looking in the direction the person in the black hat walked off. The person in the black hat is no longer in the frame."
      },
      {
        "timestamp": 12.0,
        "annotation": "The person in the gray T-shirt remains standing by the pool, looking in the same direction. No significant change from the previous frame."
      },
      {
        "timestamp": 13.0,
        "annotation": "The person in the gray T-shirt is still standing by the pool, looking in the direction the person in the black hat walked off. No significant change from the previous frame."
      },
      {
        "timestamp": 14.0,
        "annotation": "The person in the gray T-shirt continues to stand by the pool, looking in the same direction. No significant change from the previous frame."
      },
      {
        "timestamp": 15.0,
        "annotation": "The person in the gray T-shirt is still standing by the pool, looking in the direction the person in the black hat walked off. No significant change from the previous frame."
      },
      {
        "timestamp": 16.0,
        "annotation": "The person in the gray T-shirt remains standing by the pool, looking in the same direction. No significant change from the previous frame."
      },
      {
        "timestamp": 17.0,
        "annotation": "The person in the black hat re-enters the frame, walking back towards the pool area. The person in the gray T-shirt is still standing by the pool."
      },
      {
        "timestamp": 18.0,
        "annotation": "The person in the black hat is now closer to the pool, walking towards the person in the gray T-shirt. The person in the gray T-shirt is still standing by the pool."
      },
      {
        "timestamp": 19.0,
        "annotation": "The person in the black hat is now very close to the person in the gray T-shirt, appearing to engage with them. The person in the gray T-shirt is still standing by the pool."
      },
      {
        "timestamp": 20.0,
        "annotation": "The person in the black hat is lifting the person in the gray T-shirt off the ground. The person in the gray T-shirt appears to be in mid-air, being carried towards the pool. The person in the black hat is smiling, suggesting a playful intent. The person in the gray T-shirt has a surprised expression. The pool and some lounge chairs are visible in the background."
      },
      {
        "timestamp": 21.0,
        "annotation": "The person in the black hat is in the process of throwing the person in the gray T-shirt into the pool. The person in the gray T-shirt is now fully airborne and closer to the water. The person in the black hat maintains a playful demeanor. The surroundings, including the pool and lounge chairs, remain the same."
      },
      {
        "timestamp": 22.0,
        "annotation": "The person in the black hat has just thrown the person in the gray T-shirt into the pool. The person in the gray T-shirt is now in the water, with their head above the surface. The person in the black hat is standing by the pool's edge, still smiling. The environment, including the pool and lounge chairs, is unchanged."
      }
    ],
    "whole_video_annotation": "The video depicts an interaction between two individuals near a pool. Initially, a person wearing a black hat and black shirt approaches another person sitting on the edge of the pool, who is wearing a gray T-shirt and swim trunks. The person in the black hat pushes the person in the gray T-shirt into the pool. After the person in the gray T-shirt surfaces and climbs out of the pool, the person in the black hat returns and playfully lifts the person in the gray T-shirt off the ground, throwing them back into the pool. The person in the black hat appears to be smiling and acting in a playful manner throughout the interaction.\n\nBased on the description, the most likely reason for the person in the black hat throwing the person in the gray T-shirt into the pool is:\n\nA. It was a prank.",
    "annotations_summary": "### Summary of Frame-Level Descriptions:\n\nThe video shows an interaction between two individuals near a pool. Initially, a person in a black hat and black shirt approaches another person in a gray T-shirt and swim trunks, who is sitting on the edge of the pool. The person in the black hat pushes the person in the gray T-shirt into the pool. After the person in the gray T-shirt surfaces and climbs out, the person in the black hat returns and playfully lifts the person in the gray T-shirt off the ground, throwing them back into the pool. The person in the black hat appears to be smiling and acting in a playful manner throughout the interaction.\n\n### Summary of Video-Level Description:\n\nThe video depicts an interaction between two individuals near a pool. The person in the black hat initially pushes the person in the gray T-shirt into the pool. After the person in the gray T-shirt surfaces and climbs out, the person in the black hat returns and playfully throws the person in the gray T-shirt back into the pool, maintaining a playful demeanor throughout.\n\n### Most Likely Reason:\n\nBased on the descriptions, the most likely reason for the person in the black hat throwing the person in the gray T-shirt into the pool is:\n\nA. It was a prank."
  }
}