{
  "qid": "1046-3",
  "video_id": "X31PraTwwnE",
  "video_path": "videos\\1046_X31PraTwwnE.mp4",
  "main_question": "Was the reason the person in the black hat threw the person in the gray T-shirt into the pool because it was a prank?",
  "sub_questions": "To better understand the video and determine whether the incident was a prank, consider the following sub-questions:\n\n1. **What was the context leading up to the incident?**\n   - Were there any signs of playful behavior or joking around between the person in the black hat and the person in the gray T-shirt before the incident?\n\n2. **How did the person in the gray T-shirt react immediately after being thrown into the pool?**\n   - Did they laugh, smile, or show signs of amusement, which might indicate it was a prank? Or did they appear surprised, angry, or upset?\n\n3. **What was the reaction of bystanders or other people present?**\n   - Did they laugh, cheer, or seem entertained, suggesting it was a lighthearted prank? Or did they appear concerned or shocked, which might indicate a more serious incident?",
  "annotations": {
    "frame_annotations": [
      {
        "timestamp": 0.0,
        "annotation": "A person in a black hat and black shirt is standing near a pool. Another person in a gray T-shirt and swim trunks is sitting on the edge of the pool, looking at the person in the black hat."
      },
      {
        "timestamp": 1.0,
        "annotation": "The person in the black hat is now crouching down, appearing to push the person in the gray T-shirt, who is still sitting on the edge of the pool."
      },
      {
        "timestamp": 2.0,
        "annotation": "The person in the black hat is in mid-air, pushing the person in the gray T-shirt, who is now falling backward into the pool."
      },
      {
        "timestamp": 3.0,
        "annotation": "The person in the black hat has landed on the ground, and the person in the gray T-shirt is fully in the pool, with their upper body visible above the water."
      },
      {
        "timestamp": 4.0,
        "annotation": "The person in the gray T-shirt is now climbing out of the pool, looking back towards the person in the black hat."
      },
      {
        "timestamp": 5.0,
        "annotation": "The person in the gray T-shirt is standing on the edge of the pool, facing the person in the black hat, who is walking away."
      },
      {
        "timestamp": 6.0,
        "annotation": "The person in the gray T-shirt is walking away from the pool, with the person in the black hat no longer in the frame."
      },
      {
        "timestamp": 7.0,
        "annotation": "The person in the gray T-shirt is walking towards a building, with no other individuals visible in the frame."
      },
      {
        "timestamp": 8.0,
        "annotation": "The person in the gray T-shirt is entering a building, with the pool and other individuals no longer visible in the frame."
      },
      {
        "timestamp": 9.0,
        "annotation": "The person in the black hat is visible again, walking back towards the pool area, with other individuals relaxing on lounge chairs."
      },
      {
        "timestamp": 10.0,
        "annotation": "The person in the black hat is visible again, walking back towards the pool area, with other individuals relaxing on lounge chairs."
      },
      {
        "timestamp": 11.0,
        "annotation": "The person in the black hat continues walking towards the pool area. The person in the gray T-shirt is now facing the person in the black hat, seemingly engaged in conversation."
      },
      {
        "timestamp": 12.0,
        "annotation": "The person in the black hat is now closer to the person in the gray T-shirt. The person in the gray T-shirt appears to be smiling and gesturing with his hands."
      },
      {
        "timestamp": 13.0,
        "annotation": "The person in the black hat is now directly in front of the person in the gray T-shirt. The person in the gray T-shirt is still smiling and appears to be in a playful mood."
      },
      {
        "timestamp": 14.0,
        "annotation": "The person in the black hat is now out of frame. The person in the gray T-shirt is still standing in the same spot, looking towards where the person in the black hat was."
      },
      {
        "timestamp": 15.0,
        "annotation": "The person in the black hat re-enters the frame from the side, approaching the person in the gray T-shirt from behind. The person in the gray T-shirt is still facing forward, unaware of the person in the black hat's approach."
      },
      {
        "timestamp": 16.0,
        "annotation": "The person in the black hat is now very close to the person in the gray T-shirt, who is still facing forward. The person in the black hat appears to be preparing to do something."
      },
      {
        "timestamp": 17.0,
        "annotation": "The person in the black hat has grabbed the person in the gray T-shirt from behind. The person in the gray T-shirt looks surprised."
      },
      {
        "timestamp": 18.0,
        "annotation": "The person in the black hat is lifting the person in the gray T-shirt off the ground. The person in the gray T-shirt is now clearly reacting with surprise and possibly laughter."
      },
      {
        "timestamp": 19.0,
        "annotation": "The person in the black hat has thrown the person in the gray T-shirt into the pool. The person in the gray T-shirt is now in mid-air, about to hit the water."
      },
      {
        "timestamp": 20.0,
        "annotation": "The person in the black hat is lifting the person in the gray T-shirt off the ground. The person in the gray T-shirt appears to be in a defensive posture, with their arms raised."
      },
      {
        "timestamp": 21.0,
        "annotation": "The person in the black hat is in the process of throwing the person in the gray T-shirt into the pool. The person in the gray T-shirt is now fully airborne and tilted backward. The person in the black hat is leaning forward, using momentum to throw."
      },
      {
        "timestamp": 22.0,
        "annotation": "The person in the gray T-shirt is now in mid-air, about to hit the water. The person in the black hat is standing upright, having completed the throw. The person in the gray T-shirt's arms are still raised, and their body is tilted backward."
      }
    ],
    "whole_video_annotation": "The video depicts an interaction between two individuals near a pool. The person in the black hat repeatedly pushes the person in the gray T-shirt into the pool. Initially, the person in the black hat crouches down and pushes the person in the gray T-shirt, who falls backward into the pool. Later, after the person in the gray T-shirt climbs out and walks away, the person in the black hat approaches from behind and throws the person in the gray T-shirt into the pool again. The person in the gray T-shirt appears surprised and reacts with laughter and playful gestures, suggesting that the actions might be part of a lighthearted prank or playful interaction.",
    "annotations_summary": "The video shows a playful interaction between two individuals near a pool. The person wearing a black hat repeatedly pushes the person in a gray T-shirt into the pool. Initially, the person in the black hat crouches down and pushes the person in the gray T-shirt, causing them to fall backward into the pool. After the person in the gray T-shirt climbs out and walks away, the person in the black hat approaches from behind and throws them into the pool again. The person in the gray T-shirt reacts with surprise and laughter, indicating that the actions are part of a lighthearted prank."
  }
}