{
  "qid": "1049-0",
  "video_id": "3krczYGxVjE",
  "video_path": "videos\\1049_3krczYGxVjE.mp4",
  "main_question": "What does the person who hits the dog with a slipper while looking at his phone want to express?",
  "sub_questions": "To better understand the video and the main question, consider the following sub-questions:\n\n1. **What is the context or situation leading up to the person hitting the dog with a slipper?**\n   - Understanding the context can provide insights into the person's motivations or emotional state.\n\n2. **How does the dog react to being hit with the slipper?**\n   - The dog's reaction can indicate whether the action is meant to be disciplinary, playful, or something else.\n\n3. **What is the person's facial expression and body language while looking at their phone and hitting the dog?**\n   - Observing the person's non-verbal cues can help determine their intentions and emotions, such as whether they are distracted, annoyed, or something else.\n\nThese sub-questions can help gather more information to interpret the person's actions and intentions accurately.",
  "annotations": {
    "frame_annotations": [
      {
        "timestamp": 0.0,
        "annotation": "A person is holding a smartphone, which is displaying a camera view of a room with a door. The person's thumb is visible on the screen, likely adjusting the camera angle."
      },
      {
        "timestamp": 1.0,
        "annotation": "The camera view on the smartphone now shows a dog lying on a bed. The person's thumb is still visible on the screen. No significant change in the person's hand position."
      },
      {
        "timestamp": 2.0,
        "annotation": "The smartphone screen is now black, indicating that the camera has been turned off or the screen has timed out. No significant change in the person's hand position."
      },
      {
        "timestamp": 3.0,
        "annotation": "The smartphone screen displays a logo, suggesting the phone is either starting up or an app is loading. No significant change in the person's hand position."
      },
      {
        "timestamp": 4.0,
        "annotation": "The person's hand is now holding the smartphone by its side, with the screen facing away from the camera. No significant change in the environment."
      },
      {
        "timestamp": 5.0,
        "annotation": "The view has changed to show a pair of white slippers on a reflective surface, likely a table. The person's hand is visible holding one of the slippers."
      },
      {
        "timestamp": 6.0,
        "annotation": "The perspective has shifted to show the slippers from a different angle, possibly indicating movement. The person's hand is still holding one of the slippers."
      },
      {
        "timestamp": 7.0,
        "annotation": "The view is now focused on the dog lying on the bed. The dog appears to be looking down at the edge of the bed."
      },
      {
        "timestamp": 8.0,
        "annotation": "The dog is still lying on the bed, but its head is slightly raised, and it seems to be looking at something off-frame. No significant change in the dog's position."
      },
      {
        "timestamp": 9.0,
        "annotation": "The dog is seen jumping off the bed towards the slippers. This is a noticeable change from the previous frame, indicating an action is about to occur."
      },
      {
        "timestamp": 10.0,
        "annotation": "The dog is seen jumping off the bed towards the slippers. This is a noticeable change from the previous frame, indicating an action is about to occur."
      },
      {
        "timestamp": 11.0,
        "annotation": "The dog continues to jump off the bed, moving closer to the slippers. The person is still lying on the bed, looking at their phone."
      },
      {
        "timestamp": 12.0,
        "annotation": "The dog is now closer to the slippers, appearing to be in mid-air. The person remains focused on their phone."
      },
      {
        "timestamp": 13.0,
        "annotation": "The dog lands near the slippers, seemingly interested in them. The person is still engrossed in their phone."
      },
      {
        "timestamp": 14.0,
        "annotation": "The dog starts to interact with the slippers, possibly nudging them with its paw. The person does not react, continuing to look at their phone."
      },
      {
        "timestamp": 15.0,
        "annotation": "The dog appears to be playfully biting one of the slippers. The person remains unmoved, still looking at their phone."
      },
      {
        "timestamp": 16.0,
        "annotation": "The dog is seen pulling at the slipper with its mouth. The person finally looks up from their phone, noticing the dog's actions."
      },
      {
        "timestamp": 17.0,
        "annotation": "The person reaches for a slipper with their free hand while still holding the phone with the other hand. The dog continues to play with the slipper."
      },
      {
        "timestamp": 18.0,
        "annotation": "The person swings the slipper towards the dog, making contact. The dog reacts to being hit, showing a brief moment of surprise or discomfort."
      },
      {
        "timestamp": 19.0,
        "annotation": "The dog moves away from the person, appearing to be startled by the action. The person goes back to looking at their phone, seemingly unfazed by the incident."
      },
      {
        "timestamp": 20.0,
        "annotation": "The person is lying in bed, looking at their phone. They appear to be relaxed and focused on the device."
      },
      {
        "timestamp": 21.0,
        "annotation": "The person continues to lie in bed, still engrossed in their phone. No significant change from the previous frame."
      },
      {
        "timestamp": 22.0,
        "annotation": "The person is still lying in bed, looking at their phone. Their posture remains unchanged."
      },
      {
        "timestamp": 23.0,
        "annotation": "The person is lying in bed, still using their phone. There is no noticeable change in their position or activity."
      },
      {
        "timestamp": 24.0,
        "annotation": "The person remains in bed, continuing to use their phone. No significant changes are observed."
      },
      {
        "timestamp": 25.0,
        "annotation": "The person is still lying in bed, looking at their phone. Their posture and activity remain consistent with previous frames."
      },
      {
        "timestamp": 26.0,
        "annotation": "The person continues to lie in bed, engrossed in their phone. No noticeable changes from the previous frame."
      },
      {
        "timestamp": 27.0,
        "annotation": "The person is still lying in bed, using their phone. Their position and activity remain the same."
      },
      {
        "timestamp": 28.0,
        "annotation": "The person remains in bed, continuing to use their phone. No significant changes are observed."
      },
      {
        "timestamp": 29.0,
        "annotation": "The person is still lying in bed, looking at their phone. Their posture and activity remain consistent with previous frames."
      },
      {
        "timestamp": 30.0,
        "annotation": "The person is lying in bed, looking at their phone. Their posture and activity remain consistent with previous frames."
      },
      {
        "timestamp": 31.0,
        "annotation": "The person is still lying in bed, looking at their phone. Their posture and activity remain consistent with previous frames."
      },
      {
        "timestamp": 32.0,
        "annotation": "The person is still lying in bed, looking at their phone. Their posture and activity remain consistent with previous frames."
      },
      {
        "timestamp": 33.0,
        "annotation": "The person is still lying in bed, looking at their phone. Their posture and activity remain consistent with previous frames."
      },
      {
        "timestamp": 34.0,
        "annotation": "The person is still lying in bed, looking at their phone. Their posture and activity remain consistent with previous frames."
      },
      {
        "timestamp": 35.0,
        "annotation": "The person is still lying in bed, looking at their phone. Their posture and activity remain consistent with previous frames."
      },
      {
        "timestamp": 36.0,
        "annotation": "The person is still lying in bed, looking at their phone. Their posture and activity remain consistent with previous frames. A slipper is seen flying towards the dog."
      }
    ],
    "whole_video_annotation": "The video depicts a person lying in bed, engrossed in their smartphone. Initially, the person uses the smartphone to view a room and a dog lying on the bed. The dog becomes interested in a pair of white slippers on a nearby surface and starts to interact with them playfully. The person, still focused on their phone, does not immediately react to the dog's actions. However, when the dog continues to engage with the slippers, the person briefly looks up, swings one of the slippers towards the dog, and makes contact. The dog appears startled and moves away. The person then returns to looking at their phone, seemingly unfazed by the incident.\n\nRegarding the question of what the person wants to express by hitting the dog with a slipper while looking at their phone, it is challenging to determine their exact intentions from the video alone. However, the action could be interpreted as an attempt to:\n1. **Deter the dog from playing with the slippers**: The person might want to stop the dog from damaging or dirtying the slippers.\n2. **Redirect the dog's attention**: The person could be trying to get the dog to stop focusing on the slippers and engage in another activity.\n3. **Express frustration or annoyance**: The person might be annoyed by the dog's behavior and is using the slipper as a means to express displeasure.\n\nWithout additional context or knowledge of the person's intentions, these interpretations remain speculative.",
    "annotations_summary": "The video shows a person lying in bed, engrossed in their smartphone. Initially, the person uses the phone to view a room and a dog lying on the bed. The dog becomes interested in a pair of white slippers on a nearby surface and starts to play with them. The person, still focused on their phone, does not immediately react to the dog's actions. However, when the dog continues to engage with the slippers, the person briefly looks up, swings one of the slippers towards the dog, and makes contact. The dog appears startled and moves away. The person then returns to looking at their phone, seemingly unfazed by the incident.\n\nThe frame-level descriptions detail the sequence of events:\n- The person adjusts the camera view on their smartphone to show the room and the dog.\n- The dog jumps off the bed and interacts with the slippers.\n- The person finally notices the dog's actions and swings a slipper towards the dog.\n- The dog reacts to being hit and moves away.\n- The person returns to using their phone, showing no further reaction to the dog.\n\nThe video-level description summarizes the overall scene and the person's actions, highlighting the interaction between the person and the dog over the slippers. The person's intentions for hitting the dog with a slipper are speculative and could include deterring the dog from playing with the slippers, redirecting the dog's attention, or expressing frustration."
  }
}