{
  "qid": "1055-1",
  "video_id": "7Xofsx0XAaM",
  "video_path": "videos\\1055_7Xofsx0XAaM.mp4",
  "main_question": "What is the educational or insightful takeaway from this video?",
  "sub_questions": "To better understand the video and extract the educational or insightful takeaway, consider the following sub-questions:\n\n1. **What is the central theme or topic discussed in the video?**\n   - Understanding the main subject will help focus on the key points and insights presented.\n\n2. **Who is the speaker or presenter, and what is their background or expertise on the topic?**\n   - Knowing the speaker's credentials can provide context and validate the insights shared in the video.\n\n3. **What are the key arguments, evidence, or examples presented to support the main ideas?**\n   - Identifying the supporting points will help in comprehending the educational takeaway and evaluating the information presented.",
  "annotations": {
    "frame_annotations": [
      {
        "timestamp": 10.0,
        "annotation": "A person is lying on a couch with their eyes closed. Another person is standing over them, appearing to perform a procedure or demonstration. A third person is partially visible, observing the scene."
      },
      {
        "timestamp": 11.0,
        "annotation": "The person standing over the one lying down appears to be adjusting something near their mouth or nose. The person lying down remains still with their eyes closed. No significant change in the positions of the other individuals."
      },
      {
        "timestamp": 12.0,
        "annotation": "The person standing continues to work near the mouth or nose of the person lying down. The person lying down is still motionless with their eyes closed. The observer in the background remains unchanged."
      },
      {
        "timestamp": 13.0,
        "annotation": "The scene cuts to a different individual, a young man with blonde hair, wearing a pink t-shirt. He is covering his mouth with his hand, appearing surprised or shocked. The background is a bright red wall."
      },
      {
        "timestamp": 14.0,
        "annotation": "The young man in the pink t-shirt continues to cover his mouth, looking shocked or surprised. His expression and body language suggest he is reacting to something unexpected."
      }
    ],
    "whole_video_annotation": "The video appears to depict a sequence of events involving two distinct scenes:\n\n1. **First Scene (Frames 0-2):**\n   - A person is lying on a couch with their eyes closed, seemingly unconscious or in a state of deep relaxation.\n   - Another person is standing over them, performing a procedure or demonstration near their mouth or nose.\n   - A third person is observing the scene from the background.\n\n2. **Second Scene (Frames 3-4):**\n   - The scene shifts to a young man with blonde hair, wearing a pink t-shirt.\n   - He is covering his mouth with his hand, appearing surprised or shocked.\n   - His expression and body language suggest he is reacting to something unexpected.\n\n### Educational or Insightful Takeaway:\nThe video seems to illustrate a scenario that could be related to medical training or a demonstration of a procedure, possibly involving respiratory support or anesthesia. The reaction of the young man in the second scene might be a response to witnessing the procedure for the first time, highlighting the emotional impact of medical demonstrations or the importance of preparedness in medical training.\n\nThis sequence could be used to discuss the following points:\n- **Medical Procedures:** The importance of proper technique and safety in performing medical procedures.\n- **Emotional Reactions:** The psychological impact of witnessing medical procedures, especially for those new to the field.\n- **Observational Learning:** The value of observation in medical training and the need for trainees to be prepared for the emotional and practical challenges they may encounter.",
    "annotations_summary": "The video consists of two distinct scenes:\n\n1. **First Scene (0-12 seconds):**\n   - A person lies on a couch with their eyes closed, seemingly unconscious or deeply relaxed.\n   - Another person stands over them, performing a procedure or demonstration near their mouth or nose.\n   - A third person observes the scene from the background.\n   - The procedure involves adjustments near the mouth or nose, with the person lying down remaining still throughout.\n\n2. **Second Scene (13-14 seconds):**\n   - The scene shifts to a young man with blonde hair, wearing a pink t-shirt.\n   - He covers his mouth with his hand, appearing surprised or shocked.\n   - His expression and body language suggest he is reacting to something unexpected, possibly the procedure witnessed in the first scene.\n\nThe video likely illustrates a medical training scenario, highlighting the importance of proper technique in medical procedures and the emotional impact of witnessing such procedures, especially for those new to the field."
  }
}