{
  "qid": "1075-1",
  "video_id": "GfygSdVWewQ",
  "video_path": "videos\\1075_GfygSdVWewQ.mp4",
  "main_question": "What is the purpose of splicing together shots of this ordinary man and Spider-Man in the video?",
  "sub_questions": "To better understand the video and the purpose of splicing together shots of an ordinary man and Spider-Man, consider the following sub-questions:\n\n1. **What is the context or narrative of the video?**\n   - Understanding the overall story or message of the video can provide insight into why these specific shots are included and how they contribute to the narrative.\n\n2. **How are the shots of the ordinary man and Spider-Man edited together?**\n   - Examining the editing techniques used, such as transitions, pacing, and juxtaposition, can reveal the intended emotional or thematic connections between the two characters.\n\n3. **What are the visual and auditory elements accompanying these shots?**\n   - Analyzing the use of music, sound effects, lighting, and camera angles can help determine the mood and purpose behind splicing these shots together, such as creating contrast, emphasizing similarities, or conveying a specific message.",
  "annotations": {
    "frame_annotations": [
      {
        "timestamp": 0.0,
        "annotation": "A man in a suit is standing in a crowded room, holding a drink. He appears to be at a formal event with many people around him."
      },
      {
        "timestamp": 1.0,
        "annotation": "The man is now reaching out towards a tray of food or drinks being offered by a server. The crowd is still visible in the background."
      },
      {
        "timestamp": 2.0,
        "annotation": "The man is now looking at his reflection in a glass door or window. The background is blurred, focusing on his facial expression."
      },
      {
        "timestamp": 3.0,
        "annotation": "The man is seen from a side angle, still looking at his reflection. His hand is visible, suggesting he might be adjusting his tie or suit."
      },
      {
        "timestamp": 4.0,
        "annotation": "The man is now outside, standing in front of a flower arrangement. He appears to be at an outdoor event, possibly a wedding or a similar occasion."
      },
      {
        "timestamp": 5.0,
        "annotation": "The man is holding a bouquet of white flowers. He seems to be looking at something or someone off-camera."
      },
      {
        "timestamp": 6.0,
        "annotation": "An older woman is now visible, interacting with the man. She is holding a similar bouquet of flowers."
      },
      {
        "timestamp": 7.0,
        "annotation": "The man is still holding the bouquet, looking slightly to his left. The older woman is no longer in the frame."
      },
      {
        "timestamp": 8.0,
        "annotation": "The man is seen from a slightly different angle, still holding the bouquet. His expression appears thoughtful or contemplative."
      },
      {
        "timestamp": 9.0,
        "annotation": "A woman is now visible in the background, seemingly engaging with the man. The man is still holding the bouquet."
      },
      {
        "timestamp": 10.0,
        "annotation": "A man is walking outdoors, wearing a gray vest over a black shirt. He appears to be looking down and walking casually. There is no noticeable change from the previous frame as no previous frame was provided."
      },
      {
        "timestamp": 11.0,
        "annotation": "The man continues to walk outdoors. His posture and expression remain similar to the previous frame. There is no noticeable change from the previous frame."
      },
      {
        "timestamp": 12.0,
        "annotation": "The man is still walking outdoors. His expression and posture are consistent with the previous frames. There is no noticeable change from the previous frame."
      },
      {
        "timestamp": 13.0,
        "annotation": "The man is seen from a lower angle, looking down. His expression and posture are consistent with the previous frames. There is no noticeable change from the previous frame."
      },
      {
        "timestamp": 14.0,
        "annotation": "The man is walking outdoors, and his face is more visible. His expression and posture are consistent with the previous frames. There is no noticeable change from the previous frame."
      },
      {
        "timestamp": 15.0,
        "annotation": "The man is walking outdoors, and his face is more visible. His expression and posture are consistent with the previous frames. There is no noticeable change from the previous frame."
      },
      {
        "timestamp": 16.0,
        "annotation": "The man is walking outdoors, and his face is more visible. His expression and posture are consistent with the previous frames. There is no noticeable change from the previous frame."
      },
      {
        "timestamp": 17.0,
        "annotation": "The man is walking outdoors, and his face is more visible. His expression and posture are consistent with the previous frames. There is no noticeable change from the previous frame."
      },
      {
        "timestamp": 18.0,
        "annotation": "The man is walking outdoors, and his face is more visible. His expression and posture are consistent with the previous frames. There is no noticeable change from the previous frame."
      },
      {
        "timestamp": 19.0,
        "annotation": "The man is walking outdoors, and his face is more visible. His expression and posture are consistent with the previous frames. There is no noticeable change from the previous frame."
      },
      {
        "timestamp": 20.0,
        "annotation": "The man is walking outdoors, and his face is more visible. His expression and posture are consistent with the previous frames. There is no noticeable change from the previous frame."
      },
      {
        "timestamp": 21.0,
        "annotation": "The man continues walking outdoors. His expression and posture remain the same. There is no noticeable change from the previous frame."
      },
      {
        "timestamp": 22.0,
        "annotation": "The man is still walking outdoors. His expression and posture are consistent with the previous frames. There is no noticeable change from the previous frame."
      },
      {
        "timestamp": 23.0,
        "annotation": "The man is walking outdoors. His expression and posture are the same as in the previous frames. There is no noticeable change from the previous frame."
      },
      {
        "timestamp": 24.0,
        "annotation": "The man is walking outdoors. His expression and posture remain consistent. There is no noticeable change from the previous frame."
      },
      {
        "timestamp": 25.0,
        "annotation": "The man is walking outdoors. His expression and posture are the same as in the previous frames. There is no noticeable change from the previous frame."
      },
      {
        "timestamp": 26.0,
        "annotation": "The man is walking outdoors. His expression and posture remain consistent. There is no noticeable change from the previous frame."
      },
      {
        "timestamp": 27.0,
        "annotation": "The man is walking outdoors. His expression and posture are the same as in the previous frames. There is no noticeable change from the previous frame."
      },
      {
        "timestamp": 28.0,
        "annotation": "The man is walking outdoors. His expression and posture remain consistent. There is no noticeable change from the previous frame."
      },
      {
        "timestamp": 29.0,
        "annotation": "The man is walking outdoors. His expression and posture are the same as in the previous frames. There is no noticeable change from the previous frame."
      },
      {
        "timestamp": 40.0,
        "annotation": "The man is walking outdoors. His expression and posture are the same as in the previous frames. There is no noticeable change from the previous frame."
      },
      {
        "timestamp": 41.0,
        "annotation": "The man is walking outdoors. His expression and posture are the same as in the previous frames. There is no noticeable change from the previous frame."
      },
      {
        "timestamp": 42.0,
        "annotation": "The man is walking outdoors. His expression and posture are the same as in the previous frames. There is no noticeable change from the previous frame."
      },
      {
        "timestamp": 43.0,
        "annotation": "The man is walking outdoors. His expression and posture are the same as in the previous frames. There is no noticeable change from the previous frame."
      },
      {
        "timestamp": 44.0,
        "annotation": "The man is walking outdoors. His expression and posture are the same as in the previous frames. There is no noticeable change from the previous frame."
      },
      {
        "timestamp": 45.0,
        "annotation": "The man is walking outdoors. His expression and posture are the same as in the previous frames. There is no noticeable change from the previous frame."
      },
      {
        "timestamp": 46.0,
        "annotation": "The man is walking outdoors. His expression and posture are the same as in the previous frames. There is no noticeable change from the previous frame."
      },
      {
        "timestamp": 47.0,
        "annotation": "The man is walking outdoors. His expression and posture are the same as in the previous frames. There is no noticeable change from the previous frame."
      },
      {
        "timestamp": 48.0,
        "annotation": "The man is walking outdoors. His expression and posture are the same as in the previous frames. There is no noticeable change from the previous frame."
      },
      {
        "timestamp": 49.0,
        "annotation": "The man is walking outdoors. His expression and posture are the same as in the previous frames. There is no noticeable change from the previous frame."
      },
      {
        "timestamp": 50.0,
        "annotation": "The man is walking outdoors. His expression and posture are the same as in the previous frames. There is no noticeable change from the previous frame."
      },
      {
        "timestamp": 51.0,
        "annotation": "The man continues walking outdoors. His expression and posture remain unchanged. There is no noticeable change from the previous frame."
      },
      {
        "timestamp": 52.0,
        "annotation": "The man is still walking outdoors. His expression and posture are consistent with the previous frames. There is no noticeable change from the previous frame."
      },
      {
        "timestamp": 53.0,
        "annotation": "The man is walking outdoors. His expression and posture are the same as in the previous frames. There is no noticeable change from the previous frame."
      },
      {
        "timestamp": 54.0,
        "annotation": "The man is walking outdoors. His expression and posture remain unchanged. There is no noticeable change from the previous frame."
      },
      {
        "timestamp": 55.0,
        "annotation": "The man is walking outdoors. His expression and posture are consistent with the previous frames. There is no noticeable change from the previous frame."
      },
      {
        "timestamp": 56.0,
        "annotation": "The man is walking outdoors. His expression and posture remain the same. There is no noticeable change from the previous frame."
      },
      {
        "timestamp": 57.0,
        "annotation": "The man is walking outdoors. His expression and posture are unchanged. There is no noticeable change from the previous frame."
      },
      {
        "timestamp": 58.0,
        "annotation": "The man is walking outdoors. His expression and posture remain consistent with the previous frames. There is no noticeable change from the previous frame."
      },
      {
        "timestamp": 59.0,
        "annotation": "The man is walking outdoors. His expression and posture are the same as in the previous frames. There is no noticeable change from the previous frame."
      },
      {
        "timestamp": 60.0,
        "annotation": "The man continues walking outdoors. His expression and posture remain consistent with the previous frames. There is no noticeable change from the previous frame."
      }
    ],
    "whole_video_annotation": "The video appears to be a sequence of two distinct parts:\n\n1. **First Part (Frames 0-9, 0.00 to 9.00 seconds):**\n   - The video starts with a man in a suit at a formal event. He interacts with his surroundings, including reaching for food or drinks, adjusting his attire, and engaging with other people, including an older woman and another woman in the background. He is seen holding a bouquet of white flowers, suggesting he might be at a wedding or a similar occasion.\n\n2. **Second Part (Frames 10-50, 10.00 to 60.00 seconds):**\n   - The video then shifts to a man walking outdoors, wearing a gray vest over a black shirt. This segment is repetitive, showing the man walking with a consistent expression and posture for an extended period.\n\nRegarding the user's question about splicing together shots of this ordinary man and Spider-Man, it seems there might be a misunderstanding or missing context. Based on the provided frames, there is no mention or depiction of Spider-Man in the video. The video solely features the man in the suit and the man walking outdoors. If the user is referring to a different part of the video or another context, please provide additional details or frames for a more accurate analysis.",
    "annotations_summary": "The video consists of two distinct parts:\n\n1. **First Part (0.00 to 9.00 seconds):**\n   - A man in a suit is at a formal event, likely a wedding. He interacts with his surroundings, including reaching for food or drinks, adjusting his tie, and engaging with other people. He holds a bouquet of white flowers and is seen interacting with an older woman and another woman in the background.\n\n2. **Second Part (10.00 to 60.00 seconds):**\n   - The video shifts to a man walking outdoors, wearing a gray vest over a black shirt. This segment is repetitive, showing the man walking with a consistent expression and posture for an extended period. There is no mention or depiction of Spider-Man in the video."
  }
}