{
  "qid": "1081-3",
  "video_id": "erlagkVhNDI",
  "video_path": "videos\\1081_erlagkVhNDI.mp4",
  "main_question": "Does the little green brick in the video represent grass?",
  "sub_questions": "To better understand whether the little green brick in the video represents grass, consider the following sub-questions:\n\n1. **What is the context or setting of the video?**\n   - Is the video set in a natural environment, a construction site, a children's play area, or something else? The context can provide clues about the intended meaning of the green brick.\n\n2. **Are there any other visual elements or objects in the video that interact with the green brick?**\n   - For example, does the green brick appear alongside other bricks of different colors, or is it used in a way that suggests it is part of a larger structure or scene? This can help determine if the green brick is meant to symbolize grass or serve another purpose.\n\n3. **Is there any text or narration in the video that describes the green brick?**\n   - Sometimes, accompanying text or narration can explicitly explain the significance of objects within the video, providing clear context for the green brick's representation.",
  "annotations": {
    "frame_annotations": [
      {
        "timestamp": 0.0,
        "annotation": "A person is holding a black LEGO piece in front of a colorful background with various LEGO sets and minifigures. The person is wearing a blue shirt with a LEGO logo and a lanyard."
      },
      {
        "timestamp": 1.0,
        "annotation": "The person is tilting the black LEGO piece slightly to the left, showing more of its interior. The background remains the same."
      },
      {
        "timestamp": 2.0,
        "annotation": "The person is now tilting the black LEGO piece to the right, revealing more details of its structure. The background is unchanged."
      },
      {
        "timestamp": 3.0,
        "annotation": "The person is holding the black LEGO piece with both hands, starting to pull it apart to show its internal components. The background stays the same."
      },
      {
        "timestamp": 4.0,
        "annotation": "The black LEGO piece is being pulled further apart, revealing more of its inner structure. The background is consistent."
      },
      {
        "timestamp": 5.0,
        "annotation": "The person is now holding the two separated parts of the black LEGO piece, showing the pink and white interior. The background remains unchanged."
      },
      {
        "timestamp": 6.0,
        "annotation": "The person is smiling and looking at the camera while holding the two separated parts of the black LEGO piece. The background is the same."
      },
      {
        "timestamp": 7.0,
        "annotation": "The person is tilting the separated parts of the black LEGO piece to the left, showing different angles of the interior. The background is consistent."
      },
      {
        "timestamp": 8.0,
        "annotation": "The person is tilting the separated parts of the black LEGO piece to the right, providing another view of the interior. The background remains the same."
      },
      {
        "timestamp": 9.0,
        "annotation": "The person is holding the two separated parts of the black LEGO piece together again, showing how they fit. The background is unchanged."
      },
      {
        "timestamp": 10.0,
        "annotation": "The person is holding the two separated parts of the black LEGO piece together again, showing how they fit. The background is unchanged."
      },
      {
        "timestamp": 11.0,
        "annotation": "The person is still holding the two parts of the black LEGO piece together. The background remains the same."
      },
      {
        "timestamp": 12.0,
        "annotation": "The person is now opening the mouth of the black LEGO piece, revealing the interior details. The background is unchanged."
      },
      {
        "timestamp": 13.0,
        "annotation": "The person is using a tool to point at or adjust something inside the black LEGO piece. The background remains the same."
      },
      {
        "timestamp": 14.0,
        "annotation": "The person is continuing to use the tool inside the black LEGO piece, possibly removing or inserting a small part. The background is unchanged."
      },
      {
        "timestamp": 15.0,
        "annotation": "The person is still working inside the black LEGO piece with the tool. The background remains the same."
      },
      {
        "timestamp": 16.0,
        "annotation": "The person is removing a small white LEGO piece from the black LEGO piece. The background is unchanged."
      },
      {
        "timestamp": 17.0,
        "annotation": "The person is holding up a small clear container filled with green LEGO pieces. The background remains the same."
      },
      {
        "timestamp": 18.0,
        "annotation": "The person is placing the small white LEGO piece back into the black LEGO piece. The background is unchanged."
      },
      {
        "timestamp": 19.0,
        "annotation": "The person is closing the mouth of the black LEGO piece. The background remains the same."
      },
      {
        "timestamp": 20.0,
        "annotation": "The person is holding a black LEGO piece with sharp teeth. The background shows a wooden surface and colorful LEGO storage bins."
      },
      {
        "timestamp": 21.0,
        "annotation": "The person is holding a black LEGO piece with sharp teeth. The background remains the same. No noticeable change from the previous frame."
      },
      {
        "timestamp": 22.0,
        "annotation": "The person is holding a black LEGO piece with sharp teeth. The background remains the same. No noticeable change from the previous frame."
      },
      {
        "timestamp": 23.0,
        "annotation": "The person is holding a black LEGO piece with sharp teeth. The background remains the same. No noticeable change from the previous frame."
      },
      {
        "timestamp": 24.0,
        "annotation": "The person is holding a black LEGO piece with sharp teeth. The background remains the same. No noticeable change from the previous frame."
      },
      {
        "timestamp": 25.0,
        "annotation": "The person is holding a black LEGO piece with sharp teeth. The background remains the same. No noticeable change from the previous frame."
      },
      {
        "timestamp": 26.0,
        "annotation": "The person is holding a black LEGO piece with sharp teeth. The background remains the same. No noticeable change from the previous frame."
      },
      {
        "timestamp": 27.0,
        "annotation": "The person is holding a black LEGO piece with sharp teeth. The background remains the same. No noticeable change from the previous frame."
      },
      {
        "timestamp": 28.0,
        "annotation": "The person is holding a black LEGO piece with sharp teeth. The background remains the same. No noticeable change from the previous frame."
      },
      {
        "timestamp": 29.0,
        "annotation": "The person is holding a black LEGO piece with sharp teeth. The background remains the same. No noticeable change from the previous frame."
      },
      {
        "timestamp": 30.0,
        "annotation": "The person is holding a black LEGO piece with sharp teeth above a LEGO mouth structure. The background remains the same. No noticeable change from the previous frame."
      },
      {
        "timestamp": 31.0,
        "annotation": "The person is inserting the black LEGO piece with sharp teeth into the LEGO mouth structure. The background remains the same. The black piece is now partially inside the mouth."
      }
    ],
    "whole_video_annotation": "In the video, a person is demonstrating and disassembling a black LEGO piece, likely a minifigure head, in front of a colorful background filled with various LEGO sets and minifigures. The person is wearing a blue shirt with a LEGO logo and a lanyard. Throughout the video, the individual tilts, pulls apart, and reassembles the black LEGO piece, showing its internal components and using a tool to adjust or remove small parts inside. Additionally, the person holds up a small clear container filled with green LEGO pieces, which are likely used for building or assembling other LEGO structures.\n\nRegarding the specific question about the little green brick: Based on the description, the green LEGO pieces in the clear container are not explicitly identified as representing grass. They could be used for various purposes in LEGO construction, such as building landscapes, trees, or other elements. Without additional context, it is not possible to definitively say that the green bricks represent grass.",
    "annotations_summary": "### Summary of the Video Descriptions\n\n**Frame-Level Descriptions:**\nThe video shows a person interacting with a black LEGO piece, likely a minifigure head, in front of a colorful background filled with various LEGO sets and minifigures. The person, wearing a blue shirt with a LEGO logo and a lanyard, performs the following actions:\n\n1. **Initial Examination (0.0s - 2.0s):** The person holds and tilts the black LEGO piece to show its interior.\n2. **Disassembly (3.0s - 5.0s):** The person pulls the black LEGO piece apart to reveal its internal components, showing the pink and white interior.\n3. **Demonstration (6.0s - 11.0s):** The person tilts and holds the separated parts, showing how they fit together.\n4. **Internal Adjustments (12.0s - 19.0s):** The person opens the mouth of the black LEGO piece, uses a tool to adjust or remove small parts, and then closes the mouth.\n5. **Green LEGO Pieces (17.0s):** The person holds up a small clear container filled with green LEGO pieces.\n6. **Reassembly (20.0s - 31.0s):** The person holds a black LEGO piece with sharp teeth and inserts it into a LEGO mouth structure.\n\n**Video-Level Description:**\nThe video demonstrates the disassembly and reassembly of a black LEGO piece, likely a minifigure head. The person tilts, pulls apart, and reassembles the piece, showing its internal components and using a tool to adjust or remove small parts inside. Additionally, the person holds up a small clear container filled with green LEGO pieces, which could be used for various building purposes.\n\n**Specific Note on Green LEGO Pieces:**\nThe green LEGO pieces in the clear container are not explicitly identified as representing grass. They could be used for various purposes in LEGO construction, such as building landscapes, trees, or other elements."
  }
}