{
  "qid": "1087-2",
  "video_id": "v93w7cXDNC0",
  "video_path": "videos\\1087_v93w7cXDNC0.mp4",
  "main_question": "Is it true that the circle on the left does not actually move, despite appearing to shift due to the arrow's direction?",
  "sub_questions": "To better understand the video and the main question, consider the following sub-questions:\n\n1. **What is the visual context of the video?**\n   - Describe the elements in the video, such as the circle on the left, the arrow, and any other relevant objects or movements.\n\n2. **How is the arrow's direction depicted in the video?**\n   - Explain the arrow's movement or direction and how it relates to the circle on the left. Is the arrow pointing towards, away from, or around the circle?\n\n3. **Are there any other visual cues or elements that might influence the perception of movement?**\n   - Identify any additional visual elements, such as background movement, other objects, or optical illusions, that could affect the perception of the circle's movement.",
  "annotations": {
    "frame_annotations": [
      {
        "timestamp": 0.0,
        "annotation": "The image shows a person wearing a beanie and a black jacket. Above the person, there are two colorful circular graphics with arrows pointing to the right. The text 'THIS' is displayed below the graphics."
      },
      {
        "timestamp": 1.0,
        "annotation": "The image is similar to the previous frame, but the text below the graphics has changed to 'FREAK'."
      },
      {
        "timestamp": 2.0,
        "annotation": "The arrows in both circular graphics have changed direction and are now pointing to the left. The text below has changed to 'THESE'."
      },
      {
        "timestamp": 3.0,
        "annotation": "The arrows in both circular graphics have changed direction and are now pointing downwards. The text below has changed to 'TO'."
      },
      {
        "timestamp": 4.0,
        "annotation": "The arrows in both circular graphics have changed direction and are now pointing upwards. The text below has changed to 'DIRECTION'."
      },
      {
        "timestamp": 5.0,
        "annotation": "The arrows in both circular graphics have changed direction and are now pointing downwards again. The text below has changed to 'ARE'."
      },
      {
        "timestamp": 6.0,
        "annotation": "The arrows in both circular graphics have changed direction and are now pointing to the left (left circle) and to the right (right circle). The text below has changed to 'NOW'."
      },
      {
        "timestamp": 7.0,
        "annotation": "The arrows in both circular graphics have changed direction and are now pointing to the right. The text below has changed to 'OVER'."
      },
      {
        "timestamp": 8.0,
        "annotation": "The arrows in both circular graphics have changed direction and are now pointing upwards. The text below has changed to 'AND'."
      },
      {
        "timestamp": 9.0,
        "annotation": "The arrows in both circular graphics have changed direction and are now pointing downwards. The text below has changed to 'THERE'."
      },
      {
        "timestamp": 10.0,
        "annotation": "The arrows in both circular graphics are pointing downwards. The text below has changed to 'MOVING'."
      },
      {
        "timestamp": 11.0,
        "annotation": "The arrows in both circular graphics have changed to small arrows pointing in various directions. The text below has changed to 'WAS'."
      },
      {
        "timestamp": 12.0,
        "annotation": "The arrows in both circular graphics remain as small arrows pointing in various directions. The text below has changed to 'THEY'."
      },
      {
        "timestamp": 13.0,
        "annotation": "The arrows in both circular graphics remain as small arrows pointing in various directions. The text below has changed to 'CAN'."
      },
      {
        "timestamp": 14.0,
        "annotation": "The arrows in both circular graphics remain as small arrows pointing in various directions. The text below has changed to 'THEY'."
      },
      {
        "timestamp": 15.0,
        "annotation": "The arrows in both circular graphics remain as small arrows pointing in various directions. The text below has changed to 'YOU!'."
      }
    ],
    "whole_video_annotation": "The video appears to be a visual representation of changing directions and movement, possibly illustrating a concept related to attention, focus, or control. Here's a general description of what is happening:\n\nThe video features a person wearing a beanie and a black jacket, with two colorful circular graphics above them. Throughout the video, the arrows within these circles change direction, and corresponding text appears below the graphics. The arrows point in various directions (right, left, down, up, and in multiple directions), and the text seems to form a sentence as the video progresses. The final text reads: \"THIS FREAK THESE TO DIRECTION ARE NOW OVER AND THERE MOVING WAS THEY CAN THEY YOU!\"\n\nRegarding the specific question about the circle on the left not actually moving: Based on the descriptions provided, the circles themselves do not appear to move; rather, the arrows within the circles change direction. The perception of movement is likely due to the changing direction of the arrows, not the circles themselves.",
    "annotations_summary": "The video features a person wearing a beanie and a black jacket, with two colorful circular graphics above them. Throughout the video, the arrows within these circles change direction, and corresponding text appears below the graphics. The arrows point in various directions (right, left, down, up, and in multiple directions), and the text forms a sentence as the video progresses. The final text reads: \"THIS FREAK THESE TO DIRECTION ARE NOW OVER AND THERE MOVING WAS THEY CAN THEY YOU!\"\n\nThe circles themselves do not move; instead, the arrows within them change direction, creating the perception of movement. The video seems to illustrate concepts related to changing directions and movement, possibly emphasizing attention, focus, or control."
  }
}