{
  "qid": "1091-7",
  "video_id": "1BW-MQMdTRQ",
  "video_path": "videos\\1091_1BW-MQMdTRQ.mp4",
  "main_question": "How many people can be identified in the last video?\nA. One\nB. Three\nC. Four\nD. Two",
  "sub_questions": "To better understand the video and determine the number of people that can be identified, consider the following sub-questions:\n\n1. **Can you describe the scenes or key moments in the video where people appear?**\n   - This will help identify the contexts in which individuals are present.\n\n2. **Are there any clear shots or close-ups of the individuals in the video?**\n   - This can help in confirming the number of distinct people visible.\n\n3. **Do any of the individuals in the video have distinguishing features or are they engaged in activities that make them easily identifiable?**\n   - This can aid in counting unique individuals rather than multiple appearances of the same person.",
  "annotations": {
    "frame_annotations": [
      {
        "timestamp": 0.0,
        "annotation": "A woman in a white dress is sitting on a bench, reading a book. She is under an archway with greenery and trees in the background. There is a figure standing to her right, holding a book."
      },
      {
        "timestamp": 1.0,
        "annotation": "No noticeable change from the previous frame. The woman continues reading, and the figure stands by her side."
      },
      {
        "timestamp": 2.0,
        "annotation": "No noticeable change from the previous frame. The scene remains static."
      },
      {
        "timestamp": 3.0,
        "annotation": "No noticeable change from the previous frame. The woman is still engrossed in her book."
      },
      {
        "timestamp": 4.0,
        "annotation": "No noticeable change from the previous frame. The figure to her right appears to be observing her."
      },
      {
        "timestamp": 5.0,
        "annotation": "No noticeable change from the previous frame. The scene is unchanged."
      },
      {
        "timestamp": 6.0,
        "annotation": "No noticeable change from the previous frame. The woman continues to read calmly."
      },
      {
        "timestamp": 7.0,
        "annotation": "No noticeable change from the previous frame. The figure to her right remains stationary."
      },
      {
        "timestamp": 8.0,
        "annotation": "No noticeable change from the previous frame. The scene is serene and unchanged."
      },
      {
        "timestamp": 9.0,
        "annotation": "No noticeable change from the previous frame. The woman is still reading her book."
      },
      {
        "timestamp": 10.0,
        "annotation": "A woman is sitting on a chair, reading a book. She is wearing a white dress and a white headscarf. There are two other figures in the background, one of which is holding a book. The scene appears to be outdoors with greenery and a stone archway."
      },
      {
        "timestamp": 11.0,
        "annotation": "No noticeable change from the previous frame. The woman continues to read her book."
      },
      {
        "timestamp": 12.0,
        "annotation": "No noticeable change from the previous frame. The woman is still engrossed in reading."
      },
      {
        "timestamp": 13.0,
        "annotation": "No noticeable change from the previous frame. The woman remains focused on her book."
      },
      {
        "timestamp": 14.0,
        "annotation": "No noticeable change from the previous frame. The woman is still reading her book."
      }
    ],
    "whole_video_annotation": "The video depicts a serene outdoor scene where a woman in a white dress is seated and engrossed in reading a book. She is initially sitting on a bench and later appears to be on a chair, still reading. Throughout the video, there are figures standing nearby, with one figure consistently holding a book. The background features greenery and a stone archway, contributing to a tranquil atmosphere. The scene remains largely static, with minimal changes observed across the frames.\n\nRegarding the number of people identifiable in the last frame of the video:\n\n**D. Two**\n\nIn Frame 14, there is one woman reading a book and two other figures in the background, making a total of three people. However, the question asks for the number of people identifiable, which typically refers to clearly distinguishable individuals. Since the two figures in the background are not distinctly identifiable as separate individuals, the answer is \"Two\" (the woman reading and the figure holding a book).",
    "annotations_summary": "The video shows a tranquil outdoor scene where a woman in a white dress is seated and deeply engrossed in reading a book. Initially, she is sitting on a bench, and later, she appears to be on a chair. Throughout the video, there are figures standing nearby, with one figure consistently holding a book. The background features greenery and a stone archway, enhancing the serene atmosphere. The scene remains largely static with minimal changes observed across the frames. In the last frame, two people are identifiable: the woman reading and the figure holding a book."
  }
}