{
  "qid": "1101-1",
  "video_id": "budZcalJRO8",
  "video_path": "videos\\1101_budZcalJRO8.mp4",
  "main_question": "What was the reason for the man to slowly dip the piece of paper into the water during the shoot?",
  "sub_questions": "To better understand the video and the reason for the man slowly dipping the piece of paper into the water, consider the following sub-questions:\n\n1. **What is the context or setting of the video?**\n   - Understanding the environment and the purpose of the activity can provide clues. For example, is it a science experiment, an art project, or a demonstration?\n\n2. **What specific instructions or guidelines was the man following?**\n   - Knowing if there were any specific steps or protocols he was adhering to can help explain his actions. Was he following a script, a tutorial, or a set of experimental procedures?\n\n3. **What was the expected outcome or result of dipping the paper into the water?**\n   - Understanding the goal of the action can clarify why it was done slowly. Was he trying to achieve a specific visual effect, a chemical reaction, or some other result?",
  "annotations": {
    "frame_annotations": [
      {
        "timestamp": 0.0,
        "annotation": "Two men are standing in shallow water near a riverbank. One man is holding a piece of paper with an image of a deity, and the other man is holding a smartphone, likely recording the scene."
      },
      {
        "timestamp": 1.0,
        "annotation": "The man holding the paper starts to slowly dip it into the water. The other man continues to record the action with his smartphone."
      },
      {
        "timestamp": 2.0,
        "annotation": "The paper is now partially submerged in the water. The man recording adjusts his position slightly for a better angle."
      },
      {
        "timestamp": 3.0,
        "annotation": "The paper is further submerged, and the man holding it appears to be carefully controlling the process. The recorder maintains his focus on the action."
      },
      {
        "timestamp": 4.0,
        "annotation": "The paper is almost fully submerged. The man recording zooms in slightly to capture the detail of the paper going into the water."
      },
      {
        "timestamp": 5.0,
        "annotation": "The paper is fully submerged in the water. The man recording steps back slightly, possibly to get a wider shot of the scene."
      },
      {
        "timestamp": 6.0,
        "annotation": "The image becomes blurry, making it difficult to discern specific details. The focus seems to shift away from the men and the paper."
      },
      {
        "timestamp": 7.0,
        "annotation": "The blurriness clears, revealing a statue of a deity floating in the water. The statue appears to be the same image that was on the paper."
      },
      {
        "timestamp": 8.0,
        "annotation": "The statue is more clearly visible, and the water around it is calm. The background shows a serene riverside setting with greenery."
      },
      {
        "timestamp": 9.0,
        "annotation": "The statue remains floating in the water, and the scene is stable. The riverside environment is peaceful, with no visible disturbances."
      },
      {
        "timestamp": 10.0,
        "annotation": "The statue of a deity with multiple arms is seen floating in the water. The statue is colorful and intricately designed, with a smaller figure of a person riding an animal beside it. The water is calm, and the background shows a serene riverside environment with trees and clear skies. There is no noticeable change from the previous frame as the scene remains stable and peaceful."
      }
    ],
    "whole_video_annotation": "The video depicts a ritualistic or ceremonial act taking place near a riverbank. Here's a short general description of what is happening:\n\nTwo men are performing a ritual involving a piece of paper with an image of a deity. One man slowly dips the paper into the shallow water while the other records the process with a smartphone. As the paper is fully submerged, it transforms into a statue of the deity floating in the water. The scene is serene, with a calm riverside environment in the background. The ritual appears to be a form of offering or invocation, where the paper with the deity's image is immersed in the water, symbolically bringing the deity into the physical realm or seeking its blessings.\n\nRegarding the specific action of slowly dipping the paper into the water, it is likely part of the ritual's prescribed steps, intended to show reverence, careful execution, and perhaps to allow the transformation to occur gradually. Such rituals often have symbolic meanings and are performed with deliberate and respectful actions.",
    "annotations_summary": "The video captures a ritualistic act performed by two men near a riverbank. One man carefully dips a piece of paper featuring an image of a deity into shallow water, while the other records the process on a smartphone. As the paper is fully submerged, it transforms into a floating statue of the deity. The scene is tranquil, with a calm riverside setting in the background. The ritual appears to symbolize an offering or invocation, bringing the deity into the physical realm or seeking its blessings. The deliberate and respectful actions of the men suggest a deep reverence and adherence to prescribed ritual steps."
  }
}