{
  "qid": "1112-7",
  "video_id": "1nMiInCRdfU",
  "video_path": "videos\\1112_1nMiInCRdfU.mp4",
  "main_question": "Who took the firework instead of the lighter?\nA. The person in the blue shirt.\nB. The person in the pink shirt.\nC. The person in the green shirt.\nD. The person in the white shirt.",
  "sub_questions": "To better understand the video and determine who took the firework instead of the lighter, consider the following sub-questions:\n\n1. **Can you describe the sequence of events leading up to the moment when the firework was taken?**\n   - This will help identify who was present and who had the opportunity to take the firework.\n\n2. **What actions did each person perform when they were near the firework and the lighter?**\n   - This can provide clues about who might have mistakenly or intentionally taken the firework instead of the lighter.\n\n3. **Were there any verbal exchanges or reactions from the other individuals when the firework was taken?**\n   - This can help pinpoint who was involved in the incident and might provide additional context or clues.",
  "annotations": {
    "frame_annotations": [
      {
        "timestamp": 0.0,
        "annotation": "The image is blurry, but it appears to show two people interacting closely. One person is wearing a blue shirt, and the other is wearing a white shirt. They seem to be handling an object together."
      },
      {
        "timestamp": 1.0,
        "annotation": "The image is still blurry, but it seems like the two individuals are bending over and focusing on something on the ground. The person in the blue shirt is on the left, and the person in the white shirt is on the right."
      },
      {
        "timestamp": 2.0,
        "annotation": "The scene is now clear. Two individuals are crouching down and appear to be examining or handling an object on the ground. The person in the blue shirt is reaching out towards the object."
      },
      {
        "timestamp": 3.0,
        "annotation": "The person in the white shirt is now standing up and appears to be walking away from the scene. The person in the blue shirt is still crouching down, looking at the object."
      },
      {
        "timestamp": 4.0,
        "annotation": "The person in the white shirt is seen from behind, walking away cautiously. The person in the blue shirt is still near the object, but now standing up and looking in the direction of the person in the white shirt."
      },
      {
        "timestamp": 5.0,
        "annotation": "The person in the blue shirt is now walking away from the object, looking back over his shoulder. The person in the white shirt is further away, continuing to walk cautiously."
      },
      {
        "timestamp": 6.0,
        "annotation": "The person in the blue shirt is seen walking away from the scene, with the object now visible on the ground. The person in the white shirt is not in the frame."
      },
      {
        "timestamp": 7.0,
        "annotation": "The scene shows an empty area with the object (a bucket) on the ground. The word 'hide' is visible, suggesting that someone might be hiding the object."
      },
      {
        "timestamp": 8.0,
        "annotation": "A person in a pink shirt is visible, standing and appearing to be explaining or reacting to something. The word 'to' is visible, possibly part of a narration."
      },
      {
        "timestamp": 9.0,
        "annotation": "The person in the pink shirt is still standing, with the word 'happened' visible, indicating that he is likely describing an event that occurred."
      },
      {
        "timestamp": 10.0,
        "annotation": "The person in the pink shirt is crouching down and pointing at a firework on the ground. The word 'firework' is visible, indicating that he is likely describing the firework."
      },
      {
        "timestamp": 11.0,
        "annotation": "The person in the pink shirt is still crouching down, now pointing at a bucket next to the firework. The word 'bucket' is visible, indicating that he is likely describing the bucket."
      },
      {
        "timestamp": 12.0,
        "annotation": "The person in the pink shirt is still crouching down, now pointing at the ground near the bucket. No specific word is visible, but he seems to be continuing his description."
      },
      {
        "timestamp": 13.0,
        "annotation": "The person in the pink shirt is still crouching down, with the word 'only' visible, indicating that he is likely emphasizing a point about what is on the ground."
      },
      {
        "timestamp": 14.0,
        "annotation": "The scene changes to a different setting with two people. The person in the pink shirt is now sitting and holding a lighter. The word 'Turns' is visible, indicating that he is likely describing an action related to the lighter."
      },
      {
        "timestamp": 15.0,
        "annotation": "The person in the pink shirt is still sitting and holding the lighter. The word 'had' is visible, indicating that he is likely describing a past event related to the lighter."
      },
      {
        "timestamp": 16.0,
        "annotation": "The scene shows the person in the pink shirt and another person interacting with the lighter. The word 'and' is visible, suggesting a continuation of the narrative."
      },
      {
        "timestamp": 17.0,
        "annotation": "The person in the pink shirt is sitting and holding the lighter. The word 'ABSOLUTELY' is visible, indicating a strong affirmation or emphasis on his statement."
      },
      {
        "timestamp": 18.0,
        "annotation": "The person in the pink shirt is sitting and holding the lighter. The word 'first' is visible, indicating that he is likely describing the sequence of events."
      },
      {
        "timestamp": 19.0,
        "annotation": "The person in the pink shirt is still sitting and holding the lighter. No new text is visible, but he appears to be continuing his explanation."
      },
      {
        "timestamp": 20.0,
        "annotation": "The person in the pink shirt is still sitting and holding the lighter. No new text is visible, but he appears to be continuing his explanation."
      },
      {
        "timestamp": 21.0,
        "annotation": "The person in the pink shirt is still sitting and holding the lighter. No new text is visible, but he appears to be continuing his explanation."
      },
      {
        "timestamp": 22.0,
        "annotation": "The person in the pink shirt is still sitting and holding the lighter. No new text is visible, but he appears to be continuing his explanation."
      },
      {
        "timestamp": 23.0,
        "annotation": "The person in the pink shirt is still sitting and holding the lighter. No new text is visible, but he appears to be continuing his explanation."
      },
      {
        "timestamp": 24.0,
        "annotation": "The person in the pink shirt is still sitting and holding the lighter. No new text is visible, but he appears to be continuing his explanation."
      },
      {
        "timestamp": 25.0,
        "annotation": "The person in the pink shirt is still sitting and holding the lighter. No new text is visible, but he appears to be continuing his explanation."
      },
      {
        "timestamp": 26.0,
        "annotation": "The person in the pink shirt is still sitting and holding the lighter. No new text is visible, but he appears to be continuing his explanation."
      },
      {
        "timestamp": 27.0,
        "annotation": "The person in the pink shirt is still sitting and holding the lighter. No new text is visible, but he appears to be continuing his explanation."
      },
      {
        "timestamp": 28.0,
        "annotation": "The person in the pink shirt is still sitting and holding the lighter. No new text is visible, but he appears to be continuing his explanation."
      },
      {
        "timestamp": 29.0,
        "annotation": "The person in the pink shirt is still sitting and holding the lighter. No new text is visible, but he appears to be continuing his explanation."
      },
      {
        "timestamp": 30.0,
        "annotation": "A person in a white shirt is walking towards an open door of a small brick structure. There is smoke coming out of the door."
      },
      {
        "timestamp": 31.0,
        "annotation": "The person in the white shirt is now closer to the door. The smoke has increased slightly, and the person appears to be looking inside the structure."
      }
    ],
    "whole_video_annotation": "The video appears to depict a sequence of events involving three individuals wearing different colored shirts: blue, white, and pink. Here's a general description of what is happening:\n\n1. **Initial Interaction (Frames 0-6):**\n   - Two individuals, one in a blue shirt and the other in a white shirt, are seen interacting closely with an object on the ground. They appear to be examining or handling it together.\n   - The person in the white shirt stands up and walks away cautiously, while the person in the blue shirt continues to look at the object before also walking away.\n\n2. **Object Identification (Frames 7-13):**\n   - The scene shows an empty area with a bucket on the ground, suggesting that someone might be hiding the object.\n   - A person in a pink shirt appears and is seen explaining or reacting to something. He points out a firework and a bucket on the ground, indicating that he is describing these items.\n\n3. **Narrative and Explanation (Frames 14-29):**\n   - The person in the pink shirt is sitting and holding a lighter, describing a past event related to the lighter. He emphasizes certain points and seems to be explaining the sequence of events in detail.\n\n4. **Final Scene (Frames 30-31):**\n   - A person in a white shirt is walking towards a small brick structure with smoke coming out of the door, suggesting some form of investigation or reaction to the smoke.\n\nBased on the description, the person in the pink shirt is narrating the events and holding a lighter, while the firework is left on the ground. The person in the white shirt is the one who initially interacted with the object (firework) and later approaches the smoky structure.\n\nGiven the options:\nA. The person in the blue shirt.\nB. The person in the pink shirt.\nC. The person in the green shirt.\nD. The person in the white shirt.\n\nThe person who took the firework instead of the lighter is **D. The person in the white shirt**.",
    "annotations_summary": "### Summary of the Video Descriptions\n\nThe video depicts a sequence of events involving three individuals wearing different colored shirts: blue, white, and pink. Here is a brief summary:\n\n1. **Initial Interaction (0-6 seconds):**\n   - Two individuals, one in a blue shirt and the other in a white shirt, are seen closely interacting with an object on the ground. They appear to be examining or handling it together.\n   - The person in the white shirt stands up and walks away cautiously, while the person in the blue shirt continues to look at the object before also walking away.\n\n2. **Object Identification (7-13 seconds):**\n   - The scene shows an empty area with a bucket and a firework on the ground, suggesting that someone might be hiding the object.\n   - A person in a pink shirt appears and is seen explaining or reacting to something. He points out the firework and the bucket on the ground, indicating that he is describing these items.\n\n3. **Narrative and Explanation (14-29 seconds):**\n   - The person in the pink shirt is sitting and holding a lighter, describing a past event related to the lighter. He emphasizes certain points and seems to be explaining the sequence of events in detail.\n\n4. **Final Scene (30-31 seconds):**\n   - A person in a white shirt is walking towards a small brick structure with smoke coming out of the door, suggesting some form of investigation or reaction to the smoke.\n\n### Key Points:\n- The person in the pink shirt is narrating the events and holding a lighter, while the firework is left on the ground.\n- The person in the white shirt is the one who initially interacted with the object (firework) and later approaches the smoky structure.\n- The person who took the firework instead of the lighter is the person in the white shirt."
  }
}