{
  "qid": "1112-3",
  "video_id": "1nMiInCRdfU",
  "video_path": "videos\\1112_1nMiInCRdfU.mp4",
  "main_question": "Was it the person in the white shirt who took the firework instead of the lighter?",
  "sub_questions": "To better understand the video and address the main question, consider the following sub-questions:\n\n1. **Can you describe the sequence of events leading up to the moment when the firework and the lighter are involved?**\n   - This will help clarify the context and actions of the individuals present.\n\n2. **Who are the individuals in the video, and what are they wearing? Specifically, can you identify the person in the white shirt and their actions?**\n   - This will confirm the identity of the person in question and their involvement in the event.\n\n3. **What are the exact actions taken by the person in the white shirt regarding the firework and the lighter?**\n   - This will provide detailed information on whether the person in the white shirt took the firework instead of the lighter.",
  "annotations": {
    "frame_annotations": [
      {
        "timestamp": 0.0,
        "annotation": "The image is blurry, but it appears to show two people interacting closely. One person is wearing a blue shirt, and the other is wearing a white shirt. They seem to be handling something together."
      },
      {
        "timestamp": 1.0,
        "annotation": "The scene is still blurry, but it seems like the two individuals are crouching down and focusing on an object between them. The person in the white shirt is more prominently visible."
      },
      {
        "timestamp": 2.0,
        "annotation": "The person in the white shirt is now standing and appears to be stepping back from an object on the ground. The person in the blue shirt is still crouching."
      },
      {
        "timestamp": 3.0,
        "annotation": "The person in the white shirt is seen running away from the object, which appears to be a bucket. The person in the blue shirt is still near the bucket."
      },
      {
        "timestamp": 4.0,
        "annotation": "The person in the white shirt continues to run away from the bucket. The person in the blue shirt is now standing up and appears to be reacting to something."
      },
      {
        "timestamp": 5.0,
        "annotation": "The person in the blue shirt is now also running away from the bucket. The bucket is visibly disturbed, possibly indicating an explosion or sudden event."
      },
      {
        "timestamp": 6.0,
        "annotation": "The scene shows the bucket on the ground with some debris around it. The text 'bucket' is visible, indicating the focus on the object."
      },
      {
        "timestamp": 7.0,
        "annotation": "The text 'hide' is visible, suggesting that the individuals might be trying to hide or take cover. The bucket is still the central object in the frame."
      },
      {
        "timestamp": 8.0,
        "annotation": "A person in a pink shirt is visible, seemingly narrating or reacting to the event. The text 'to happened' is visible, indicating a narrative element."
      },
      {
        "timestamp": 9.0,
        "annotation": "The person in the pink shirt is seen walking cautiously away from the scene. The text 'cautiously' is visible, emphasizing the careful movement."
      },
      {
        "timestamp": 10.0,
        "annotation": "The person in the white shirt is bending down towards a bucket on the ground. The text 'firework' is visible, indicating the presence of a firework."
      },
      {
        "timestamp": 11.0,
        "annotation": "The person in the white shirt is still bending down towards the bucket. The text 'bucket' is visible, emphasizing the object on the ground."
      },
      {
        "timestamp": 12.0,
        "annotation": "The person in the white shirt is reaching into the bucket. No noticeable text is visible in this frame."
      },
      {
        "timestamp": 13.0,
        "annotation": "The person in the white shirt is seen holding an object close to the bucket. The text 'only' is visible, but its context is unclear."
      },
      {
        "timestamp": 14.0,
        "annotation": "The person in the white shirt is now standing up and holding a lighter in his hand. The text 'Turns' is visible, possibly indicating an action."
      },
      {
        "timestamp": 15.0,
        "annotation": "The scene changes to two people, one in a white shirt and the other in a sleeveless shirt, interacting near a bucket. The text 'had' is visible."
      },
      {
        "timestamp": 16.0,
        "annotation": "The person in the sleeveless shirt is seen lighting something near the bucket. The text 'and' is visible."
      },
      {
        "timestamp": 17.0,
        "annotation": "The person in the white shirt is holding a lighter and looking at it. The text 'ABSOLUTELY' is visible, emphasizing a strong affirmation."
      },
      {
        "timestamp": 18.0,
        "annotation": "The person in the white shirt is holding the lighter and pointing at it with his other hand. The text 'first' is visible, indicating a sequence of actions."
      },
      {
        "timestamp": 19.0,
        "annotation": "The person in the white shirt is still holding the lighter and pointing at it. No new text is visible in this frame."
      },
      {
        "timestamp": 20.0,
        "annotation": "The person in the white shirt is still holding the lighter and pointing at it. No new text is visible in this frame."
      },
      {
        "timestamp": 21.0,
        "annotation": "The person in the white shirt is still holding the lighter and pointing at it. No new text is visible in this frame."
      },
      {
        "timestamp": 22.0,
        "annotation": "The person in the white shirt is still holding the lighter and pointing at it. No new text is visible in this frame."
      },
      {
        "timestamp": 23.0,
        "annotation": "The person in the white shirt is still holding the lighter and pointing at it. No new text is visible in this frame."
      },
      {
        "timestamp": 24.0,
        "annotation": "The person in the white shirt is still holding the lighter and pointing at it. No new text is visible in this frame."
      },
      {
        "timestamp": 25.0,
        "annotation": "The person in the white shirt is still holding the lighter and pointing at it. No new text is visible in this frame."
      },
      {
        "timestamp": 26.0,
        "annotation": "The person in the white shirt is still holding the lighter and pointing at it. No new text is visible in this frame."
      },
      {
        "timestamp": 27.0,
        "annotation": "The person in the white shirt is still holding the lighter and pointing at it. No new text is visible in this frame."
      },
      {
        "timestamp": 28.0,
        "annotation": "The person in the white shirt is still holding the lighter and pointing at it. No new text is visible in this frame."
      },
      {
        "timestamp": 29.0,
        "annotation": "The person in the white shirt is still holding the lighter and pointing at it. No new text is visible in this frame."
      },
      {
        "timestamp": 30.0,
        "annotation": "The person in the white shirt is walking towards the open door of a small brick structure. Smoke is visible coming from inside the structure. The person appears to be holding something in their right hand."
      },
      {
        "timestamp": 31.0,
        "annotation": "The person in the white shirt is now closer to the open door. More smoke is visible, and sparks or small flames can be seen coming from inside the structure. The person's right hand appears to be in motion, possibly having just released something."
      }
    ],
    "whole_video_annotation": "The video appears to depict a sequence of events involving two individuals interacting with a bucket, which contains a firework. Here's a general description of what is happening:\n\nTwo individuals, one wearing a blue shirt and the other a white shirt, are seen handling a bucket together. The person in the white shirt initially bends down towards the bucket, reaches into it, and then stands up holding a lighter. They repeatedly point at the lighter, emphasizing its importance. Later, the person in the white shirt walks towards a small brick structure from which smoke and sparks are emanating, suggesting that they might have lit the firework and placed it inside the structure.\n\nRegarding the user's question: Based on the frames provided, it seems the person in the white shirt is handling the lighter and appears to be the one who lit the firework. There is no clear indication that they took a firework instead of a lighter.",
    "annotations_summary": "The video shows two individuals interacting with a bucket containing a firework. Here's a brief summary:\n\n1. **Initial Interaction**: Two people, one in a blue shirt and the other in a white shirt, are seen handling a bucket together. The scene is initially blurry, but they appear to be focusing on the bucket.\n\n2. **Reaction to the Bucket**: Both individuals react to something in the bucket, with the person in the white shirt stepping back and then running away. The bucket seems to have an explosive or sudden event, causing debris.\n\n3. **Narration**: A person in a pink shirt appears, narrating or reacting to the event, emphasizing caution.\n\n4. **Handling the Firework**: The person in the white shirt returns to the bucket, bends down, and retrieves a lighter. They repeatedly point at the lighter, indicating its importance.\n\n5. **Lighting the Firework**: The person in the white shirt lights something near the bucket, suggesting they are preparing to light the firework.\n\n6. **Aftermath**: The person in the white shirt walks towards a small brick structure from which smoke and sparks are emanating, implying they lit the firework and placed it inside the structure.\n\nThe video emphasizes the handling and lighting of a firework, with the person in the white shirt playing a central role in these actions."
  }
}