{
  "qid": "1119-2",
  "video_id": "JdPIts7RgUM",
  "video_path": "videos\\1119_JdPIts7RgUM.mp4",
  "main_question": "Is the iron bowl on the floor under the oversized phone screen when the person in red reacts to the cat and dog picture?",
  "sub_questions": "To better understand the video and answer the main question, consider the following sub-questions:\n\n1. **What is the sequence of events leading up to the person in red reacting to the cat and dog picture?**\n   - This will help determine the specific moment when the reaction occurs and what is happening in the scene at that time.\n\n2. **Where is the oversized phone screen located in relation to the floor throughout the video?**\n   - Understanding the phone screen's position will help identify if the iron bowl could be under it at the relevant moment.\n\n3. **What objects are visible on the floor, and how do they move or change position during the video?**\n   - This will help confirm whether the iron bowl is on the floor and if it moves to a position under the oversized phone screen when the person in red reacts to the cat and dog picture.",
  "annotations": {
    "frame_annotations": [
      {
        "timestamp": 0.0,
        "annotation": "A person in a light blue shirt and cap is holding a phone, looking at it with a slight smile. The room appears to be a living area with a brown couch and some scattered confetti on the floor."
      },
      {
        "timestamp": 0.97,
        "annotation": "The person continues to look at the phone, smiling more broadly. No significant change in the environment."
      },
      {
        "timestamp": 1.94,
        "annotation": "The person's expression remains the same as they continue to look at the phone. No noticeable change from the previous frame."
      },
      {
        "timestamp": 2.9,
        "annotation": "The person starts to react more visibly, with a wider smile and slight body movement. No significant change in the environment."
      },
      {
        "timestamp": 3.87,
        "annotation": "The person in red on the couch begins to appear in the frame, looking towards the person holding the phone. The phone screen shows a picture of a cat and a dog."
      },
      {
        "timestamp": 4.84,
        "annotation": "The person holding the phone raises it higher, showing the picture more clearly. The person in red on the couch reacts with surprise or amusement."
      },
      {
        "timestamp": 5.81,
        "annotation": "The phone screen is now very large and prominent, covering most of the frame, displaying the cat and dog picture. The person in red is laughing and covering their face with their hands."
      },
      {
        "timestamp": 6.77,
        "annotation": "The phone screen remains large, and the person in red is still reacting with laughter. The confetti on the floor is more visible, suggesting a celebratory atmosphere."
      },
      {
        "timestamp": 7.74,
        "annotation": "The person in red is now lying on the couch, laughing heartily. The phone screen is still visible but slightly tilted."
      },
      {
        "timestamp": 8.71,
        "annotation": "The person in red continues to laugh, lying on the couch. The phone screen is no longer visible, focusing more on the reaction of the person in red."
      },
      {
        "timestamp": 9.68,
        "annotation": "The person in red is lying on the couch, laughing and pointing at something off-screen. A dog is visible in the foreground, looking towards the person. The iron bowl is not visible in this frame."
      },
      {
        "timestamp": 10.64,
        "annotation": "The person in red continues to laugh, lying on the couch. The dog remains in the foreground. There is no noticeable change from the previous frame regarding the iron bowl's visibility."
      },
      {
        "timestamp": 11.61,
        "annotation": "The person in red is still laughing, lying on the couch. The dog is still in the foreground. No iron bowl is visible under the phone screen or anywhere else in the frame."
      }
    ],
    "whole_video_annotation": "In the video, a person in a light blue shirt and cap is initially seen holding a phone and smiling at something on the screen. As the video progresses, the person's smile broadens, and they start to react more visibly. A second person, dressed in red, appears on the couch and reacts with surprise or amusement when the phone screen displays a picture of a cat and a dog. The person in red eventually laughs heartily and lies down on the couch, pointing at something off-screen. A dog is visible in the foreground in the later frames.\n\nRegarding the specific question about the iron bowl: Based on the provided frames, there is no mention or visibility of an iron bowl under the oversized phone screen or anywhere else in the frames where the person in red reacts to the cat and dog picture.",
    "annotations_summary": "The video features two people in a living area with a brown couch and scattered confetti, suggesting a celebratory atmosphere. The person in a light blue shirt and cap is initially seen holding a phone and smiling at something on the screen. Their smile broadens, and they react more visibly as the video progresses. A second person, dressed in red, appears on the couch and reacts with surprise or amusement when the phone screen displays a picture of a cat and a dog. The person in red eventually laughs heartily and lies down on the couch, pointing at something off-screen. A dog is visible in the foreground in the later frames. Notably, there is no mention or visibility of an iron bowl in any of the described frames."
  }
}