{
  "qid": "1124-3",
  "video_id": "_uSQXykxzT0",
  "video_path": "videos\\1124__uSQXykxzT0.mp4",
  "main_question": "Did the egg end up inside the water bottle after the performer pushed it?",
  "sub_questions": "To better understand the video and determine if the egg ended up inside the water bottle after the performer pushed it, consider the following sub-questions:\n\n1. **What was the initial state of the egg and the water bottle before the performer attempted to push the egg inside?**\n   - Was the egg whole or peeled?\n   - Was the bottle empty or already filled with water?\n\n2. **What technique or method did the performer use to push the egg into the water bottle?**\n   - Did the performer use any special tools or tricks?\n   - Was there any preparation done to the egg or the bottle before attempting to push the egg inside?\n\n3. **What was the final outcome observed in the video?**\n   - Did the egg completely enter the bottle, or did only a part of it go in?\n   - Were there any visual cues or reactions from the audience that indicated success or failure?",
  "annotations": {
    "frame_annotations": [
      {
        "timestamp": 0.0,
        "annotation": "A woman is standing in a kitchen. She is looking at a water bottle on the counter in front of her. A hand is seen holding the cap of the water bottle, which is placed upright on the counter."
      },
      {
        "timestamp": 0.97,
        "annotation": "The woman appears surprised or shocked. The hand is still holding the cap of the water bottle. No noticeable change from the previous frame."
      },
      {
        "timestamp": 1.95,
        "annotation": "The woman's expression remains the same. The hand is still holding the cap of the water bottle. No noticeable change from the previous frame."
      },
      {
        "timestamp": 2.92,
        "annotation": "The woman's expression remains the same. The hand is still holding the cap of the water bottle. No noticeable change from the previous frame."
      },
      {
        "timestamp": 3.89,
        "annotation": "The scene changes to a different setting with a man standing against a wall. A yellow sticky note with a drawn face is on the wall behind him. A hand is seen holding an egg above a water bottle placed on a table in front of the man."
      },
      {
        "timestamp": 4.86,
        "annotation": "The man is looking up with his arms raised, seemingly reacting to the egg being held above the water bottle. The hand is still holding the egg above the bottle."
      },
      {
        "timestamp": 5.84,
        "annotation": "The man's expression changes to one of concern or worry. The hand is still holding the egg above the water bottle."
      },
      {
        "timestamp": 6.81,
        "annotation": "The hand appears to be pushing the egg towards the opening of the water bottle. The man's expression remains concerned."
      },
      {
        "timestamp": 7.78,
        "annotation": "The egg is now inside the water bottle. The man's expression shows surprise or disbelief. The hand is no longer visible in the frame."
      },
      {
        "timestamp": 8.76,
        "annotation": "The man's expression remains one of surprise or disbelief. The egg is still inside the water bottle. No noticeable change from the previous frame."
      },
      {
        "timestamp": 9.73,
        "annotation": "The man's expression remains one of surprise or disbelief. The performer's hand is holding an egg above the water bottle. No noticeable change from the previous frame."
      },
      {
        "timestamp": 10.7,
        "annotation": "The performer's hand is pushing the egg towards the opening of the water bottle. The man's expression remains one of surprise or disbelief."
      },
      {
        "timestamp": 11.68,
        "annotation": "The egg is now partially inside the water bottle. The performer's hand is still pushing the egg. The man's expression remains one of surprise or disbelief."
      },
      {
        "timestamp": 12.65,
        "annotation": "The egg is fully inside the water bottle. The performer's hand is no longer visible above the bottle. The man's expression remains one of surprise or disbelief."
      },
      {
        "timestamp": 13.62,
        "annotation": "The performer's hand is now holding the water bottle. The man's expression remains one of surprise or disbelief. No noticeable change from the previous frame."
      },
      {
        "timestamp": 14.59,
        "annotation": "The performer's hand is tilting the water bottle slightly. The man's expression remains one of surprise or disbelief. No noticeable change from the previous frame."
      },
      {
        "timestamp": 15.57,
        "annotation": "The performer's hand is tilting the water bottle more noticeably. The man's expression remains one of surprise or disbelief. No noticeable change from the previous frame."
      },
      {
        "timestamp": 16.54,
        "annotation": "The performer's hand is tilting the water bottle even more. The man's expression remains one of surprise or disbelief. No noticeable change from the previous frame."
      },
      {
        "timestamp": 17.51,
        "annotation": "The performer's hand is tilting the water bottle upside down, causing water to spill out. The man's expression changes to one of shock and surprise as water spills onto him."
      }
    ],
    "whole_video_annotation": "The video appears to be a magic trick or a prank involving a water bottle and an egg. Here's a short general description:\n\nIn the first part of the video, a woman is seen in a kitchen, reacting with surprise to a water bottle with its cap held by an unseen hand. The scene then shifts to a man standing against a wall. A performer's hand holds an egg above a water bottle placed on a table in front of the man. The performer proceeds to push the egg into the water bottle, much to the man's surprise and disbelief. The performer then tilts the water bottle upside down, causing water to spill out and surprising the man further.\n\nTo answer the user's question: Yes, the egg did end up inside the water bottle after the performer pushed it.",
    "annotations_summary": "The video depicts a magic trick or prank involving a water bottle and an egg. It is divided into two main parts:\n\n1. **Initial Scene (0.0s - 2.9s):**\n   - A woman stands in a kitchen, looking surprised as she observes a water bottle on the counter. An unseen hand holds the cap of the bottle.\n\n2. **Main Trick (3.9s - 17.5s):**\n   - The scene shifts to a man standing against a wall. A performer's hand holds an egg above a water bottle placed on a table in front of the man.\n   - The performer pushes the egg into the water bottle, eliciting expressions of surprise and disbelief from the man.\n   - The performer then tilts the water bottle upside down, causing water to spill out and further surprising the man.\n\nThe trick culminates in the man being shocked as water spills onto him, completing the prank."
  }
}