{
  "qid": "1127-0",
  "video_id": "J_W4i0HkKJ0",
  "video_path": "videos\\1127_J_W4i0HkKJ0.mp4",
  "main_question": "In the third segment, what is the position of the target basket and the ball shooter, from the perspective of the camera?",
  "sub_questions": "To better understand the video and answer the main question, consider the following sub-questions:\n\n1. **What is the overall layout of the scene in the third segment?**\n   - Understanding the general setup will help in identifying the positions of the target basket and the ball shooter.\n\n2. **From which angle and position is the camera capturing the third segment?**\n   - Knowing the camera's perspective is crucial for determining the relative positions of the objects and the shooter from the camera's viewpoint.\n\n3. **Are there any notable movements or changes in the positions of the target basket and the ball shooter during the third segment?**\n   - This will help in pinpointing the exact positions at a specific moment in the segment.",
  "annotations": {
    "frame_annotations": [
      {
        "timestamp": 0.0,
        "annotation": "The image shows a close-up of a person's leg and a wooden fence. The word 'MEET' is prominently displayed in the center."
      },
      {
        "timestamp": 1.0,
        "annotation": "The image shows a person walking towards a basketball hoop in an outdoor setting. The word 'ALSO' is displayed, and an arrow points towards the hoop."
      },
      {
        "timestamp": 2.0,
        "annotation": "The person is now in mid-air, appearing to jump towards the basketball hoop. The word 'GLITCH' is displayed, suggesting a unusual or unexpected action."
      },
      {
        "timestamp": 3.0,
        "annotation": "The person is standing still, facing the basketball hoop, preparing to shoot. The word 'JAKE' is displayed."
      },
      {
        "timestamp": 4.0,
        "annotation": "The view shifts to show the basketball hoop from a distance, with the word 'KEEP' displayed. The person is no longer in the frame."
      },
      {
        "timestamp": 5.0,
        "annotation": "The basketball hoop is still in view from a distance, with the word 'NEXT' displayed. The scene appears to be transitioning to a new segment."
      },
      {
        "timestamp": 6.0,
        "annotation": "The setting changes to an indoor basketball court. Several people are present, and the word 'HE HAS' is displayed."
      },
      {
        "timestamp": 7.0,
        "annotation": "One person is jumping in the air, attempting to shoot the basketball. The word 'FOR A' is displayed, indicating a continuation of the action."
      },
      {
        "timestamp": 8.0,
        "annotation": "The scene returns to an outdoor setting with a basketball hoop. The word 'BECAUSE' is displayed, and text at the bottom reads 'He mastered the glitch shot'."
      },
      {
        "timestamp": 9.0,
        "annotation": "The same outdoor scene as the previous frame, with the person in mid-action, shooting the basketball. The text at the bottom remains the same."
      },
      {
        "timestamp": 10.0,
        "annotation": "The person is in mid-action, shooting the basketball. The scene is outdoors with trees in the background. The text at the bottom reads 'He mastered the glitch shot'."
      },
      {
        "timestamp": 11.0,
        "annotation": "The person continues the shooting motion. The basketball is higher in the air compared to the previous frame. The text at the bottom changes to 'OF'."
      },
      {
        "timestamp": 12.0,
        "annotation": "The person is still in the shooting motion. The basketball is near the peak of its arc. The text at the bottom reads 'SEEMS'."
      },
      {
        "timestamp": 13.0,
        "annotation": "The person has released the basketball, which is descending towards the hoop. The text at the bottom reads 'EVEN'."
      },
      {
        "timestamp": 14.0,
        "annotation": "The basketball is very close to the hoop, about to make contact. The text at the bottom reads 'WILL'."
      },
      {
        "timestamp": 15.0,
        "annotation": "The basketball has made contact with the hoop and is bouncing off. The text at the bottom reads 'WAY TO'."
      },
      {
        "timestamp": 16.0,
        "annotation": "The basketball is in mid-air after bouncing off the hoop. The person is walking away from the hoop. The text at the bottom reads 'MISS'."
      },
      {
        "timestamp": 17.0,
        "annotation": "The person is walking away from the hoop, looking back at the basket. The text at the bottom reads 'MISS'."
      },
      {
        "timestamp": 18.0,
        "annotation": "The person is further away from the hoop, still looking back. The text at the bottom reads 'MISS'."
      },
      {
        "timestamp": 19.0,
        "annotation": "The person is almost out of the frame, continuing to walk away from the hoop. The text at the bottom reads 'MISS'."
      }
    ],
    "whole_video_annotation": "### General Description of the Video\n\nThe video appears to be a sequence of scenes involving a person attempting to shoot a basketball. The narrative seems to be divided into segments, each with a different setting and context. Key elements include:\n\n1. **Initial Segment (Frames 0-5):**\n   - The video starts with a close-up of a person's leg and a wooden fence, with the word \"MEET\" displayed.\n   - The person walks towards a basketball hoop outdoors, with the word \"ALSO\" and an arrow pointing towards the hoop.\n   - The person jumps towards the hoop, with the word \"GLITCH\" suggesting an unusual action.\n   - The person stands still, preparing to shoot, with the word \"JAKE\" displayed.\n   - The view shifts to show the basketball hoop from a distance, with the word \"KEEP\" displayed.\n   - The scene transitions to a new segment with the word \"NEXT\" displayed.\n\n2. **Second Segment (Frames 6-7):**\n   - The setting changes to an indoor basketball court with several people present, and the word \"HE HAS\" is displayed.\n   - One person jumps in the air, attempting to shoot the basketball, with the word \"FOR A\" displayed.\n\n3. **Third Segment (Frames 8-19):**\n   - The scene returns to an outdoor setting with a basketball hoop, and the word \"BECAUSE\" is displayed. Text at the bottom reads \"He mastered the glitch shot.\"\n   - The person is in mid-action, shooting the basketball, with the text \"He mastered the glitch shot\" remaining.\n   - The person continues the shooting motion, with the basketball higher in the air.\n   - The person releases the basketball, which descends towards the hoop.\n   - The basketball makes contact with the hoop and bounces off.\n   - The basketball is in mid-air after bouncing off the hoop, and the person walks away, looking back at the basket.\n   - The person continues to walk away from the hoop, with the text \"MISS\" displayed repeatedly.\n\n### Position of the Target Basket and the Ball Shooter in the Third Segment\n\nIn the third segment (Frames 8-19), the target basketball hoop is positioned outdoors with trees in the background. The ball shooter (the person) is initially in mid-action, shooting the basketball towards the hoop. As the sequence progresses, the person walks away from the hoop, looking back at the basket, and eventually moves almost out of the frame. The camera perspective shows the hoop from a distance, capturing the entire action of the shot and the subsequent walk away.",
    "annotations_summary": "The video depicts a series of scenes involving a person attempting to shoot a basketball, divided into three main segments:\n\n1. **Initial Segment (0-5 seconds):**\n   - The video begins with a close-up of a person's leg and a wooden fence, displaying the word \"MEET.\"\n   - The person walks towards an outdoor basketball hoop, with the word \"ALSO\" and an arrow pointing towards the hoop.\n   - The person jumps towards the hoop, with the word \"GLITCH\" suggesting an unusual action.\n   - The person stands still, preparing to shoot, with the word \"JAKE\" displayed.\n   - The view shifts to show the basketball hoop from a distance, with the word \"KEEP\" displayed, and then transitions to a new segment with the word \"NEXT.\"\n\n2. **Second Segment (6-7 seconds):**\n   - The setting changes to an indoor basketball court with several people present, and the word \"HE HAS\" is displayed.\n   - One person jumps in the air, attempting to shoot the basketball, with the word \"FOR A\" displayed.\n\n3. **Third Segment (8-19 seconds):**\n   - The scene returns to an outdoor setting with a basketball hoop and trees in the background. The word \"BECAUSE\" is displayed, and text at the bottom reads \"He mastered the glitch shot.\"\n   - The person is in mid-action, shooting the basketball, with the text \"He mastered the glitch shot\" remaining.\n   - The basketball is released and descends towards the hoop, making contact and bouncing off.\n   - The person walks away from the hoop, looking back at the basket, with the text \"MISS\" displayed repeatedly as they move almost out of the frame.\n\nThroughout the video, the narrative focuses on the person's attempts to shoot the basketball, highlighting both the action and the outcome, which is a missed shot."
  }
}