{
  "qid": "1134-0",
  "video_id": "J_W4i0HkKJ0",
  "video_path": "videos\\1134_J_W4i0HkKJ0.mp4",
  "main_question": "How did the ball of the first throw in the last scene move about when it is released by the person?",
  "sub_questions": "To better understand the video and the movement of the ball in the first throw of the last scene, consider the following sub-questions:\n\n1. **What type of throw was performed?**\n   - Was it an underhand throw, overhand throw, or a sidearm throw?\n   - Understanding the type of throw can help in analyzing the trajectory and spin of the ball.\n\n2. **What was the initial velocity and angle of release?**\n   - Estimating the speed at which the ball was thrown and the angle at which it was released can provide insights into the ball's initial motion.\n   - This information can help in determining the ball's path and any potential curve or spin.\n\n3. **Were there any external factors affecting the ball's movement?**\n   - Were there any winds or other environmental factors that could have influenced the ball's trajectory?\n   - Was the ball subject to any spin or release technique that might cause it to curve or move in a specific way?\n\nThese sub-questions can help in breaking down the main question and gathering more detailed information about the ball's movement in the first throw of the last scene.",
  "annotations": {
    "frame_annotations": [
      {
        "timestamp": 0.0,
        "annotation": "The image shows a close-up of a person's arm and a wooden fence. The word 'MEET' is prominently displayed in the center of the image."
      },
      {
        "timestamp": 1.0,
        "annotation": "The person is now visible in full, standing in a narrow outdoor area next to a wooden fence. The person is holding a basketball and appears to be preparing to throw it. The word 'ALSO' is displayed, and an arrow points towards the basketball hoop in the background."
      },
      {
        "timestamp": 2.0,
        "annotation": "The person is in mid-air, jumping to make a shot. The basketball is released from their hand. The word 'GLITCH' is displayed, indicating a special or unusual shot."
      },
      {
        "timestamp": 3.0,
        "annotation": "The person has landed back on the ground. The basketball is seen in mid-air, heading towards the hoop. The word 'JAKE' is displayed."
      },
      {
        "timestamp": 4.0,
        "annotation": "The view shifts to a different angle, showing the basketball hoop from a distance. The basketball is approaching the hoop. The word 'KEEP' is displayed."
      },
      {
        "timestamp": 5.0,
        "annotation": "The basketball is seen going through the hoop. The word 'NEXT' is displayed, suggesting the sequence will continue."
      },
      {
        "timestamp": 6.0,
        "annotation": "The scene changes to an indoor basketball court. Several people are present, and one person is in the process of making a shot. The word 'HE HAS' is displayed."
      },
      {
        "timestamp": 7.0,
        "annotation": "The person is seen jumping to make a shot indoors. The word 'FOR A' is displayed, possibly indicating a scoring attempt."
      },
      {
        "timestamp": 8.0,
        "annotation": "The scene changes back to an outdoor setting with a basketball hoop. The person is walking away from the hoop. The words 'BECAUSE' and 'He mastered the glitch shot' are displayed, along with emoji faces."
      },
      {
        "timestamp": 9.0,
        "annotation": "The person is seen from behind, walking away from the hoop. The words 'HE' and 'He mastered the glitch shot' are displayed again, along with emoji faces."
      },
      {
        "timestamp": 10.0,
        "annotation": "The person is seen from behind, walking away from the hoop. The words 'NEW' and 'SEEM' are displayed along with emoji faces. The ball is in the air, heading towards the hoop."
      },
      {
        "timestamp": 11.0,
        "annotation": "The person continues walking away from the hoop. The words 'OF' are displayed. The ball is closer to the hoop, appearing to be on a trajectory to go in."
      },
      {
        "timestamp": 12.0,
        "annotation": "The person is further away from the hoop. The words 'HE' and 'He mastered the glitch shot' are displayed again, along with emoji faces. The ball is now above the hoop, seemingly about to go in."
      },
      {
        "timestamp": 13.0,
        "annotation": "The person is seen from the back, walking away from the hoop. The words 'EVEN' are displayed. The ball is no longer visible above the hoop."
      },
      {
        "timestamp": 14.0,
        "annotation": "The person is walking away from the hoop. The words 'WILL' are displayed. The ball is not visible in this frame."
      },
      {
        "timestamp": 15.0,
        "annotation": "The person is seen from the back, walking away from the hoop. The words 'WAY' are displayed. The ball is not visible in this frame."
      },
      {
        "timestamp": 16.0,
        "annotation": "The person is walking away from the hoop. The words 'TO' are displayed. The ball is not visible in this frame."
      },
      {
        "timestamp": 17.0,
        "annotation": "The person is seen from the back, walking away from the hoop. The words 'MISS' are displayed. The ball is not visible in this frame."
      },
      {
        "timestamp": 18.0,
        "annotation": "The person is walking away from the hoop. No new words are displayed. The ball is not visible in this frame."
      },
      {
        "timestamp": 19.0,
        "annotation": "The person is seen from the back, walking away from the hoop. The hoop is seen falling over. The ball is not visible in this frame."
      }
    ],
    "whole_video_annotation": "The video appears to depict a sequence of basketball shots, both outdoors and indoors, with a focus on a specific type of shot referred to as a \"glitch shot.\" The narrative seems to follow a person who is proficient in executing this unusual shot. Here's a short general description of what is happening in the video:\n\nThe video begins with a person preparing to throw a basketball outdoors. The person successfully makes a shot, which is described as a \"glitch shot.\" The scene then shifts to an indoor basketball court where another shot is attempted. The video returns to the outdoor setting, showing the person walking away from the hoop while the ball is in mid-air, seemingly on track to go through the hoop. The final scenes show the person continuing to walk away as the hoop falls over, with no clear indication of whether the ball went in.\n\nRegarding the user's question about the movement of the ball in the first throw: In the first throw, the person jumps and releases the basketball. The ball is seen heading towards the hoop in a typical arc trajectory for a basketball shot. The word \"GLITCH\" is displayed, suggesting that this shot is special or unusual in some way. However, the specific details of the \"glitch\" are not visually described in the frames provided.",
    "annotations_summary": "The video showcases a person performing basketball shots, both outdoors and indoors, with a particular emphasis on a unique shot called the \"glitch shot.\" Here's a brief summary of the key moments:\n\n1. **Outdoor Shot**:\n   - The video starts with a close-up of a person's arm and a wooden fence, with the word \"MEET\" displayed.\n   - The person, now fully visible, prepares to throw a basketball towards an outdoor hoop, with the word \"ALSO\" and an arrow pointing to the hoop.\n   - The person jumps and releases the ball, with the word \"GLITCH\" indicating a special shot.\n   - The ball is seen heading towards the hoop, and the person lands back on the ground.\n   - From a different angle, the ball approaches the hoop, and it goes through, with the word \"NEXT\" suggesting the sequence continues.\n\n2. **Indoor Shot**:\n   - The scene shifts to an indoor basketball court where another person attempts a shot.\n   - The word \"HE HAS\" is displayed, followed by \"FOR A,\" indicating a scoring attempt.\n\n3. **Return to Outdoor Setting**:\n   - The video returns to the outdoor setting, showing the original person walking away from the hoop.\n   - The words \"BECAUSE\" and \"He mastered the glitch shot\" are displayed, along with emoji faces.\n   - The person continues walking away, with the ball in mid-air, seemingly on track to go through the hoop.\n   - The hoop falls over as the person walks away, with no clear indication of whether the ball went in.\n\nThe video highlights the person's proficiency in executing the \"glitch shot\" and includes a mix of successful and uncertain outcomes."
  }
}