{
  "qid": "1159-3",
  "video_id": "0-ugjds_Rz8",
  "video_path": "videos\\1159_0-ugjds_Rz8.mp4",
  "main_question": "Are the fifth and seventh items in the video sticky notes and a measurement scale?",
  "sub_questions": "To better understand the video and address the main question, consider the following sub-questions:\n\n1. **What is the total number of items presented in the video?**\n   - This will help confirm that there are at least seven items to identify the fifth and seventh items.\n\n2. **Can you describe or list all the items shown in the video in the order they appear?**\n   - This will provide a clear sequence of items, making it easier to identify the fifth and seventh items specifically.\n\n3. **Are there any visual cues or labels in the video that indicate what each item is?**\n   - This can help verify whether the fifth and seventh items are indeed sticky notes and a measurement scale, respectively.",
  "annotations": {
    "frame_annotations": [
      {
        "timestamp": 0.0,
        "annotation": "The image shows a purple background with white floral patterns. Text in the center reads '9 stationary items that every student must have'."
      },
      {
        "timestamp": 1.0,
        "annotation": "The image is the same as the previous frame. No noticeable change."
      },
      {
        "timestamp": 2.0,
        "annotation": "The image shows three notebooks with cute avocado designs on the covers. The word 'Notebooks' is displayed at the bottom."
      },
      {
        "timestamp": 3.0,
        "annotation": "The image is the same as the previous frame. No noticeable change."
      },
      {
        "timestamp": 4.0,
        "annotation": "The image shows four colored pencils in pastel shades: light blue, purple, pink, and mint green. The word 'Pencils' is displayed at the bottom."
      },
      {
        "timestamp": 5.0,
        "annotation": "The image shows a pack of pastel-colored pens with a purple pen placed beside the pack. The word 'Pens' is displayed at the bottom."
      },
      {
        "timestamp": 6.0,
        "annotation": "The image is the same as the previous frame. No noticeable change."
      },
      {
        "timestamp": 7.0,
        "annotation": "The image shows a stack of colorful sticky notes in various pastel shades. The word 'sticky notes' is displayed at the bottom."
      },
      {
        "timestamp": 8.0,
        "annotation": "The image is the same as the previous frame. No noticeable change."
      },
      {
        "timestamp": 9.0,
        "annotation": "The image shows a set of highlighters in different colors. The word 'Highlighters' is displayed at the bottom."
      },
      {
        "timestamp": 10.0,
        "annotation": "The image shows a set of highlighters in different colors. The word 'Highlighters' is displayed at the bottom. No change from the previous frame."
      },
      {
        "timestamp": 11.0,
        "annotation": "The image shows a set of highlighters in different colors. The word 'Highlighters' is displayed at the bottom. No change from the previous frame."
      },
      {
        "timestamp": 12.0,
        "annotation": "The image shows a set of highlighters in different colors. The word 'Highlighters' is displayed at the bottom. No change from the previous frame."
      },
      {
        "timestamp": 13.0,
        "annotation": "The image shows a measurement scale. The word 'Measurement scale' is displayed at the bottom. The scene has changed from highlighters to a measurement scale."
      },
      {
        "timestamp": 14.0,
        "annotation": "The image shows four erasers in different colors. The word 'Eraser' is displayed at the bottom. The scene has changed from a measurement scale to erasers."
      },
      {
        "timestamp": 15.0,
        "annotation": "The image shows three small sharpeners in different colors. The word 'Sharpener' is displayed at the bottom. The scene has changed from erasers to sharpeners."
      },
      {
        "timestamp": 16.0,
        "annotation": "The image shows two glue sticks in different colors. The word 'Glue' is displayed at the bottom. The scene has changed from sharpeners to glue sticks."
      }
    ],
    "whole_video_annotation": "The video appears to be a presentation or advertisement showcasing \"9 stationary items that every student must have.\" It sequentially displays different stationary items, each held on screen for a few seconds, with the name of the item displayed at the bottom of the screen. The items are shown in a visually appealing manner, often with pastel colors and cute designs.\n\nTo answer the user's question specifically:\n- The fifth item in the video is **pens** (Frame 5).\n- The seventh item in the video is **sticky notes** (Frame 7).\n\nTherefore, the fifth item is not sticky notes, and the seventh item is indeed sticky notes, but it is not a measurement scale.",
    "annotations_summary": "The video is a presentation or advertisement highlighting \"9 stationary items that every student must have.\" It features the following items in sequence, each displayed with the item's name at the bottom of the screen:\n\n1. **Notebooks** (Frame 2): Three notebooks with cute avocado designs on the covers.\n2. **Pencils** (Frame 4): Four colored pencils in pastel shades (light blue, purple, pink, and mint green).\n3. **Pens** (Frame 5): A pack of pastel-colored pens with a purple pen placed beside the pack.\n4. **Sticky Notes** (Frame 7): A stack of colorful sticky notes in various pastel shades.\n5. **Highlighters** (Frame 9): A set of highlighters in different colors.\n6. **Measurement Scale** (Frame 13): A measurement scale.\n7. **Erasers** (Frame 14): Four erasers in different colors.\n8. **Sharpeners** (Frame 15): Three small sharpeners in different colors.\n9. **Glue Sticks** (Frame 16): Two glue sticks in different colors.\n\nEach item is displayed for a few seconds, with some frames showing no noticeable change from the previous frame. The items are presented in a visually appealing manner, often with pastel colors and cute designs."
  }
}