{
  "qid": "1160-7",
  "video_id": "yTKp6HP2_wU",
  "video_path": "videos\\1160_yTKp6HP2_wU.mp4",
  "main_question": "What is the fourth item shown in the video?\nA. A sliding round button.\nB. A deck of cards fidget toy.\nC. A metal fidget toy that looks like a mahjong tile.\nD. A small black pill-shaped fidget toy.",
  "sub_questions": "To better understand the video and identify the fourth item shown, consider the following sub-questions:\n\n1. **Can you describe the sequence of items presented in the video?**\n   - What are the first three items shown before the fourth item?\n\n2. **What are the visual characteristics of the fourth item?**\n   - What does the fourth item look like in terms of shape, color, and material?\n\n3. **Are there any distinctive features or actions associated with the fourth item?**\n   - Does the fourth item have any unique movements or functions that are demonstrated in the video?",
  "annotations": {
    "frame_annotations": [
      {
        "timestamp": 0.0,
        "annotation": "The video starts with a hand holding a metal fidget toy that looks like a mahjong tile. The text 'TOP 5 FIDGET TOYS' is displayed at the top, and the caption reads 'THIS IS THE ONE THAT STARTED MY FIDGET TOY ADDICTION.'"
      },
      {
        "timestamp": 0.97,
        "annotation": "The hand is still holding the same metal fidget toy. The text 'SOUND ON!' appears in red below the 'TOP 5 FIDGET TOYS' header.",
        "change": "The text 'SOUND ON!' is added."
      },
      {
        "timestamp": 1.94,
        "annotation": "The hand is now holding a deck of cards fidget toy. The caption changes to 'PLUS, IT LOOKS WICKED TOO.'",
        "change": "The fidget toy changes to a deck of cards fidget toy, and the caption updates."
      },
      {
        "timestamp": 2.9,
        "annotation": "The hand returns to holding the metal fidget toy that looks like a mahjong tile. The caption remains 'PLUS, IT LOOKS WICKED TOO.'",
        "change": "The fidget toy changes back to the metal one."
      },
      {
        "timestamp": 3.87,
        "annotation": "The hand is holding a small black pill-shaped fidget toy. The caption reads 'THIS PILL IS THE EASIEST ONE TO CARRY AROUND WITH ME.'",
        "change": "The fidget toy changes to a small black pill-shaped toy, and the caption updates."
      },
      {
        "timestamp": 4.84,
        "annotation": "The hand is still holding the small black pill-shaped fidget toy. The toy is more visible, and the caption remains the same.",
        "change": "The pill-shaped toy is more clearly visible."
      },
      {
        "timestamp": 5.81,
        "annotation": "The hand is still holding the small black pill-shaped fidget toy. The caption remains 'THIS PILL IS THE EASIEST ONE TO CARRY AROUND WITH ME.'",
        "change": "No change in the fidget toy or caption."
      },
      {
        "timestamp": 6.77,
        "annotation": "The hand is still holding the small black pill-shaped fidget toy. The caption changes to 'YOU WON'T WANT TO LET GO OF IT.'",
        "change": "The caption updates."
      },
      {
        "timestamp": 7.74,
        "annotation": "The hand is still holding the small black pill-shaped fidget toy. The caption changes to 'NOW, OFFERING THE MOST VARIETY'",
        "change": "The caption updates."
      },
      {
        "timestamp": 8.71,
        "annotation": "The hand is still holding the small black pill-shaped fidget toy. The caption remains 'NOW, OFFERING THE MOST VARIETY'",
        "change": "No change in the fidget toy or caption."
      },
      {
        "timestamp": 9.68,
        "annotation": "The hand is holding a metal fidget toy that looks like a mahjong tile. The caption reads 'NOW, OFFERING THE MOST VARIETY'.",
        "change": "No change from the previous frame."
      },
      {
        "timestamp": 10.64,
        "annotation": "The hand is still holding the metal fidget toy that looks like a mahjong tile. The caption remains 'NOW, OFFERING THE MOST VARIETY'.",
        "change": "No change from the previous frame."
      },
      {
        "timestamp": 11.61,
        "annotation": "The hand is still holding the metal fidget toy that looks like a mahjong tile. The caption remains 'NOW, OFFERING THE MOST VARIETY'.",
        "change": "No change from the previous frame."
      },
      {
        "timestamp": 12.58,
        "annotation": "The hand is still holding the metal fidget toy that looks like a mahjong tile. The caption changes to 'WITH A SLIDER LIKE YOU'RE RELOADING'.",
        "change": "The caption has changed to 'WITH A SLIDER LIKE YOU'RE RELOADING'."
      },
      {
        "timestamp": 13.55,
        "annotation": "The hand is still holding the metal fidget toy that looks like a mahjong tile. The caption remains 'WITH A SLIDER LIKE YOU'RE RELOADING'.",
        "change": "No change from the previous frame."
      },
      {
        "timestamp": 14.51,
        "annotation": "The hand is still holding the metal fidget toy that looks like a mahjong tile. The caption remains 'WITH A SLIDER LIKE YOU'RE RELOADING'.",
        "change": "No change from the previous frame."
      },
      {
        "timestamp": 15.48,
        "annotation": "The hand is now holding a small black pill-shaped fidget toy. The caption changes to 'COMBINED WITH A ROLLING CLICK, TO SATISFY ALL MY CRAVINGS.'",
        "change": "The fidget toy has changed to a small black pill-shaped fidget toy. The caption has changed to 'COMBINED WITH A ROLLING CLICK, TO SATISFY ALL MY CRAVINGS.'"
      },
      {
        "timestamp": 16.45,
        "annotation": "The hand is still holding the small black pill-shaped fidget toy. The caption remains 'COMBINED WITH A ROLLING CLICK, TO SATISFY ALL MY CRAVINGS.'",
        "change": "No change from the previous frame."
      },
      {
        "timestamp": 17.42,
        "annotation": "The hand is still holding the small black pill-shaped fidget toy. The caption remains 'COMBINED WITH A ROLLING CLICK, TO SATISFY ALL MY CRAVINGS.'",
        "change": "No change from the previous frame."
      },
      {
        "timestamp": 18.39,
        "annotation": "The hand is now holding a chunky and heavy metal fidget toy. The caption changes to 'THEN JUST A CHUNKY AND HEAVY'.",
        "change": "The fidget toy has changed to a chunky and heavy metal fidget toy. The caption has changed to 'THEN JUST A CHUNKY AND HEAVY'."
      },
      {
        "timestamp": 19.35,
        "annotation": "The hand is holding a small, round, metallic fidget toy. The caption reads 'PIECE OF METAL THAT CATCHES THE MOST ATTENTION.'",
        "change": "The fidget toy has changed from a chunky and heavy metal fidget toy to a small, round, metallic fidget toy. The caption has changed to 'PIECE OF METAL THAT CATCHES THE MOST ATTENTION.'"
      },
      {
        "timestamp": 20.32,
        "annotation": "The hand is holding the same small, round, metallic fidget toy. The caption reads 'AND THE TINIEST YET MOST SATISFYING'.",
        "change": "The caption has changed to 'AND THE TINIEST YET MOST SATISFYING'."
      },
      {
        "timestamp": 21.29,
        "annotation": "The hand is holding the same small, round, metallic fidget toy. The caption reads 'AND THE TINIEST YET MOST SATISFYING'.",
        "change": "No noticeable change from the previous frame."
      },
      {
        "timestamp": 22.26,
        "annotation": "The hand is holding the same small, round, metallic fidget toy. The caption reads 'AND THE TINIEST YET MOST SATISFYING'.",
        "change": "No noticeable change from the previous frame."
      },
      {
        "timestamp": 23.22,
        "annotation": "The hand is holding the same small, round, metallic fidget toy. The caption reads 'LIKE FLICKING A SWITCH'.",
        "change": "The caption has changed to 'LIKE FLICKING A SWITCH'."
      },
      {
        "timestamp": 24.19,
        "annotation": "The hand is holding the same small, round, metallic fidget toy. The caption reads 'ON AND OFF, WITHOUT EVER GETTING IN TROUBLE FOR IT.'",
        "change": "The caption has changed to 'ON AND OFF, WITHOUT EVER GETTING IN TROUBLE FOR IT.'"
      },
      {
        "timestamp": 25.16,
        "annotation": "The hand is holding the same small, round, metallic fidget toy. The caption reads 'ON AND OFF, WITHOUT EVER GETTING IN TROUBLE FOR IT.'",
        "change": "No noticeable change from the previous frame."
      },
      {
        "timestamp": 26.13,
        "annotation": "The hand is holding the same small, round, metallic fidget toy. The caption reads 'ON AND OFF, WITHOUT EVER GETTING IN TROUBLE FOR IT.'",
        "change": "No noticeable change from the previous frame."
      },
      {
        "timestamp": 27.09,
        "annotation": "The hand is holding the same small, round, metallic fidget toy. There is no caption visible.",
        "change": "The caption has disappeared."
      }
    ],
    "whole_video_annotation": "The video appears to be a review or showcase of various fidget toys. It starts with a hand holding different types of fidget toys, each accompanied by captions that describe the features and appeal of the toys. The video seems to highlight the tactile and visual appeal of each fidget toy, emphasizing their unique characteristics and the satisfaction they provide.\n\nThe fourth item shown in the video is:\n\nD. A small black pill-shaped fidget toy.",
    "annotations_summary": "The video is a review or showcase of various fidget toys, highlighting their tactile and visual appeal. The fourth item shown in the video is a small black pill-shaped fidget toy. Here is a brief summary of the descriptions related to this toy:\n\n- **First Appearance (3.9s)**: The hand holds the small black pill-shaped fidget toy. The caption reads, \"THIS PILL IS THE EASIEST ONE TO CARRY AROUND WITH ME.\"\n- **Continuation (4.8s - 6.8s)**: The hand continues to hold the pill-shaped fidget toy, with the caption initially remaining the same and then changing to \"YOU WON'T WANT TO LET GO OF IT.\"\n- **Later Appearance (15.5s - 17.4s)**: The hand returns to holding the small black pill-shaped fidget toy. The caption describes it as having a \"ROLLING CLICK, TO SATISFY ALL MY CRAVINGS.\"\n\nThe video emphasizes the portability and satisfying tactile experience of this particular fidget toy."
  }
}