{
  "qid": "1160-3",
  "video_id": "yTKp6HP2_wU",
  "video_path": "videos\\1160_yTKp6HP2_wU.mp4",
  "main_question": "Is the fourth item in the video a small black pill-shaped fidget toy?",
  "sub_questions": "To better understand the video and answer the main question, consider the following sub-questions:\n\n1. **What are the items listed or shown in the video?**\n   - This will help identify what the fourth item is.\n\n2. **Is there a visual or verbal description of the fourth item in the video?**\n   - This can provide details about the item's appearance and shape.\n\n3. **Are there any close-up shots or detailed views of the fourth item?**\n   - This can help confirm whether the fourth item is a small black pill-shaped fidget toy.",
  "annotations": {
    "frame_annotations": [
      {
        "timestamp": 0.0,
        "annotation": "The video starts with a black screen and no visible objects or text."
      },
      {
        "timestamp": 0.97,
        "annotation": "A hand holding a metallic fidget toy appears. The text 'TOP 5 FIDGET TOYS' is displayed at the top. The text at the bottom reads: 'THIS IS THE ONE THAT STARTED MY FIDGET TOY ADDICTION.'"
      },
      {
        "timestamp": 1.94,
        "annotation": "The text 'SOUND ON!' appears in red next to the previous text. The hand is still holding the metallic fidget toy."
      },
      {
        "timestamp": 2.9,
        "annotation": "The hand now holds two playing cards with fidget designs. The bottom text changes to: 'PLUS, IT LOOKS WICKED TOO.'"
      },
      {
        "timestamp": 3.87,
        "annotation": "The hand returns to holding the metallic fidget toy. The bottom text remains: 'PLUS, IT LOOKS WICKED TOO.'"
      },
      {
        "timestamp": 4.84,
        "annotation": "The hand is holding a small black pill-shaped object. The bottom text changes to: 'THIS PILL IS THE EASIEST ONE TO CARRY AROUND WITH ME.' The object is partially visible and blurry."
      },
      {
        "timestamp": 5.81,
        "annotation": "The small black pill-shaped object is now fully visible and in focus. The bottom text remains the same: 'THIS PILL IS THE EASIEST ONE TO CARRY AROUND WITH ME.'"
      },
      {
        "timestamp": 6.77,
        "annotation": "The hand is holding the small black pill-shaped object more firmly. The bottom text remains: 'THIS PILL IS THE EASIEST ONE TO CARRY AROUND WITH ME.'"
      },
      {
        "timestamp": 7.74,
        "annotation": "The bottom text changes to: 'YOU WON'T WANT TO LET GO OF IT.' The small black pill-shaped object is still held in the hand."
      },
      {
        "timestamp": 8.71,
        "annotation": "The bottom text changes to: 'NOW, OFFERING THE MOST VARIETY'. The small black pill-shaped object is still held in the hand, and the hand makes a thumbs-up gesture."
      },
      {
        "timestamp": 9.68,
        "annotation": "A hand holds a small metallic fidget toy shaped like a camera. The bottom text reads: 'NOW, OFFERING THE MOST VARIETY'. No noticeable change from the previous frame."
      },
      {
        "timestamp": 10.64,
        "annotation": "The hand continues to hold the metallic fidget toy. The bottom text remains the same. No noticeable change from the previous frame."
      },
      {
        "timestamp": 11.61,
        "annotation": "The hand still holds the metallic fidget toy. The bottom text remains the same. No noticeable change from the previous frame."
      },
      {
        "timestamp": 12.58,
        "annotation": "The hand still holds the metallic fidget toy. The bottom text remains the same. No noticeable change from the previous frame."
      },
      {
        "timestamp": 13.55,
        "annotation": "The hand still holds the metallic fidget toy. The bottom text changes to: 'WITH A SLIDER LIKE YOU'RE RELOADING'."
      },
      {
        "timestamp": 14.51,
        "annotation": "The hand still holds the metallic fidget toy. The bottom text remains the same. No noticeable change from the previous frame."
      },
      {
        "timestamp": 15.48,
        "annotation": "The hand still holds the metallic fidget toy. The bottom text changes to: 'COMBINED WITH A ROLLING CLICK, TO SATISFY ALL MY CRAVINGS'."
      },
      {
        "timestamp": 16.45,
        "annotation": "The hand still holds the metallic fidget toy. The bottom text remains the same. No noticeable change from the previous frame."
      },
      {
        "timestamp": 17.42,
        "annotation": "The hand still holds the metallic fidget toy. The bottom text changes to: 'THEN JUST A CHUNKY AND HEAVY'."
      },
      {
        "timestamp": 18.39,
        "annotation": "The hand still holds the metallic fidget toy. The bottom text changes to: 'PIECE OF METAL THAT CATCHES THE MOST ATTENTION'."
      },
      {
        "timestamp": 19.35,
        "annotation": "The hand holds a metallic fidget toy. The bottom text reads: 'PIECE OF METAL THAT CATCHES THE MOST ATTENTION'. No noticeable change from the previous frame."
      },
      {
        "timestamp": 20.32,
        "annotation": "The hand continues to hold the metallic fidget toy. The bottom text remains the same. No noticeable change from the previous frame."
      },
      {
        "timestamp": 21.29,
        "annotation": "The hand is still holding the metallic fidget toy. The bottom text changes to: 'AND THE TINIEST YET MOST SATISFYING'."
      },
      {
        "timestamp": 22.26,
        "annotation": "The hand is still holding the metallic fidget toy. The bottom text remains the same. No noticeable change from the previous frame."
      },
      {
        "timestamp": 23.22,
        "annotation": "The hand is still holding the metallic fidget toy. The bottom text changes to: 'LIKE FLICKING A SWITCH'."
      },
      {
        "timestamp": 24.19,
        "annotation": "The hand is still holding the metallic fidget toy. The bottom text changes to: 'ON AND OFF, WITHOUT EVER GETTING IN TROUBLE FOR IT'."
      },
      {
        "timestamp": 25.16,
        "annotation": "The hand is still holding the metallic fidget toy. The bottom text remains the same. No noticeable change from the previous frame."
      },
      {
        "timestamp": 26.13,
        "annotation": "The hand is still holding the metallic fidget toy. The bottom text remains the same. No noticeable change from the previous frame."
      },
      {
        "timestamp": 27.09,
        "annotation": "The hand is still holding the metallic fidget toy. The bottom text remains the same. No noticeable change from the previous frame."
      }
    ],
    "whole_video_annotation": "The video appears to be a review or showcase of various fidget toys. It starts with a black screen and then introduces different fidget toys one by one, highlighting their features and the user's experience with them. The video includes text annotations that describe each fidget toy and provide commentary on their appeal and functionality. The sequence of fidget toys shown includes a metallic fidget toy, playing cards with fidget designs, a small black pill-shaped fidget toy, and a metallic fidget toy shaped like a camera.\n\nTo answer the user's question: Yes, the fourth item in the video is a small black pill-shaped fidget toy. It is introduced in Frame 5 and is described with the text: \"THIS PILL IS THE EASIEST ONE TO CARRY AROUND WITH ME.\"",
    "annotations_summary": "The video is a review or showcase of various fidget toys, starting with a black screen and then introducing different fidget toys one by one. Here is a brief summary of the descriptions:\n\n1. **Introduction (0.0s - 1.9s)**:\n   - The video begins with a black screen.\n   - A hand holding a metallic fidget toy appears.\n   - Text at the top reads: \"TOP 5 FIDGET TOYS.\"\n   - Bottom text: \"THIS IS THE ONE THAT STARTED MY FIDGET TOY ADDICTION.\"\n   - \"SOUND ON!\" appears in red next to the previous text.\n\n2. **Playing Cards with Fidget Designs (2.9s - 3.9s)**:\n   - The hand now holds two playing cards with fidget designs.\n   - Bottom text: \"PLUS, IT LOOKS WICKED TOO.\"\n\n3. **Return to Metallic Fidget Toy (3.9s)**:\n   - The hand returns to holding the metallic fidget toy.\n   - Bottom text remains: \"PLUS, IT LOOKS WICKED TOO.\"\n\n4. **Small Black Pill-Shaped Fidget Toy (4.8s - 8.7s)**:\n   - The hand holds a small black pill-shaped object.\n   - Bottom text: \"THIS PILL IS THE EASIEST ONE TO CARRY AROUND WITH ME.\"\n   - The object becomes fully visible and in focus.\n   - Text changes to: \"YOU WON'T WANT TO LET GO OF IT.\"\n   - The hand makes a thumbs-up gesture.\n   - Bottom text: \"NOW, OFFERING THE MOST VARIETY.\"\n\n5. **Metallic Fidget Toy Shaped Like a Camera (9.7s - 27.1s)**:\n   - The hand holds a small metallic fidget toy shaped like a camera.\n   - Various descriptive texts highlight its features:\n     - \"WITH A SLIDER LIKE YOU'RE RELOADING.\"\n     - \"COMBINED WITH A ROLLING CLICK, TO SATISFY ALL MY CRAVINGS.\"\n     - \"THEN JUST A CHUNKY AND HEAVY PIECE OF METAL THAT CATCHES THE MOST ATTENTION.\"\n     - \"AND THE TINIEST YET MOST SATISFYING.\"\n     - \"LIKE FLICKING A SWITCH ON AND OFF, WITHOUT EVER GETTING IN TROUBLE FOR IT.\"\n\nThe video includes text annotations that describe each fidget toy and provide commentary on their appeal and functionality."
  }
}