{
  "qid": "1162-7",
  "video_id": "4jmQCgMy1mE",
  "video_path": "videos\\1162_4jmQCgMy1mE.mp4",
  "main_question": "What is the correct order of the menu options browsed in the video?\nA. Calendar, Clock, Calculator, Notes\nB. Calendar, Clock, Notes, Calculator, Settings\nC. Calendar, Notes, Clock, Calculator\nD. Calendar, Clock, Notes, Calculator",
  "sub_questions": "To better understand the video and determine the correct order of the menu options browsed, consider the following sub-questions:\n\n1. **What is the first menu option that appears after the video starts?**\n   - This will help identify the starting point of the sequence.\n\n2. **In what order are the following menu options accessed: Clock, Notes, and Calculator?**\n   - This will help narrow down the options by confirming the sequence of these three specific menu items.\n\n3. **Is the Settings menu accessed at any point in the video?**\n   - This will help eliminate options that include Settings if it is not accessed.\n\nBy answering these sub-questions, you should be able to determine the correct order of the menu options browsed in the video.",
  "annotations": {
    "frame_annotations": [
      {
        "timestamp": 0.0,
        "annotation": "The video starts with a black screen."
      },
      {
        "timestamp": 0.97,
        "annotation": "A hand holding a phone with a keypad labeled 'Punkt.' The text 'THE NEW BRICK PHONE' is displayed at the top."
      },
      {
        "timestamp": 1.94,
        "annotation": "The phone screen now shows the 'Punkt.' logo prominently. The text 'SOUND ON!' appears below 'THE NEW BRICK PHONE'.",
        "change": "The phone screen now displays the 'Punkt.' logo."
      },
      {
        "timestamp": 2.9,
        "annotation": "The screen is blurred, making it difficult to see the phone clearly. The text 'THE NEW BRICK PHONE SOUND ON!' is still visible.",
        "change": "The screen is blurred."
      },
      {
        "timestamp": 3.87,
        "annotation": "The phone screen shows the time '1:18 PM' and the date 'Wed 04 Sep'. The text 'No SIM - emergency calls only' is also visible.",
        "change": "The phone screen now shows the time and date."
      },
      {
        "timestamp": 4.84,
        "annotation": "The phone screen is slightly tilted, still showing the time and date.",
        "change": "The phone is slightly tilted."
      },
      {
        "timestamp": 5.81,
        "annotation": "The phone screen shows the time and date clearly, with the 'Punkt.' logo below.",
        "change": "The phone is held steadily, showing the screen clearly."
      },
      {
        "timestamp": 6.77,
        "annotation": "The phone screen displays a menu with 'Calendar' highlighted.",
        "change": "The phone screen now shows the menu with 'Calendar' highlighted."
      },
      {
        "timestamp": 7.74,
        "annotation": "The menu now has 'Notes' highlighted.",
        "change": "The highlighted menu option changed from 'Calendar' to 'Notes'."
      },
      {
        "timestamp": 8.71,
        "annotation": "The phone screen is blurred, making the menu options unreadable.",
        "change": "The phone screen is blurred again."
      },
      {
        "timestamp": 9.68,
        "annotation": "The phone screen is blurred, making the menu options unreadable. A hand is seen pressing the number 1 key on a keypad.",
        "change": "The phone screen is now visible, showing the number 1 being pressed."
      },
      {
        "timestamp": 10.64,
        "annotation": "The phone screen is still blurred, making the menu options unreadable. The hand is now pressing the number 2 key on the keypad.",
        "change": "The hand moved from the number 1 key to the number 2 key."
      },
      {
        "timestamp": 11.61,
        "annotation": "The phone screen is still blurred, making the menu options unreadable. The hand is now pressing the number 6 key on the keypad.",
        "change": "The hand moved from the number 2 key to the number 6 key."
      },
      {
        "timestamp": 12.58,
        "annotation": "The phone screen is still blurred, making the menu options unreadable. The hand is now pressing the number 3 key on the keypad.",
        "change": "The hand moved from the number 6 key to the number 3 key."
      },
      {
        "timestamp": 13.55,
        "annotation": "The phone screen is still blurred, making the menu options unreadable. The hand is now pressing the number 8 key on the keypad.",
        "change": "The hand moved from the number 3 key to the number 8 key."
      },
      {
        "timestamp": 14.51,
        "annotation": "The phone screen is still blurred, making the menu options unreadable. The hand is now pressing the number 6 key on the keypad again.",
        "change": "The hand moved from the number 8 key back to the number 6 key."
      },
      {
        "timestamp": 15.48,
        "annotation": "The phone screen is still blurred, making the menu options unreadable. The hand is now pressing the number 3 key on the keypad again.",
        "change": "The hand moved from the number 6 key to the number 3 key."
      },
      {
        "timestamp": 16.45,
        "annotation": "The phone screen is still blurred, making the menu options unreadable. The hand is now pressing the number 6 key on the keypad again.",
        "change": "The hand moved from the number 3 key to the number 6 key."
      },
      {
        "timestamp": 17.42,
        "annotation": "The phone screen is still blurred, making the menu options unreadable. The hand is now pressing the number 6 key on the keypad again.",
        "change": "The hand is still pressing the number 6 key."
      },
      {
        "timestamp": 18.39,
        "annotation": "The phone screen is still blurred, making the menu options unreadable. The hand is now pressing the number 6 key on the keypad again.",
        "change": "The hand is still pressing the number 6 key."
      },
      {
        "timestamp": 19.35,
        "annotation": "The phone screen is still blurred, making the menu options unreadable. The hand is holding the phone to the ear, suggesting the user is about to make or receive a call.",
        "change": "The hand is now holding the phone to the ear."
      },
      {
        "timestamp": 20.32,
        "annotation": "The phone is still held to the ear. The screen is still blurred, and no menu options are visible.",
        "change": "No significant change from the previous frame."
      },
      {
        "timestamp": 21.29,
        "annotation": "The phone remains held to the ear. The screen is still blurred, and no menu options are visible.",
        "change": "No significant change from the previous frame."
      },
      {
        "timestamp": 22.26,
        "annotation": "The phone is still held to the ear. The screen is still blurred, and no menu options are visible.",
        "change": "No significant change from the previous frame."
      },
      {
        "timestamp": 23.22,
        "annotation": "The phone is still held to the ear. The screen is still blurred, and no menu options are visible.",
        "change": "No significant change from the previous frame."
      },
      {
        "timestamp": 24.19,
        "annotation": "The phone is still held to the ear. The screen is still blurred, and no menu options are visible.",
        "change": "No significant change from the previous frame."
      },
      {
        "timestamp": 25.16,
        "annotation": "The phone is still held to the ear. The screen is still blurred, and no menu options are visible.",
        "change": "No significant change from the previous frame."
      }
    ],
    "whole_video_annotation": "The video showcases a \"Punkt.\" brick phone, emphasizing its simplicity and functionality. Here's a brief description of what happens:\n\nThe video begins with a black screen and then shows a hand holding the Punkt. brick phone. The phone's screen displays various elements, including the time, date, and a \"No SIM - emergency calls only\" message. The phone's menu is briefly visible, highlighting different options as the user navigates through them. The menu options seen clearly are \"Calendar\" and \"Notes.\" The user then appears to dial a number using the keypad and holds the phone to their ear, suggesting an attempt to make or receive a call. The screen remains blurred during this interaction, making it difficult to discern additional menu options.\n\nBased on the visible menu options, the correct order of the menu options browsed in the video is:\n\nC. Calendar, Notes, Clock, Calculator",
    "annotations_summary": "The video features a \"Punkt.\" brick phone, highlighting its simplicity and functionality. Here's a summary of the key elements:\n\n1. **Initial Display**: The video starts with a black screen and then shows a hand holding the Punkt. brick phone. The phone's screen displays the time, date, and a message indicating \"No SIM - emergency calls only.\"\n\n2. **Menu Navigation**: The phone's menu is briefly visible, showing the options \"Calendar\" and \"Notes\" as the user navigates through them. The screen becomes blurred after these options, making further menu items unreadable.\n\n3. **Dialing and Calling**: The user dials a number using the keypad and holds the phone to their ear, suggesting an attempt to make or receive a call. The screen remains blurred during this interaction.\n\nThe visible menu options in the correct order are \"Calendar\" and \"Notes.\" The provided order C. \"Calendar, Notes, Clock, Calculator\" is incorrect based on the visible information in the video."
  }
}