{
  "qid": "1162-3",
  "video_id": "4jmQCgMy1mE",
  "video_path": "videos\\1162_4jmQCgMy1mE.mp4",
  "main_question": "Does the person browse through the menu options including Settings?",
  "sub_questions": "To better understand whether the person browses through the menu options including Settings, consider the following sub-questions:\n\n1. **What specific actions does the person take on the screen?**\n   - This will help identify if the person is navigating through different menu options.\n\n2. **Are there any visual indicators (e.g., highlights, cursors) that show the person selecting or hovering over the Settings menu?**\n   - This can provide clear evidence of interaction with the Settings option.\n\n3. **Does the person spend time on any particular menu or option, and if so, which ones?**\n   - This can indicate whether the person is thoroughly browsing through the menu options, including Settings.",
  "annotations": {
    "frame_annotations": [
      {
        "timestamp": 0.0,
        "annotation": "The image is completely black."
      },
      {
        "timestamp": 0.97,
        "annotation": "A hand holding a phone labeled 'The New Brick Phone'. The phone has a physical keypad and the brand name 'Punkt.' is visible."
      },
      {
        "timestamp": 1.94,
        "annotation": "The phone screen now displays the brand name 'Punkt.' in large letters. The text 'SOUND ON!' appears below the main title. No noticeable change in the hand position or phone orientation."
      },
      {
        "timestamp": 2.9,
        "annotation": "The image is blurred, making it difficult to discern any details. The text 'The New Brick Phone SOUND ON!' is still visible."
      },
      {
        "timestamp": 3.87,
        "annotation": "The phone screen shows the time as 1:18 PM and the date as Wednesday, September 4. The brand name 'Punkt.' is visible below the time and date. No noticeable change in the hand position or phone orientation."
      },
      {
        "timestamp": 4.84,
        "annotation": "The phone screen remains the same, showing the time and date. The hand position and phone orientation are unchanged."
      },
      {
        "timestamp": 5.81,
        "annotation": "The phone screen remains the same, showing the time and date. The hand position and phone orientation are unchanged."
      },
      {
        "timestamp": 6.77,
        "annotation": "The phone screen now displays a menu with the option 'Calendar' highlighted. The menu includes options like 'Calendar', 'Clock', 'Notes', 'Calculator', and 'Settings'."
      },
      {
        "timestamp": 7.74,
        "annotation": "The menu on the phone screen is slightly scrolled down, with 'Notes' now highlighted. The options 'Calendar', 'Clock', 'Notes', 'Calculator', and 'Settings' are visible."
      },
      {
        "timestamp": 8.71,
        "annotation": "The image is blurred, making it difficult to discern any details. The hand and phone are still visible but not in focus."
      },
      {
        "timestamp": 9.68,
        "annotation": "The image is still blurred, but the hand and phone are more visible. The phone appears to be a keypad phone with a screen displaying some text."
      },
      {
        "timestamp": 10.64,
        "annotation": "The image remains blurred, but the hand and phone are still visible. The finger is pressing a button on the keypad."
      },
      {
        "timestamp": 11.61,
        "annotation": "The image is still blurred. The finger is now pressing a different button on the keypad."
      },
      {
        "timestamp": 12.58,
        "annotation": "The image is still blurred. The finger is pressing another button on the keypad."
      },
      {
        "timestamp": 13.55,
        "annotation": "The image is still blurred. The finger is pressing yet another button on the keypad."
      },
      {
        "timestamp": 14.51,
        "annotation": "The image is still blurred. The finger is pressing a button on the keypad."
      },
      {
        "timestamp": 15.48,
        "annotation": "The image is still blurred. The finger is pressing a button on the keypad."
      },
      {
        "timestamp": 16.45,
        "annotation": "The image is still blurred. The finger is pressing a button on the keypad."
      },
      {
        "timestamp": 17.42,
        "annotation": "The image is still blurred. The finger is pressing a button on the keypad."
      },
      {
        "timestamp": 18.39,
        "annotation": "The image is still blurred. The finger is pressing a button on the keypad."
      },
      {
        "timestamp": 19.35,
        "annotation": "The image is still blurred. The finger is pressing a button on the keypad."
      },
      {
        "timestamp": 20.32,
        "annotation": "The image is still blurred. The finger is pressing a button on the keypad. The finger appears to be moving slightly."
      },
      {
        "timestamp": 21.29,
        "annotation": "The image is still blurred. The finger is pressing a button on the keypad. The finger appears to be moving slightly."
      },
      {
        "timestamp": 22.26,
        "annotation": "The image is still blurred. The finger is pressing a button on the keypad. The finger appears to be moving slightly."
      },
      {
        "timestamp": 23.22,
        "annotation": "The image is still blurred. The finger is pressing a button on the keypad. The finger appears to be moving slightly."
      },
      {
        "timestamp": 24.19,
        "annotation": "The image is no longer blurred. The person is holding the phone to their ear, appearing to be on a call."
      },
      {
        "timestamp": 25.16,
        "annotation": "The person is holding the phone to their ear, appearing to be on a call. The person's face is now visible."
      }
    ],
    "whole_video_annotation": "The video showcases a person interacting with a \"Punkt.\" branded brick phone, which features a physical keypad and a simple interface. Here's a general description of the events:\n\nThe video begins with a black screen and then shows a hand holding the phone. The phone's screen displays the brand name \"Punkt.\" and the text \"SOUND ON!\" Initially, the phone shows the time as 1:18 PM and the date as Wednesday, September 4. The person then navigates through a menu on the phone, highlighting options such as 'Calendar', 'Clock', 'Notes', 'Calculator', and 'Settings'. The video becomes blurred as the person presses several buttons on the keypad, suggesting they are inputting information or dialing a number. Finally, the person holds the phone to their ear, indicating they are making or receiving a call, and their face becomes visible.\n\nRegarding the specific question: Yes, the person does browse through the menu options, including \"Settings.\"",
    "annotations_summary": "The video features a person interacting with a \"Punkt.\" branded brick phone, which has a physical keypad and a straightforward interface. Here's a summary of the key events:\n\n1. **Initial Display**: The video starts with a black screen, followed by a hand holding the phone. The phone screen displays the brand name \"Punkt.\" and the text \"SOUND ON!\" It then shows the time as 1:18 PM and the date as Wednesday, September 4.\n\n2. **Menu Navigation**: The person navigates through a menu on the phone, highlighting options such as 'Calendar', 'Clock', 'Notes', 'Calculator', and 'Settings'.\n\n3. **Keypad Interaction**: The video becomes blurred as the person presses several buttons on the keypad, likely inputting information or dialing a number.\n\n4. **Call Interaction**: Finally, the person holds the phone to their ear, indicating they are making or receiving a call, and their face becomes visible.\n\nThe person does browse through the menu options, including \"Settings.\""
  }
}