{
  "qid": "1168-3",
  "video_id": "aWdGWNIye8M",
  "video_path": "videos\\1168_aWdGWNIye8M.mp4",
  "main_question": "Did the man in the red hat fall into the hole because he was deceived by a realistic 3D street painting?",
  "sub_questions": "To better understand the video and address the main question, consider the following sub-questions:\n\n1. **What are the visual elements in the video that depict the man in the red hat and the hole?**\n   - This will help clarify the scene and the actions taking place.\n\n2. **Are there any indications in the video that the man in the red hat was aware of the 3D street painting before he approached the hole?**\n   - This can provide context about his level of awareness and potential deception.\n\n3. **Does the video show any reactions from bystanders or other characters that might suggest deception or surprise?**\n   - Observing the reactions of others can offer additional insights into whether the man was deceived by the painting.",
  "annotations": {
    "frame_annotations": [
      {
        "timestamp": 10.0,
        "annotation": "A woman in a black shirt and jeans is approaching a 3D street painting. The painting depicts a hole in the ground with various animated characters around it. There are tents and people in the background, suggesting an outdoor event."
      },
      {
        "timestamp": 11.0,
        "annotation": "The woman is now closer to the painting, bending forward slightly as if to look into the hole. The hole in the painting appears more prominently as she approaches."
      },
      {
        "timestamp": 12.0,
        "annotation": "The woman is leaning over the hole, appearing to be intrigued or amused by the 3D effect. Her posture suggests she might be pretending to fall into the hole."
      },
      {
        "timestamp": 13.0,
        "annotation": "The woman is now in mid-air, with her arms outstretched, giving the impression that she is falling into the hole. Her expression and body language indicate she is playfully engaging with the painting."
      },
      {
        "timestamp": 14.0,
        "annotation": "The woman has landed safely on the ground, standing upright again. She appears to be laughing or smiling, indicating she enjoyed the interaction with the 3D street painting."
      }
    ],
    "whole_video_annotation": "In the video, a woman in casual attire is interacting with a realistic 3D street painting that depicts a hole in the ground. She approaches the painting, bends over to look into the hole, and playfully pretends to fall into it. She jumps into the air as if falling and then lands safely on the ground, laughing or smiling, clearly enjoying the experience. The scene takes place at an outdoor event with tents and other people in the background.\n\nRegarding the user's question: No, the woman in the video did not fall into the hole. She was playfully engaging with the 3D street painting. There is no man in a red hat in the described frames.",
    "annotations_summary": "The video shows a woman in casual attire interacting with a 3D street painting that depicts a hole in the ground. The scene takes place at an outdoor event with tents and people in the background. Here's a brief summary of her actions:\n\n- The woman approaches the painting and bends over to look into the hole.\n- She playfully pretends to fall into the hole by jumping into the air with her arms outstretched.\n- She lands safely on the ground and appears to be laughing or smiling, enjoying the interaction.\n\nAt no point does the woman actually fall into the hole, and there is no mention of a man in a red hat in the provided descriptions."
  }
}