{
  "qid": "1168-2",
  "video_id": "aWdGWNIye8M",
  "video_path": "videos\\1168_aWdGWNIye8M.mp4",
  "main_question": "Did the man in the red hat fall into the hole because of video editing and an optical illusion?",
  "sub_questions": "To better understand the video and address the main question, consider the following sub-questions:\n\n1. **What are the visual cues in the video that suggest the man in the red hat might have fallen into the hole?**\n   - This will help identify the specific moments and details that contribute to the perception of the fall.\n\n2. **Are there any indications of video editing techniques used in the scene where the man in the red hat appears to fall?**\n   - This can include cuts, transitions, or other editing effects that might create an optical illusion.\n\n3. **How does the perspective and camera angle change during the sequence, and could these changes contribute to the optical illusion?**\n   - Understanding the cinematography can reveal how the viewer's perception might be manipulated.",
  "annotations": {
    "frame_annotations": [
      {
        "timestamp": 0.0,
        "annotation": "A man in a beige hat and plaid shirt is crouching down and appears to be drawing or painting on the ground. There is a red table with various items on it in the background."
      },
      {
        "timestamp": 1.0,
        "annotation": "The man continues to work on the ground art. A partial view of an orange and black butterfly starts to appear on the ground. No significant change from the previous frame."
      },
      {
        "timestamp": 2.0,
        "annotation": "The man is still drawing. More of the butterfly is visible, and the scene appears to be at an outdoor event with tents and people in the background."
      },
      {
        "timestamp": 3.0,
        "annotation": "The man stands up, and a woman in a black top and blue jeans walks towards him. The butterfly drawing is now fully visible."
      },
      {
        "timestamp": 4.0,
        "annotation": "The woman is now closer to the man, and they appear to be interacting. The butterfly drawing is prominent on the ground."
      },
      {
        "timestamp": 5.0,
        "annotation": "The woman is now stepping onto the drawing, creating the illusion that she is falling into a hole with a waterfall and penguins. The man in the beige hat is walking away."
      },
      {
        "timestamp": 6.0,
        "annotation": "The woman continues to step forward, enhancing the optical illusion of falling. More people are visible in the background, and the scene is bustling."
      },
      {
        "timestamp": 7.0,
        "annotation": "The woman is now fully engaged in the illusion, appearing to be mid-air as if falling into the hole. The man in the beige hat is further away."
      },
      {
        "timestamp": 8.0,
        "annotation": "The woman seems to be adjusting her posture, still within the illusion of falling. The man in the beige hat is almost out of the frame."
      },
      {
        "timestamp": 9.0,
        "annotation": "The woman is now stepping out of the illusion, and the man in the beige hat is no longer visible in the frame. The optical illusion is complete, showing the hole with the waterfall and penguins."
      },
      {
        "timestamp": 10.0,
        "annotation": "A woman is stepping into an optical illusion on the ground. The illusion depicts a hole with a waterfall, penguins, and other animated characters. The woman appears to be carefully placing her foot into the illusion. In the background, there are tents, tables, and other people walking around."
      },
      {
        "timestamp": 11.0,
        "annotation": "The woman is now deeper into the illusion, with her legs appearing to be inside the hole. She is bending forward, seemingly looking down into the illusion. The background remains the same with tents and people."
      },
      {
        "timestamp": 12.0,
        "annotation": "The woman is further into the illusion, with her upper body now appearing to be inside the hole. She is leaning forward with her hands on her knees, looking down. The background with tents and people is unchanged."
      },
      {
        "timestamp": 13.0,
        "annotation": "The woman is now fully bent over, with her hands almost touching the ground inside the illusion. Her posture suggests she is deeply engaged with the optical illusion. The background remains consistent."
      },
      {
        "timestamp": 14.0,
        "annotation": "The woman is standing up straight again, having completed her interaction with the optical illusion. She appears to be stepping out of the hole. The background with tents and people is the same."
      }
    ],
    "whole_video_annotation": "The video depicts an outdoor event where an artist is creating a large-scale optical illusion on the ground. The illusion features a hole with a waterfall, penguins, and other animated characters. The artist, wearing a beige hat and plaid shirt, is seen drawing the illusion on the ground. As he completes the artwork, a woman interacts with it, stepping into the illusion and creating the appearance of falling into the hole. The scene is bustling with people and tents in the background, indicating a public event or festival. The man in the beige hat does not fall into the hole; instead, he walks away after completing the drawing, while the woman engages with the optical illusion.",
    "annotations_summary": "The video showcases an outdoor event where an artist, dressed in a beige hat and plaid shirt, creates a large-scale optical illusion on the ground. The illusion depicts a hole with a waterfall, penguins, and other animated characters. As the artist completes his drawing, a woman interacts with the illusion by stepping into it, creating the visual effect of falling into the hole. The scene is lively, with tents and people in the background, suggesting a public event or festival. The artist walks away after finishing his artwork, while the woman fully engages with the optical illusion."
  }
}