{
  "qid": "1169-7",
  "video_id": "RtYbZzlUVxM",
  "video_path": "videos\\1169_RtYbZzlUVxM.mp4",
  "main_question": "Why was the man in black and white clothes kicked to pieces by the soccer ball?\nA. It was due to video editing.\nB. He was a mannequin.\nC. He was hit too hard.\nD. It was a magic trick.",
  "sub_questions": "To better understand the video and determine why the man in black and white clothes was kicked to pieces by a soccer ball, consider the following sub-questions:\n\n1. **What is the context or setting of the video?**\n   - Is it a staged performance, a commercial, a movie scene, or a live event? Understanding the context can help determine if it's a magic trick, video editing, or something else.\n\n2. **What happens before and after the incident?**\n   - Are there any preparations or setups before the man is kicked by the soccer ball? Does the man reassemble or disappear after being kicked? Observing the sequence of events can provide clues about whether it's a magic trick, video editing, or if the man is a mannequin.\n\n3. **What is the reaction of the people around the man?**\n   - Do the people in the video seem surprised, amused, or indifferent? Their reactions can indicate whether the event is part of a performance, a prank, or an accident. Additionally, check if there are any crew members or signs of filming equipment that might suggest video editing or a staged event.",
  "annotations": {
    "frame_annotations": [
      {
        "timestamp": 0.0,
        "annotation": "A man in a white shirt and maroon shorts is holding a soccer ball. He is standing on an indoor turf field. There is a referee in black and white stripes standing nearby. In the background, there is a large screen displaying an outdoor soccer scene. Another person is sitting on the ground."
      },
      {
        "timestamp": 1.0,
        "annotation": "The man in the white shirt is now tossing the soccer ball towards the referee. The referee is preparing to react to the ball. The background and other individuals remain the same."
      },
      {
        "timestamp": 2.0,
        "annotation": "The soccer ball is in mid-air, moving towards the referee. The man in the white shirt is watching the ball's trajectory. The referee is slightly bending forward, possibly to intercept the ball."
      },
      {
        "timestamp": 3.0,
        "annotation": "The soccer ball is closer to the referee, who is now fully bent forward, seemingly about to make contact with the ball. The man in the white shirt is still observing."
      },
      {
        "timestamp": 4.0,
        "annotation": "The soccer ball has made contact with the referee, who is now falling backward. The man in the white shirt appears surprised or shocked."
      },
      {
        "timestamp": 5.0,
        "annotation": "The referee is on the ground, and the soccer ball is rolling away. The man in the white shirt is walking towards the referee, possibly to check on him."
      },
      {
        "timestamp": 6.0,
        "annotation": "The referee is lying on the ground, and the man in the white shirt is standing over him. The soccer ball is near the goalpost. The scene appears to be paused briefly."
      },
      {
        "timestamp": 7.0,
        "annotation": "The referee is now standing up, but his body appears to be in pieces, scattered on the ground. The man in the white shirt is stepping back, looking shocked."
      },
      {
        "timestamp": 8.0,
        "annotation": "The referee's body parts are more visibly scattered across the turf. The man in the white shirt is taking a few steps back, appearing even more shocked."
      },
      {
        "timestamp": 9.0,
        "annotation": "The man in the white shirt is now running away from the scene, looking back in shock. The scattered pieces of the referee's body remain on the ground."
      },
      {
        "timestamp": 10.0,
        "annotation": "A man in black clothing is standing in front of a soccer goal. He appears to be posing or preparing for an action. Another man in a white shirt is standing nearby, looking at the man in black. A third man in a green shirt is also present, observing the scene. There is a soccer ball on the ground near the man in black."
      },
      {
        "timestamp": 11.0,
        "annotation": "The man in black is now bent over, appearing to have been hit by the soccer ball. The man in the white shirt is reacting in shock, with his hands covering his face. The man in green is also reacting, looking surprised. The soccer ball is seen flying through the air, having just hit the man in black."
      },
      {
        "timestamp": 12.0,
        "annotation": "The man in black is now on the ground, with pieces of his clothing scattered around. The man in the white shirt is running away from the scene, looking back in shock. The man in green is also reacting in disbelief. The scattered pieces of the man in black's clothing remain on the ground."
      },
      {
        "timestamp": 13.0,
        "annotation": "The man in the white shirt is now running away from the scene, looking back in shock. The scattered pieces of the man in black's clothing remain on the ground. The man in green is still reacting in disbelief, standing near the goal."
      }
    ],
    "whole_video_annotation": "The video appears to depict a series of bizarre and unrealistic events occurring on an indoor turf field. Initially, a man in a white shirt tosses a soccer ball towards a referee in black and white stripes, who is then seen falling backward and subsequently disintegrating into scattered pieces. The man in the white shirt reacts with shock and runs away. Later, another man in black clothing is seen standing near a soccer goal and is similarly hit by a soccer ball, resulting in his body parts and clothing scattering across the ground. Two other individuals, one in a white shirt and another in a green shirt, react with shock and disbelief. The overall scenario is highly unrealistic and suggests that the events are not occurring in a normal, physical world.\n\nGiven the description, the most plausible explanation for why the man in black and white clothes (the referee) was \"kicked to pieces\" by the soccer ball is:\n\nA. It was due to video editing.",
    "annotations_summary": "### Summary of Frame-Level Descriptions:\n\n1. **[0.0s to 6.0s]**: A man in a white shirt tosses a soccer ball towards a referee in black and white stripes on an indoor turf field. The referee attempts to intercept the ball but ends up falling backward and then lying on the ground. The man in the white shirt approaches the referee, who then appears to disintegrate into scattered pieces.\n\n2. **[7.0s to 9.0s]**: The man in the white shirt steps back in shock and eventually runs away from the scene, leaving the scattered pieces of the referee's body on the ground.\n\n3. **[10.0s to 13.0s]**: Another man in black clothing stands near a soccer goal and is hit by a soccer ball, causing his body parts and clothing to scatter. Two other individuals, one in a white shirt and another in a green shirt, react with shock and disbelief. The man in the white shirt runs away from the scene.\n\n### Summary of Video-Level Description:\n\nThe video shows a series of unrealistic events on an indoor turf field. A man in a white shirt tosses a soccer ball towards a referee, who falls backward and disintegrates into scattered pieces. The man in the white shirt reacts with shock and runs away. Later, another man in black clothing is hit by a soccer ball, resulting in his body parts and clothing scattering. Two other individuals react with shock and disbelief. The events are highly unrealistic and suggest video editing or a non-physical world.\n\n### Most Plausible Explanation:\n\n**A. It was due to video editing.**\n\nThe descriptions indicate that the events depicted are highly unrealistic and defy the laws of physics. The most plausible explanation for the referee and the man in black clothing being \"kicked to pieces\" by the soccer ball is that these scenes were created through video editing techniques."
  }
}