{
  "qid": "1169-3",
  "video_id": "RtYbZzlUVxM",
  "video_path": "videos\\1169_RtYbZzlUVxM.mp4",
  "main_question": "Was the man in black and white clothes kicked to pieces by the soccer ball because he was a mannequin?",
  "sub_questions": "To better understand the video and address the main question, consider the following sub-questions:\n\n1. **What is the context of the scene where the man in black and white clothes is involved?**\n   - Understanding the setting and the events leading up to the incident can provide crucial context.\n\n2. **Are there any visual indicators that the man in black and white clothes is a mannequin?**\n   - Look for signs such as lack of movement, unrealistic proportions, or other characteristics that might suggest he is not a real person.\n\n3. **How does the soccer ball interact with the man in black and white clothes?**\n   - Observing the dynamics of the interaction can help determine whether the man is a mannequin or a person. For example, does the man fall in a way that suggests he is inanimate?",
  "annotations": {
    "frame_annotations": [
      {
        "timestamp": 0.0,
        "annotation": "A man in a white shirt and maroon shorts is holding a soccer ball. He is standing on artificial turf in an indoor facility. There is a referee in black and white stripes standing nearby. In the background, there is a large screen showing an outdoor soccer scene with players and a tractor. Another person is sitting on the ground."
      },
      {
        "timestamp": 1.0,
        "annotation": "The man in the white shirt is now tossing the soccer ball towards the referee. The referee is preparing to react to the ball. The background and other individuals remain the same."
      },
      {
        "timestamp": 2.0,
        "annotation": "The soccer ball is in mid-air, moving towards the referee. The referee is in a defensive stance, ready to block or react to the ball. The man in the white shirt is watching the ball's trajectory."
      },
      {
        "timestamp": 3.0,
        "annotation": "The referee has kicked the ball, which is now moving away from him. The man in the white shirt is observing the ball's movement. The background remains unchanged."
      },
      {
        "timestamp": 4.0,
        "annotation": "The soccer ball is approaching a small goal with a Nike logo. The referee is standing near the goal, watching the ball. The man in the white shirt is still observing the ball."
      },
      {
        "timestamp": 5.0,
        "annotation": "The soccer ball has hit the referee, who is now falling to the ground. The man in the white shirt appears surprised. The ball is on the ground near the goal."
      },
      {
        "timestamp": 6.0,
        "annotation": "The referee is on the ground, appearing to be in a heap. The man in the white shirt is walking towards the referee, looking concerned. The ball is near the goal."
      },
      {
        "timestamp": 7.0,
        "annotation": "The man in the white shirt is now closer to the referee, who is still on the ground. The ball is stationary near the goal. The background remains the same."
      },
      {
        "timestamp": 8.0,
        "annotation": "The man in the white shirt is bending down towards the referee, who is still on the ground. The ball is near the goal. The background remains unchanged."
      },
      {
        "timestamp": 9.0,
        "annotation": "The man in the white shirt is now standing up, and the referee is getting up from the ground. The ball is near the goal. The background remains the same."
      },
      {
        "timestamp": 10.0,
        "annotation": "The man in the white shirt is standing up, and the referee is getting up from the ground. The ball is near the goal. The background remains the same. The man in black is bending forward, possibly in reaction to the ball. The man in the green shirt is standing to the side, observing the scene."
      },
      {
        "timestamp": 11.0,
        "annotation": "The man in black is now standing upright again, and the man in the white shirt is walking towards him. The man in the green shirt is still observing. The ball is still near the goal."
      },
      {
        "timestamp": 12.0,
        "annotation": "The man in black is now facing the man in the white shirt, and they appear to be interacting. The man in the green shirt is still in the same position. The ball remains near the goal."
      },
      {
        "timestamp": 13.0,
        "annotation": "The man in black is now laughing or reacting strongly, with his hands on his face. The man in the white shirt is also reacting, possibly laughing. The man in the green shirt is still observing. The ball is still near the goal."
      }
    ],
    "whole_video_annotation": "The video appears to be a humorous or staged scene set in an indoor soccer facility. Here's a general description of what is happening:\n\nA man in a white shirt and maroon shorts is interacting with a referee dressed in black and white stripes. The man tosses a soccer ball towards the referee, who attempts to react but ends up getting hit by the ball and falls to the ground. The man in the white shirt approaches the referee, who is on the ground, and helps him up. Throughout the scene, there are other individuals in the background, including a person sitting on the ground and another observing the events. The scene culminates with the man in black and the man in the white shirt reacting strongly, possibly laughing, after the referee gets up.\n\nRegarding the user's question, there is no indication in the frames provided that the referee is a mannequin. The referee appears to be a real person who gets hit by the ball and falls to the ground.",
    "annotations_summary": "The video depicts a humorous or staged scene in an indoor soccer facility. Here's a brief summary:\n\n- **Setting**: An indoor soccer facility with artificial turf, a large screen showing an outdoor soccer scene, and a small goal with a Nike logo.\n- **Main Characters**:\n  - A man in a white shirt and maroon shorts.\n  - A referee in black and white stripes.\n  - Other individuals, including a person sitting on the ground and another observing the events.\n- **Events**:\n  - The man in the white shirt tosses a soccer ball towards the referee.\n  - The referee attempts to react but gets hit by the ball and falls to the ground.\n  - The man in the white shirt approaches the referee, who is on the ground, and helps him up.\n  - The scene culminates with the man in black and the man in the white shirt reacting strongly, possibly laughing, after the referee gets up.\n\nThere is no indication that the referee is a mannequin; the referee appears to be a real person who gets hit by the ball and falls to the ground."
  }
}