{
  "qid": "1175-3",
  "video_id": "oG45ZbYePtY",
  "video_path": "videos\\1175_oG45ZbYePtY.mp4",
  "main_question": "Is the bear on the ground a mechanical bear moving?",
  "sub_questions": "To better understand whether the bear on the ground is a mechanical bear moving, consider the following sub-questions:\n\n1. **What are the visual cues indicating movement?**\n   - Are there any parts of the bear that are visibly moving, such as legs, head, or eyes?\n   - Does the bear's position change over time in a way that suggests it is moving under its own power?\n\n2. **Are there any mechanical components visible?**\n   - Can you see any wires, motors, or other mechanical parts that would suggest the bear is operated by machinery?\n   - Are there any control devices or remote controls in the vicinity that might be used to operate the bear?\n\n3. **How does the bear interact with its environment?**\n   - Does the bear respond to external stimuli, such as sounds or movements, in a way that suggests it is programmed to do so?\n   - Are there any people or animals interacting with the bear, and if so, how do they react to it? This could provide clues about whether the bear is perceived as mechanical or lifelike.",
  "annotations": {
    "frame_annotations": [
      {
        "timestamp": 0.0,
        "annotation": "A man in a red jacket is crawling on the ground towards a pile of straw or similar material. In the background, there are people walking and standing around."
      },
      {
        "timestamp": 0.97,
        "annotation": "The man continues to crawl forward, and the pile of straw or similar material is more visible. No significant change in the background."
      },
      {
        "timestamp": 1.94,
        "annotation": "The man is still crawling towards the pile. The straw or similar material appears to be spreading out slightly."
      },
      {
        "timestamp": 2.9,
        "annotation": "The man is closer to the pile, and more of the straw or similar material is visible. The material seems to be moving slightly."
      },
      {
        "timestamp": 3.87,
        "annotation": "The man is now very close to the pile, and the straw or similar material is spreading out more. The material appears to be taking a more defined shape."
      },
      {
        "timestamp": 4.84,
        "annotation": "The straw or similar material has started to form the shape of a bear. The man is reaching out to touch it."
      },
      {
        "timestamp": 5.81,
        "annotation": "The bear shape is more defined, and the man is now touching the bear. The bear appears to be mechanical as it is not moving on its own."
      },
      {
        "timestamp": 6.77,
        "annotation": "The bear shape is fully formed, and the man is petting it. The bear remains stationary, confirming it is likely mechanical."
      },
      {
        "timestamp": 7.74,
        "annotation": "A woman in a pink jacket approaches the bear and the man. The bear is still not moving, reinforcing the idea that it is mechanical."
      },
      {
        "timestamp": 8.71,
        "annotation": "The woman is now also interacting with the bear, petting it alongside the man. The bear remains stationary."
      },
      {
        "timestamp": 9.68,
        "annotation": "The man and woman continue to interact with the bear. The bear remains stationary."
      },
      {
        "timestamp": 10.64,
        "annotation": "The man and woman continue to interact with the bear. The bear remains stationary."
      },
      {
        "timestamp": 11.61,
        "annotation": "The man and woman continue to interact with the bear. The bear remains stationary."
      },
      {
        "timestamp": 12.58,
        "annotation": "The man and woman continue to interact with the bear. The bear remains stationary."
      },
      {
        "timestamp": 13.55,
        "annotation": "The man and woman continue to interact with the bear. The bear remains stationary."
      },
      {
        "timestamp": 14.51,
        "annotation": "The man and woman continue to interact with the bear. The bear remains stationary."
      },
      {
        "timestamp": 15.48,
        "annotation": "The woman is no longer in the frame. The man is still interacting with the bear. The bear remains stationary."
      },
      {
        "timestamp": 16.45,
        "annotation": "The bear starts to stand up on its hind legs."
      },
      {
        "timestamp": 17.42,
        "annotation": "The bear is now fully standing on its hind legs."
      },
      {
        "timestamp": 18.39,
        "annotation": "The bear is now sitting down again."
      },
      {
        "timestamp": 19.35,
        "annotation": "The bear is on the ground, appearing to be interacting with some scattered objects, possibly cards. There is no noticeable movement indicating whether it is mechanical or not. No significant change from the previous frame where the bear was sitting down."
      }
    ],
    "whole_video_annotation": "The video depicts a man in a red jacket crawling towards a pile of straw or similar material. As he approaches, the material transforms into the shape of a bear. Initially, the bear appears to be mechanical and stationary as the man and later a woman in a pink jacket interact with it. However, towards the end of the video, the bear exhibits movement by standing up on its hind legs and then sitting down again. It also appears to interact with some scattered objects on the ground, suggesting it might not be purely mechanical. The exact nature of the bear's movement and functionality remains somewhat ambiguous by the end of the video.",
    "annotations_summary": "The video shows a man in a red jacket crawling towards a pile of straw-like material, which transforms into the shape of a bear. Initially, the bear appears mechanical and stationary as the man and a woman in a pink jacket interact with it. Towards the end, the bear displays movement by standing up on its hind legs, sitting down, and interacting with scattered objects on the ground, suggesting it might not be purely mechanical. The exact nature of the bear's functionality remains ambiguous."
  }
}