{
  "qid": "1176-3",
  "video_id": "PFlSRwIZ8EM",
  "video_path": "videos\\1176_PFlSRwIZ8EM.mp4",
  "main_question": "Did the plant in the man's hand grow larger because of a change in perspective as he moved through a doorway?",
  "sub_questions": "To better understand the video and address the main question, consider the following sub-questions:\n\n1. **What is the initial size of the plant relative to the man's hand before he moves through the doorway?**\n   - This will help establish a baseline for comparison.\n\n2. **Does the man's perspective or the camera angle change as he moves through the doorway?**\n   - Understanding any changes in perspective or camera angle can help determine if the perceived size of the plant is affected by these factors.\n\n3. **Are there any visual cues or edits in the video that might indicate the plant's size has been altered digitally?**\n   - This can help rule out or confirm if the change in the plant's size is due to visual effects rather than a change in perspective.",
  "annotations": {
    "frame_annotations": [
      {
        "timestamp": 0.0,
        "annotation": "A man is crouching down, holding a potted plant with large, distinctive leaves. He is wearing a hat, a light-colored shirt, and dark pants. He is outdoors in a garden area with various plants and a greenhouse in the background."
      },
      {
        "timestamp": 0.97,
        "annotation": "The man is standing up and taking a step forward while holding the potted plant. The plant appears slightly larger due to a change in perspective as he moves closer to the camera. The greenhouse is still visible in the background."
      },
      {
        "timestamp": 1.94,
        "annotation": "The man continues to walk forward, holding the potted plant. The plant still appears larger due to the changing perspective. The man is now closer to the camera, and the greenhouse is less visible."
      },
      {
        "timestamp": 2.9,
        "annotation": "The man is walking towards a greenhouse, holding the potted plant. The plant's size relative to the man remains consistent, indicating no actual growth. The man is now very close to the greenhouse."
      },
      {
        "timestamp": 3.87,
        "annotation": "The man is opening the door of the greenhouse while holding the potted plant. The plant's appearance has not changed in size. The man is focused on the doorway."
      },
      {
        "timestamp": 4.84,
        "annotation": "The man is inside the greenhouse, and the view is obscured by the greenhouse structure. The potted plant is no longer visible in this frame."
      },
      {
        "timestamp": 5.81,
        "annotation": "The man is exiting the greenhouse, and the view is still partially obscured. The potted plant is not visible in this frame."
      },
      {
        "timestamp": 6.77,
        "annotation": "The man is now outside the greenhouse, walking on a path. He is holding the potted plant again, which appears smaller due to the increased distance from the camera."
      },
      {
        "timestamp": 7.74,
        "annotation": "The man continues to walk on the path, holding the potted plant. The plant appears even smaller due to the further distance from the camera. The surroundings include various plants and trees."
      },
      {
        "timestamp": 8.71,
        "annotation": "The man is walking on the path, holding the potted plant. The plant's size relative to the man remains consistent, indicating no actual growth. The surroundings include large potted plants and greenery."
      },
      {
        "timestamp": 9.68,
        "annotation": "The man is walking on a path, holding a potted plant. The plant's size relative to the man remains consistent, indicating no actual growth. The surroundings include large potted plants and greenery."
      },
      {
        "timestamp": 10.64,
        "annotation": "The man continues walking on the path, holding the potted plant. The plant's size relative to the man remains the same. The surroundings include large potted plants and greenery."
      },
      {
        "timestamp": 11.61,
        "annotation": "The man is still walking on the path, holding the potted plant. The plant's size relative to the man shows no change. The surroundings include large potted plants and greenery."
      },
      {
        "timestamp": 12.58,
        "annotation": "The man is walking on the path, holding the potted plant. The plant's size relative to the man remains consistent. The surroundings include large potted plants and greenery."
      },
      {
        "timestamp": 13.55,
        "annotation": "The man is walking on the path, holding the potted plant. The plant's size relative to the man remains the same. The surroundings include large potted plants and greenery."
      },
      {
        "timestamp": 14.51,
        "annotation": "The man is walking on the path, holding the potted plant. The plant's size relative to the man remains consistent. The surroundings include large potted plants and greenery."
      },
      {
        "timestamp": 15.48,
        "annotation": "The man is walking on the path, holding the potted plant. The plant's size relative to the man remains the same. The surroundings include large potted plants and greenery."
      },
      {
        "timestamp": 16.45,
        "annotation": "The man is walking on the path, holding the potted plant. The plant's size relative to the man remains consistent. The surroundings include large potted plants and greenery."
      },
      {
        "timestamp": 17.42,
        "annotation": "The man is walking on the path, holding the potted plant. The plant's size relative to the man remains the same. The surroundings include large potted plants and greenery."
      },
      {
        "timestamp": 18.39,
        "annotation": "The man is walking on the path, holding the potted plant. The plant's size relative to the man remains consistent. The surroundings include large potted plants and greenery."
      },
      {
        "timestamp": 19.35,
        "annotation": "The man is walking on the path, holding the potted plant. The plant's size relative to the man remains consistent. The surroundings include large potted plants and greenery. The man is approaching a doorway."
      },
      {
        "timestamp": 20.32,
        "annotation": "The man continues walking towards the doorway, still holding the potted plant. The plant's size relative to the man remains consistent. The surroundings include large potted plants and greenery. The man is now closer to the doorway."
      },
      {
        "timestamp": 21.29,
        "annotation": "The man is now partially through the doorway, holding the potted plant. The plant's size relative to the man remains consistent. The surroundings include large potted plants and greenery. The man is midway through the doorway."
      },
      {
        "timestamp": 22.26,
        "annotation": "The man is further through the doorway, holding the potted plant. The plant's size relative to the man remains consistent. The surroundings include large potted plants and greenery. The man is almost fully through the doorway."
      },
      {
        "timestamp": 23.22,
        "annotation": "The man has fully passed through the doorway, holding the potted plant. The plant's size relative to the man remains consistent. The surroundings include large potted plants and greenery. The man is now on the other side of the doorway."
      }
    ],
    "whole_video_annotation": "In the video, a man is seen outdoors in a garden area, holding a potted plant with large, distinctive leaves. He is wearing a hat, a light-colored shirt, and dark pants. The man initially crouches down and then stands up, walking towards a greenhouse while holding the plant. He enters the greenhouse, and the view becomes obscured. After exiting the greenhouse, he continues walking on a path through a garden filled with various plants and greenery. Throughout the video, the size of the potted plant relative to the man remains consistent, indicating that any perceived changes in the plant's size are due to changes in perspective and distance from the camera. The man eventually approaches and passes through a doorway, still holding the potted plant.\n\nRegarding the user's question: No, the plant did not grow larger. Any changes in the apparent size of the plant are due to changes in perspective and distance from the camera as the man moves.",
    "annotations_summary": "The video shows a man outdoors in a garden, holding a potted plant with large, distinctive leaves. He is dressed in a hat, a light-colored shirt, and dark pants. The man initially crouches down, then stands up and walks towards a greenhouse while carrying the plant. He enters the greenhouse, and the view becomes obscured. After exiting, he continues walking on a path through a garden filled with various plants and greenery. Throughout the video, the size of the potted plant relative to the man remains consistent, with any perceived changes in size due to changes in perspective and distance from the camera. The man eventually approaches and passes through a doorway, still holding the potted plant."
  }
}