{
  "qid": "1177-2",
  "video_id": "lJcTCcUJK0I",
  "video_path": "videos\\1177_lJcTCcUJK0I.mp4",
  "main_question": "Did the man appear on another boat due to video editing and visual effects?",
  "sub_questions": "To better understand whether the man appeared on another boat due to video editing and visual effects, consider the following sub-questions:\n\n1. **Are there any noticeable discrepancies in lighting or shadows between the man and the boat?**\n   - This can help identify if the man was added to the scene using visual effects, as lighting and shadows might not match perfectly.\n\n2. **Do the movements of the man and the boat align naturally, or are there any unnatural or jerky motions?**\n   - Smooth and natural movements suggest the man was actually present, while unnatural or jerky motions might indicate manipulation.\n\n3. **Are there any visible edges, glitches, or inconsistencies around the man that could indicate digital editing?**\n   - Digital editing often leaves subtle traces, such as edges that don't blend well with the background or slight glitches in the video.",
  "annotations": {
    "frame_annotations": [
      {
        "timestamp": 0.0,
        "annotation": "A man in a blue and white striped towel and a hat is standing on a boat surrounded by people. Some people are taking photos or videos."
      },
      {
        "timestamp": 0.97,
        "annotation": "The man is smiling and looking down at something in his hands. The surrounding people are still taking photos or videos."
      },
      {
        "timestamp": 1.94,
        "annotation": "The man is lifting his arms, and the towel is starting to drape over his head. The people around him are still engaged, taking photos or videos."
      },
      {
        "timestamp": 2.9,
        "annotation": "The man is in the process of wrapping the towel around himself. The towel is partially covering his face. The onlookers are still capturing the moment."
      },
      {
        "timestamp": 3.87,
        "annotation": "The man is now fully wrapped in the towel, with only his face visible. The people around him continue to take photos or videos."
      },
      {
        "timestamp": 4.84,
        "annotation": "The man is holding the towel tightly around himself. The scene remains the same with people capturing the moment."
      },
      {
        "timestamp": 5.81,
        "annotation": "The man is still wrapped in the towel, and he appears to be looking out at the water. The people around him are still engaged."
      },
      {
        "timestamp": 6.77,
        "annotation": "The man has removed the towel, and it is now held up vertically in front of him. The people around him are still taking photos or videos."
      },
      {
        "timestamp": 7.74,
        "annotation": "The towel is no longer in the frame, and the man is standing on the boat. In the background, a small yellow boat with another man is visible in the water."
      },
      {
        "timestamp": 8.71,
        "annotation": "The man on the boat is looking out at the small yellow boat in the water. The people around him are still present, but the focus is now on the boat in the water."
      },
      {
        "timestamp": 9.68,
        "annotation": "The man is standing on a boat, looking out at a small yellow boat in the water. The yellow boat has two people on it, one standing and one sitting. The man on the boat appears to be waving or gesturing towards the yellow boat. The water is clear, and there are other boats visible in the background."
      },
      {
        "timestamp": 10.64,
        "annotation": "The man continues to look out at the yellow boat. The person standing on the yellow boat is now raising both arms in the air, possibly cheering or waving back. The scene is lively with clear water and several boats in the distance."
      },
      {
        "timestamp": 11.61,
        "annotation": "The man on the boat is still focused on the yellow boat. The person who was standing on the yellow boat is now jumping into the water. The action appears spontaneous and joyful."
      },
      {
        "timestamp": 12.58,
        "annotation": "The person who jumped into the water is now swimming towards the boat. The man on the boat seems to be observing the swimmer. The yellow boat is still in the water with one person remaining on it."
      },
      {
        "timestamp": 13.55,
        "annotation": "The swimmer is closer to the boat now. The man on the boat is still watching the swimmer. The yellow boat is moving slightly, and the person on it appears to be steering or adjusting something."
      },
      {
        "timestamp": 14.51,
        "annotation": "The swimmer is very close to the boat now. The man on the boat is reaching out towards the swimmer, possibly to help them back onto the boat. The yellow boat is still in the background."
      },
      {
        "timestamp": 15.48,
        "annotation": "The swimmer is being helped back onto the boat by the man. The interaction between them appears friendly and supportive. The yellow boat is still visible in the water."
      },
      {
        "timestamp": 16.45,
        "annotation": "The swimmer is now back on the boat. Both individuals on the boat are standing and appear to be talking or laughing. The yellow boat is still in the water with one person on it."
      },
      {
        "timestamp": 17.42,
        "annotation": "The boat with the two individuals is moving forward, creating a wake in the water. The yellow boat is following behind. The scene is dynamic with clear water and several boats in the background."
      }
    ],
    "whole_video_annotation": "The video depicts a lively scene on a boat surrounded by people who are taking photos and videos. The main subject is a man who initially stands on the boat wearing a blue and white striped towel and a hat. He performs a series of actions with the towel, including wrapping it around himself and then removing it. After this, he interacts with a small yellow boat in the water, which has two people on it. One person from the yellow boat jumps into the water and swims towards the main boat, where the man helps them back on board. The two individuals on the main boat then engage in conversation or laughter as their boat moves forward, followed by the yellow boat.\n\nBased on the frames provided, there is no indication that the man's appearance on the boat is due to video editing or visual effects. The sequence of events appears to be continuous and natural.",
    "annotations_summary": "The video captures a lively and engaging scene on a boat. Here's a brief summary:\n\nA man, dressed in a blue and white striped towel and a hat, stands on a boat surrounded by people who are actively taking photos and videos. He performs a series of actions with the towel, wrapping it around himself and then removing it. After this, he interacts with a small yellow boat in the water, which has two people on it. One person from the yellow boat jumps into the water and swims towards the main boat. The man on the boat helps this person back on board. Both individuals then engage in conversation or laughter as their boat moves forward, followed by the yellow boat. The scene is dynamic, with clear water and several boats visible in the background. The sequence of events appears continuous and natural, with no indication of video editing or visual effects."
  }
}