{
  "qid": "1183-2",
  "video_id": "uYIWSSQNV4w",
  "video_path": "videos\\1183_uYIWSSQNV4w.mp4",
  "main_question": "Did the sky darken because of a combination of lighting changes and post-production effects?",
  "sub_questions": "To better understand whether the sky darkened in the video due to a combination of lighting changes and post-production effects, consider the following sub-questions:\n\n1. **What are the specific lighting conditions during the scene where the sky darkens?**\n   - Were there any noticeable changes in natural or artificial lighting that could explain the darkening?\n\n2. **Are there any visible signs of post-production effects in the scene?**\n   - Look for inconsistencies, such as changes in color grading, unnatural shadows, or digital artifacts that might indicate editing.\n\n3. **How does the darkening of the sky compare to other scenes in the video?**\n   - Is the darkening consistent with the overall style and effects used in the rest of the video, or does it stand out as an anomaly?",
  "annotations": {
    "frame_annotations": [
      {
        "timestamp": 0.0,
        "annotation": "A person is lying on a bed facing the window. The room is brightly lit by natural sunlight streaming through the window. The person appears to be sleeping or resting."
      },
      {
        "timestamp": 0.97,
        "annotation": "The person remains in the same position. The sunlight continues to illuminate the room, casting a warm glow. No significant changes are observed."
      },
      {
        "timestamp": 1.94,
        "annotation": "The person starts to move slightly, adjusting their position on the bed. The lighting in the room remains consistent with the previous frames."
      },
      {
        "timestamp": 2.9,
        "annotation": "The person's arms are now raised above their head, stretching. The natural light from the window is still prominent, but there is a slight shift in the person's posture."
      },
      {
        "timestamp": 3.87,
        "annotation": "The person's arms are fully extended towards the window, reaching out as if to touch the sunlight. The room is still brightly lit by the natural light."
      },
      {
        "timestamp": 4.84,
        "annotation": "The room suddenly darkens significantly. The person's arms are still extended, but the lighting has changed dramatically, creating a stark contrast with the previous frames."
      },
      {
        "timestamp": 5.81,
        "annotation": "The darkness persists, and the person is now holding a light source, possibly a lamp or a flashlight, which illuminates the immediate area around them. The rest of the room remains dark."
      },
      {
        "timestamp": 6.77,
        "annotation": "The person continues to hold the light source, which casts a focused beam of light. The background is still dark, emphasizing the contrast between the lit and unlit areas."
      },
      {
        "timestamp": 7.74,
        "annotation": "The person is now lying down again, but the room remains dark. The light source is still visible, providing a small amount of illumination."
      },
      {
        "timestamp": 8.71,
        "annotation": "The person appears to be sleeping or resting once more. The room is dark, and the light source is no longer visible. The overall atmosphere is much darker compared to the initial frames."
      },
      {
        "timestamp": 9.68,
        "annotation": "A person is sitting on a bed in a dimly lit room. There is a small fire in a trash can near the bed. The person appears to be looking at the fire. The room has a basketball hoop mounted on the wall and several framed pictures. The overall atmosphere is dark and moody."
      },
      {
        "timestamp": 10.64,
        "annotation": "The scene remains similar to the previous frame. The person is still sitting on the bed, looking at the fire in the trash can. The fire appears to be slightly more intense. The room's lighting and atmosphere remain dark and moody."
      },
      {
        "timestamp": 11.61,
        "annotation": "The person is now standing up and appears to be interacting with the fire in the trash can. Smoke is more visible, and the fire seems to be growing. The room's darkness is accentuated by the bright flames."
      },
      {
        "timestamp": 12.58,
        "annotation": "The person is actively engaging with the fire, possibly trying to control or extinguish it. There is more smoke in the room, and the fire is brighter. The overall atmosphere is tense and dramatic due to the intense fire and smoke."
      }
    ],
    "whole_video_annotation": "The video depicts a sequence of events in a room that undergoes significant lighting changes. Initially, the room is brightly lit by natural sunlight streaming through a window, with a person lying on a bed, seemingly resting or sleeping. The person gradually wakes up, stretches, and reaches towards the window. Suddenly, the room darkens dramatically, and the person retrieves a light source to illuminate the immediate area. The room remains dark for the rest of the sequence.\n\nIn the final frames, the setting shifts to a dimly lit room with a small fire in a trash can. The person interacts with the fire, which grows more intense, creating a tense and dramatic atmosphere with visible smoke and bright flames. The room features a basketball hoop and framed pictures, adding to the overall dark and moody ambiance.\n\nRegarding the user's question about the sky darkening due to a combination of lighting changes and post-production effects, the video does not provide explicit information about the cause of the darkening. It could be due to natural changes in lighting, such as clouds covering the sun, or it could be enhanced by post-production effects to create a dramatic contrast.",
    "annotations_summary": "The video begins with a person lying on a bed in a room brightly lit by natural sunlight streaming through a window. The person appears to be sleeping or resting. Over the next few seconds, the person starts to move, stretches, and reaches towards the window. Suddenly, the room darkens significantly, and the person retrieves a light source to illuminate the immediate area. The room remains dark for the rest of this sequence.\n\nIn the final part of the video, the setting shifts to a dimly lit room with a small fire in a trash can. The person interacts with the fire, which grows more intense, creating a tense and dramatic atmosphere with visible smoke and bright flames. The room features a basketball hoop and framed pictures, contributing to the overall dark and moody ambiance. The cause of the initial darkening is not explicitly stated and could be due to natural lighting changes or post-production effects."
  }
}