{
  "qid": "1183-7",
  "video_id": "uYIWSSQNV4w",
  "video_path": "videos\\1183_uYIWSSQNV4w.mp4",
  "main_question": "What caused the sky to darken suddenly at the beginning of the video?\nA. A combination of lighting changes and post-production effects.\nB. The person turned off the lights.\nC. The person closed the curtains.\nD. The person left the room.",
  "sub_questions": "To better understand the video and determine what caused the sky to darken suddenly, consider the following sub-questions:\n\n1. **What is the setting and time of day in the video?**\n   - Understanding the initial lighting conditions and time of day can help determine whether the darkening is due to natural causes or artificial manipulation.\n\n2. **Are there any visible changes in the environment or actions taken by the person in the video just before the sky darkens?**\n   - Observing any actions by the person, such as turning off lights, closing curtains, or leaving the room, can provide clues about the cause of the darkening.\n\n3. **Are there any noticeable transitions or effects in the video that suggest post-production editing?**\n   - Identifying any abrupt cuts, filters, or other editing techniques can indicate that the darkening is a result of post-production effects rather than a natural or in-scene event.",
  "annotations": {
    "frame_annotations": [
      {
        "timestamp": 0.0,
        "annotation": "A person is lying on a bed in a room with large windows. The room is brightly lit by natural sunlight streaming in through the windows. The person appears to be sleeping."
      },
      {
        "timestamp": 0.97,
        "annotation": "The person is still lying on the bed, but their head is slightly turned to the side. The room remains brightly lit."
      },
      {
        "timestamp": 1.94,
        "annotation": "The person is now stretching their arms above their head while still lying on the bed. The room is still brightly lit."
      },
      {
        "timestamp": 2.9,
        "annotation": "The person's arms are fully extended above their head, reaching towards the ceiling. The room is still brightly lit."
      },
      {
        "timestamp": 3.87,
        "annotation": "The person is holding a lightbulb above their head. The room begins to darken as the lightbulb is the only source of light."
      },
      {
        "timestamp": 4.84,
        "annotation": "The room is significantly darker. The person is still holding the lightbulb, which is the primary light source in the room."
      },
      {
        "timestamp": 5.81,
        "annotation": "The person is lying on the bed with their arms down. The room is dark, illuminated only by a small lamp on the wall."
      },
      {
        "timestamp": 6.77,
        "annotation": "The person is still lying on the bed. The room remains dark with the small lamp providing minimal light."
      },
      {
        "timestamp": 7.74,
        "annotation": "The person is lying on the bed with their head turned to the side. The room is dark with the small lamp still on."
      },
      {
        "timestamp": 8.71,
        "annotation": "The person is lying on the bed. A small fire appears to be starting in a trash can near the bed. The room is dark with the small lamp and the fire providing light."
      },
      {
        "timestamp": 9.68,
        "annotation": "The person is lying on the bed. A small fire appears to be starting in a trash can near the bed. The room is dark with the small lamp and the fire providing light. The person is looking towards the fire."
      },
      {
        "timestamp": 10.64,
        "annotation": "The person is still lying on the bed and looking towards the fire. The fire in the trash can seems to be growing slightly. The room remains dark with minimal light from the lamp and the fire."
      },
      {
        "timestamp": 11.61,
        "annotation": "The person is now sitting up on the bed and appears to be reaching towards the trash can. The fire is more visible and seems to be producing more smoke. The room is getting smokier."
      },
      {
        "timestamp": 12.58,
        "annotation": "The person is actively trying to put out the fire with a blanket or piece of clothing. There is a significant amount of smoke in the room, obscuring parts of the scene. The fire is still burning intensely."
      }
    ],
    "whole_video_annotation": "In the video, a person is initially seen sleeping in a brightly lit room with large windows allowing natural sunlight to stream in. The person wakes up, stretches, and then holds a lightbulb above their head, causing the room to darken as the lightbulb becomes the primary light source. The room remains dark with minimal light from a small lamp on the wall. Towards the end of the video, a small fire starts in a trash can near the bed, and the person attempts to put it out, with smoke filling the room.\n\nRegarding the question about what caused the sky to darken suddenly at the beginning of the video, the correct answer is:\n\nA. A combination of lighting changes and post-production effects.\n\nThe darkening of the room is not due to natural causes like closing curtains or turning off lights, but rather a result of the person holding a lightbulb and subsequent artificial lighting changes, likely enhanced by post-production effects to create the dramatic shift in lighting.",
    "annotations_summary": "The video depicts a person initially sleeping in a brightly lit room with large windows allowing natural sunlight. The person wakes up, stretches, and then holds a lightbulb above their head, causing the room to darken significantly. The room remains dimly lit by a small wall lamp. Towards the end of the video, a small fire starts in a trash can near the bed, and the person attempts to extinguish it, resulting in smoke filling the room. The darkening of the room is primarily due to the person holding the lightbulb and subsequent artificial lighting changes, enhanced by post-production effects."
  }
}