{
  "qid": "1192-0",
  "video_id": "RdDzFuX1b1s",
  "video_path": "videos\\1192_RdDzFuX1b1s.mp4",
  "main_question": "Why did a standing sprinkler suddenly appear?",
  "sub_questions": "To better understand why a standing sprinkler suddenly appeared in a video, consider the following sub-questions:\n\n1. **What was the context or setting before the sprinkler appeared?**\n   - Were there any unusual events or activities happening prior to the sprinkler's appearance?\n\n2. **Was there any visible trigger or cause for the sprinkler to activate?**\n   - Did someone interact with the sprinkler, or was there a sudden change in the environment (like a fire or smoke) that could have triggered it?\n\n3. **How did the sprinkler behave after it appeared?**\n   - Did it spray water immediately, or did it remain inactive? Were there any other reactions or responses from people or objects in the video?",
  "annotations": {
    "frame_annotations": [
      {
        "timestamp": 0.0,
        "annotation": "A person is lying on the grass next to a blue and white cooler. There are other people in the background, and some inflatable objects are visible."
      },
      {
        "timestamp": 0.97,
        "annotation": "The person is still lying next to the cooler. More people are visible in the background, and one person is jumping over an inflatable object."
      },
      {
        "timestamp": 1.94,
        "annotation": "The person is now holding a water gun and appears to be aiming it. More people are visible in the background, and one person is jumping over an inflatable object."
      },
      {
        "timestamp": 2.9,
        "annotation": "The person is still holding the water gun and seems to be in the process of shooting it. The background remains similar with people and inflatable objects."
      },
      {
        "timestamp": 3.87,
        "annotation": "The person is still holding the water gun, and water is visibly spraying from it. The background remains similar with people and inflatable objects."
      },
      {
        "timestamp": 4.84,
        "annotation": "The person is still holding the water gun, and water is spraying towards another person in the background. The other person is reacting to being sprayed."
      },
      {
        "timestamp": 5.81,
        "annotation": "The person who was sprayed is now running away. The person with the water gun is still spraying water."
      },
      {
        "timestamp": 6.77,
        "annotation": "The person with the water gun stops spraying. A standing sprinkler suddenly appears in the foreground, spraying water."
      },
      {
        "timestamp": 7.74,
        "annotation": "The standing sprinkler is still spraying water. The person with the water gun is now standing up and appears to be reacting to the sprinkler."
      },
      {
        "timestamp": 8.71,
        "annotation": "The standing sprinkler is still spraying water. The person with the water gun is now walking away from the sprinkler."
      },
      {
        "timestamp": 9.68,
        "annotation": "The standing sprinkler is still spraying water. The person with the water gun is now walking away from the sprinkler."
      },
      {
        "timestamp": 10.64,
        "annotation": "The person with the water gun continues to walk away from the sprinkler. The sprinkler is still spraying water."
      },
      {
        "timestamp": 11.61,
        "annotation": "The person with the water gun is further away from the sprinkler. The sprinkler continues to spray water."
      },
      {
        "timestamp": 12.58,
        "annotation": "The person with the water gun is now out of the frame. The sprinkler is still spraying water."
      },
      {
        "timestamp": 13.55,
        "annotation": "The sprinkler is still spraying water. No person with a water gun is visible in the frame."
      },
      {
        "timestamp": 14.51,
        "annotation": "The sprinkler is still spraying water. A person in a blue tank top enters the frame from the left, holding a water gun."
      },
      {
        "timestamp": 15.48,
        "annotation": "The person in the blue tank top is walking towards the sprinkler, water gun in hand."
      },
      {
        "timestamp": 16.45,
        "annotation": "The person in the blue tank top is closer to the sprinkler and appears to be aiming the water gun at it."
      },
      {
        "timestamp": 17.42,
        "annotation": "The person in the blue tank top is spraying water from the gun towards the sprinkler."
      },
      {
        "timestamp": 18.39,
        "annotation": "The person in the blue tank top is now directly in front of the sprinkler, continuing to spray water from the gun."
      },
      {
        "timestamp": 19.35,
        "annotation": "The person in the blue tank top is still in front of the sprinkler, spraying water. The water stream is visible and hitting the bush."
      },
      {
        "timestamp": 20.32,
        "annotation": "The person's hand holding the water gun is now more visible in the foreground. The water stream is still hitting the bush, but the angle has slightly changed, causing the bush to obscure more of the background. The standing sprinkler is now visible in the background, appearing suddenly due to the movement of the water stream and the bush."
      }
    ],
    "whole_video_annotation": "The video depicts a playful outdoor scene involving several people engaged in water activities. Initially, a person is lying on the grass next to a cooler, holding a water gun and spraying water at others. The background features more people and inflatable objects, suggesting a festive or recreational setting, possibly a water fight or a pool party.\n\nIn the middle of the video, a standing sprinkler suddenly appears in the foreground, spraying water. The person with the water gun reacts to the sprinkler and eventually walks away. Later, another person in a blue tank top enters the frame, holding a water gun, and walks towards the sprinkler. This person aims and sprays water at the sprinkler, obscuring the background with the water stream and a bush.\n\nThe standing sprinkler's sudden appearance seems to be part of the playful chaos, possibly triggered by the water activities or intentionally placed to add to the fun. The exact reason for its appearance is not clear from the frames provided, but it contributes to the lively and spontaneous atmosphere of the scene.",
    "annotations_summary": "The video captures a lively outdoor scene where people are engaged in a playful water fight. Initially, a person lying on the grass next to a cooler uses a water gun to spray others, with inflatable objects and more people visible in the background. Midway through the video, a standing sprinkler suddenly appears, spraying water and causing the first person to react and eventually walk away. Another individual, wearing a blue tank top and holding a water gun, enters the frame and sprays water at the sprinkler, obscuring parts of the background with the water stream and a bush. The sprinkler's appearance adds to the chaotic and festive atmosphere, suggesting it might have been triggered by the ongoing water activities or intentionally placed for added fun."
  }
}