{
  "qid": "1206-7",
  "video_id": "fuAUDvxf_vY",
  "video_path": "videos\\1206_fuAUDvxf_vY.mp4",
  "main_question": "Why does the blue paint appear to spill unusually?\nA. The person is holding the paint can upside down above their head.\nB. The paint is thicker than usual.\nC. The set is upside down, creating an illusion.\nD. The paint can is defective.",
  "sub_questions": "To better understand the video and determine why the blue paint appears to spill unusually, consider the following sub-questions:\n\n1. **What is the orientation of the paint can relative to the person holding it?**\n   - This will help clarify if the paint can is being held upside down, as suggested in option A.\n\n2. **How does the paint behave as it spills? Does it flow normally or does it seem to defy gravity?**\n   - This can provide insights into whether the set might be upside down (option C) or if the paint has unusual properties (option B).\n\n3. **Are there any visible signs of damage or unusual features on the paint can?**\n   - This can help determine if the paint can is defective (option D) or if there are other factors at play.\n\nThese sub-questions should help gather more specific information to accurately identify the reason behind the unusual spilling of the blue paint.",
  "annotations": {
    "frame_annotations": [
      {
        "timestamp": 0.0,
        "annotation": "A person is holding a blue paint can above their head. The text on the image reads: 'You\u2019ve seen glitter and Orbeez, but have you seen...'"
      },
      {
        "timestamp": 0.97,
        "annotation": "The person is tilting the paint can slightly. No noticeable change in the paint yet."
      },
      {
        "timestamp": 1.94,
        "annotation": "The paint can is tilted more, but still no paint is spilling out."
      },
      {
        "timestamp": 2.9,
        "annotation": "The paint can is now almost completely upside down, but still no paint is spilling out."
      },
      {
        "timestamp": 3.87,
        "annotation": "The paint can is fully upside down. The person is looking down at the can."
      },
      {
        "timestamp": 4.84,
        "annotation": "The person starts to pour the paint out of the can. The paint begins to spill out unusually."
      },
      {
        "timestamp": 5.81,
        "annotation": "The paint is spilling out in a way that defies gravity, appearing to pour upwards towards the person's face."
      },
      {
        "timestamp": 6.77,
        "annotation": "The paint continues to spill upwards, covering the person's face and upper body. The text on the image now reads: 'Gravity'."
      },
      {
        "timestamp": 7.74,
        "annotation": "The paint is now fully covering the person's face and upper body. The person is looking directly at the camera."
      },
      {
        "timestamp": 8.71,
        "annotation": "The paint continues to cover the person's face and upper body. The person is still looking directly at the camera."
      },
      {
        "timestamp": 9.68,
        "annotation": "The person is holding a blue paint can upside down above their head, causing the paint to spill onto their face and upper body. The paint is splattered across the wall and the person's clothing. The person is looking directly at the camera with a neutral expression."
      }
    ],
    "whole_video_annotation": "In the video, a person is holding a blue paint can above their head and begins to pour the paint out. Unusually, the paint appears to defy gravity, spilling upwards towards the person's face and covering their face and upper body. The paint continues to spill in this unusual manner, creating a surreal and visually striking effect. The text in the video reads \"You\u2019ve seen glitter and Orbeez, but have you seen...\" and later \"Gravity,\" suggesting that the video is a trick or illusion related to gravity.\n\nRegarding the question \"Why does the blue paint appear to spill unusually?\":\n\nThe most plausible explanation is:\nC. The set is upside down, creating an illusion.\n\nThis option best explains the unusual behavior of the paint, as the visual effect of paint spilling upwards is likely achieved by filming the scene upside down and then inverting the footage.",
    "annotations_summary": "### Frame-Level Descriptions Summary:\nThe video shows a person holding a blue paint can above their head. Initially, the text on the image reads, \"You\u2019ve seen glitter and Orbeez, but have you seen...\" The person tilts the can, and although it is tilted more and eventually fully upside down, the paint does not spill out normally. Starting at around 4.8 seconds, the paint begins to spill out in an unusual manner, defying gravity by pouring upwards towards the person's face. The paint continues to cover the person's face and upper body, with the text changing to \"Gravity.\" The person maintains a neutral expression while looking directly at the camera throughout the unusual paint spilling.\n\n### Video-Level Description Summary:\nThe video features a person holding a blue paint can above their head and pouring the paint out. The paint defies gravity by spilling upwards towards the person's face, covering their face and upper body. This surreal effect is visually striking and suggests an illusion related to gravity. The text in the video supports this, reading \"You\u2019ve seen glitter and Orbeez, but have you seen...\" and later \"Gravity.\"\n\n### Explanation for Unusual Paint Spilling:\nThe most plausible explanation for why the blue paint appears to spill unusually is that the set is upside down, creating an illusion. This explanation aligns with the visual effect of the paint spilling upwards, which is likely achieved by filming the scene upside down and then inverting the footage."
  }
}