{
  "qid": "1206-3",
  "video_id": "fuAUDvxf_vY",
  "video_path": "videos\\1206_fuAUDvxf_vY.mp4",
  "main_question": "Is the blue paint spilling unusually because the person is holding the paint can upside down above their head?",
  "sub_questions": "To better understand the video and address the main question, consider the following sub-questions:\n\n1. **What is the intended action or purpose of the person holding the paint can?**\n   - This can help determine if the person is aware of the paint spilling or if it is accidental.\n\n2. **Is there any visible reaction from the person when the paint starts spilling?**\n   - Observing the person's reaction can provide clues about whether they are aware of the unusual spilling and if they are trying to correct it.\n\n3. **What is the environment or context in which this is happening?**\n   - Understanding the setting (e.g., a painting project, a demonstration, or an accident) can provide context for why the paint can is being held in that manner.",
  "annotations": {
    "frame_annotations": [
      {
        "timestamp": 0.0,
        "annotation": "A person is holding a blue paint can upright in front of a mirror. The person is looking at the camera with a playful expression. There is a text overlay that reads: 'You\u2019ve seen glitter and Orbeez, but have you seen...'"
      },
      {
        "timestamp": 0.97,
        "annotation": "The person starts to tilt the blue paint can slightly to the left. The text overlay remains the same."
      },
      {
        "timestamp": 1.94,
        "annotation": "The paint can is tilted more noticeably to the left. The person's expression remains playful."
      },
      {
        "timestamp": 2.9,
        "annotation": "The paint can is tilted even further to the left. The person's face shows slight anticipation."
      },
      {
        "timestamp": 3.87,
        "annotation": "The paint can is almost completely upside down. The person's expression shows more excitement."
      },
      {
        "timestamp": 4.84,
        "annotation": "The paint can is fully upside down, and paint starts to spill out. The person's face is partially covered by the spilling paint."
      },
      {
        "timestamp": 5.81,
        "annotation": "Paint is actively spilling out of the can, covering the person's face and upper body. The text overlay changes to 'Gravity' with an emoji."
      },
      {
        "timestamp": 6.77,
        "annotation": "More paint continues to spill, and the person's face and shirt are increasingly covered in blue paint. The text overlay remains the same."
      },
      {
        "timestamp": 7.74,
        "annotation": "The paint spill is more pronounced, with paint splatters visible on the mirror and the person's body. The text overlay remains the same."
      },
      {
        "timestamp": 8.71,
        "annotation": "The paint can is empty, and the person is covered in blue paint. The text overlay remains the same."
      },
      {
        "timestamp": 9.68,
        "annotation": "The person is holding an upside-down paint can above their head, with blue paint spilling onto their face and body. The text overlay reads 'Gravity' with a smiling emoji. The wall and floor around the person are also splattered with blue paint."
      }
    ],
    "whole_video_annotation": "The video appears to be a playful and dramatic demonstration of gravity in action. A person is holding a blue paint can and tilts it upside down, allowing the paint to spill out due to gravity. The person's face and upper body, as well as the surrounding area, become covered in blue paint. The text overlays add a humorous and engaging element, with phrases like \"You\u2019ve seen glitter and Orbeez, but have you seen...\" and \"Gravity\" with emojis, emphasizing the visual spectacle of the paint spilling.\n\nRegarding the user's question: Yes, the blue paint is spilling unusually because the person is holding the paint can upside down. This action defies the typical upright position of a paint can, causing the paint to spill out under the influence of gravity.",
    "annotations_summary": "The video features a person playfully demonstrating the effects of gravity by tilting and eventually inverting a blue paint can. Here's a brief summary:\n\n- **Initial Setup**: The person holds a blue paint can upright in front of a mirror, looking at the camera with a playful expression. A text overlay reads: \"You\u2019ve seen glitter and Orbeez, but have you seen...\"\n\n- **Tilt and Spill**: The person gradually tilts the paint can to the left, increasing the angle until the can is fully upside down. As the can tilts, paint begins to spill out, covering the person's face and upper body, as well as the surrounding area.\n\n- **Visual Impact**: The paint spill is dramatic, with splatters visible on the mirror, the person's body, and the floor. The text overlay changes to \"Gravity\" with an emoji, emphasizing the visual spectacle.\n\n- **Conclusion**: The person holds the empty paint can upside down above their head, with blue paint continuing to spill. The wall and floor around the person are also splattered with paint, highlighting the playful and messy nature of the demonstration."
  }
}