{
  "qid": "1209-7",
  "video_id": "H-9qGWrW83M",
  "video_path": "videos\\1209_H-9qGWrW83M.mp4",
  "main_question": "How fast is the woman in the photo at the end of the video?\nA. She is actually running.\nB. She is walking quickly.\nC. The special composition and photo editing and she never leaves her position.\nD. The position of her legs.",
  "sub_questions": "To better understand the video and determine the correct answer to the main question, consider the following sub-questions:\n\n1. **Does the video show any visible motion blur or changes in the woman's position over time?**\n   - This can help determine if she is actually moving (running or walking) or if the effect is achieved through editing.\n\n2. **Are there any visual cues or background elements that indicate movement or passage of time?**\n   - For example, changing scenery, moving objects, or shifting shadows can suggest that the woman is in motion.\n\n3. **Does the video include any transitions, cuts, or edits that might suggest the use of special composition or photo editing techniques?**\n   - Identifying edits can help determine if the woman's apparent movement is a result of post-production effects rather than physical motion.",
  "annotations": {
    "frame_annotations": [
      {
        "timestamp": 0.0,
        "annotation": "A woman in a beige jacket and black pants is walking away from the camera on a foggy road. A person in a black jacket is crouching on the side of the road, seemingly taking a photo."
      },
      {
        "timestamp": 1.0,
        "annotation": "The woman continues walking forward. The person crouching on the side of the road appears to be adjusting their camera or phone. No significant change in the woman's position relative to the previous frame."
      },
      {
        "timestamp": 2.0,
        "annotation": "The woman is still walking forward. The person crouching on the side of the road is now holding an object close to the ground, possibly a leaf or small item. The woman's right foot is lifted slightly off the ground."
      },
      {
        "timestamp": 3.0,
        "annotation": "The woman's left foot is now lifted off the ground as she continues to walk. The person on the side of the road is still crouching, focusing on the object in their hand. The woman is slightly closer to the camera compared to the previous frame."
      },
      {
        "timestamp": 4.0,
        "annotation": "The woman's right foot is now lifted off the ground. The person crouching on the side of the road is still in the same position, but their focus seems to be on the camera or phone. The woman is continuing to move forward at a steady pace."
      },
      {
        "timestamp": 5.0,
        "annotation": "The woman's left foot is lifted off the ground again. The person on the side of the road is still crouching, but now appears to be looking up slightly. The woman is closer to the camera, indicating she is walking at a consistent speed."
      },
      {
        "timestamp": 6.0,
        "annotation": "The woman's right foot is lifted off the ground. Another person, wearing a red jacket, has entered the frame from the top, seemingly dropping an object towards the crouching person. The woman continues to walk forward."
      },
      {
        "timestamp": 7.0,
        "annotation": "The woman's left foot is lifted off the ground. The object dropped by the person in the red jacket is now on the ground near the crouching person. The woman is still walking at the same pace."
      },
      {
        "timestamp": 8.0,
        "annotation": "The woman's right foot is lifted off the ground. The crouching person is now interacting with the object on the ground, possibly picking it up. The woman continues her forward motion."
      },
      {
        "timestamp": 9.0,
        "annotation": "The woman's left foot is lifted off the ground. The crouching person is now holding the object and appears to be examining it. The woman is closer to the camera, indicating she is walking at a consistent speed throughout the video."
      },
      {
        "timestamp": 10.0,
        "annotation": "The woman's left foot is lifted off the ground. The crouching person is now holding the object and appears to be examining it. The woman is closer to the camera, indicating she is walking at a consistent speed throughout the video."
      },
      {
        "timestamp": 11.0,
        "annotation": "The woman's right foot is now lifted off the ground, suggesting she is continuing to walk. The crouching person remains in the same position, still examining the object. The woman appears to be maintaining a consistent walking speed."
      },
      {
        "timestamp": 12.0,
        "annotation": "The woman's left foot is lifted off the ground again, indicating another step forward. The crouching person is still in the same position. The woman's walking speed seems unchanged."
      },
      {
        "timestamp": 13.0,
        "annotation": "The woman's right foot is lifted off the ground, continuing her walking motion. The crouching person is still examining the object. The woman's pace appears consistent."
      },
      {
        "timestamp": 14.0,
        "annotation": "The woman's left foot is lifted off the ground once more. The crouching person remains focused on the object. The woman's walking speed is steady."
      },
      {
        "timestamp": 15.0,
        "annotation": "The woman's right foot is lifted off the ground, showing continued movement. The crouching person is still in the same position. The woman's walking speed is consistent."
      },
      {
        "timestamp": 16.0,
        "annotation": "The woman's left foot is lifted off the ground again. The crouching person is still examining the object. The woman's walking speed remains unchanged."
      },
      {
        "timestamp": 17.0,
        "annotation": "The woman's right foot is lifted off the ground, indicating she is still walking. The crouching person remains in the same position. The woman's pace is consistent."
      },
      {
        "timestamp": 18.0,
        "annotation": "The woman's left foot is lifted off the ground once more. The crouching person is still focused on the object. The woman's walking speed is steady."
      },
      {
        "timestamp": 19.0,
        "annotation": "The woman's right foot is lifted off the ground, showing continued movement. The crouching person is still in the same position. The woman's walking speed is consistent."
      },
      {
        "timestamp": 20.0,
        "annotation": "The woman's left foot is now lifted off the ground, indicating continuous motion. The puddle is splashing more intensely, and leaves are being kicked up around her feet. The crouching person remains stationary."
      }
    ],
    "whole_video_annotation": "In the video, a woman in a beige jacket and black pants is walking away from the camera on a foggy road. Throughout the video, she maintains a consistent walking pace, lifting her feet alternately as she moves forward. Simultaneously, a person in a black jacket is crouching on the side of the road, initially appearing to take a photo or adjust a camera. Later, another person in a red jacket enters the frame, dropping an object near the crouching individual. The crouching person then interacts with and examines this object while the woman continues to walk at a steady pace.\n\nRegarding the question about the woman's speed at the end of the video, the most accurate answer is:\n\n**B. She is walking quickly.**\n\nThe description indicates that the woman is walking at a consistent speed throughout the video, and there is no indication that she is running or that her position is altered by special effects. The focus is on her continuous forward motion at a steady pace.",
    "annotations_summary": "### Summary of Frame-Level Descriptions:\n\n1. **Initial Scene (0.0s - 5.0s):**\n   - A woman in a beige jacket and black pants walks away from the camera on a foggy road.\n   - A person in a black jacket is crouching on the side of the road, initially taking a photo or adjusting a camera.\n   - The woman maintains a consistent walking pace, lifting her feet alternately.\n\n2. **Intermediate Scene (6.0s - 10.0s):**\n   - Another person in a red jacket enters the frame, dropping an object near the crouching individual.\n   - The crouching person interacts with and examines the object while the woman continues walking steadily.\n\n3. **Final Scene (11.0s - 20.0s):**\n   - The woman continues to walk at a consistent speed, lifting her feet alternately.\n   - The crouching person remains focused on the object.\n   - At 20.0s, the puddle splashes more intensely, and leaves are kicked up around her feet, but her walking speed remains unchanged.\n\n### Summary of Video-Level Description:\n\n- The video features a woman walking away from the camera on a foggy road, maintaining a consistent walking pace.\n- A person in a black jacket is crouching on the side of the road, initially taking a photo or adjusting a camera.\n- Another person in a red jacket enters the frame, dropping an object near the crouching individual.\n- The crouching person interacts with and examines the object while the woman continues to walk steadily.\n\n### Conclusion:\n\nThe woman's speed at the end of the video is best described as walking quickly, as she maintains a consistent and steady pace throughout the entire duration of the video."
  }
}