{
  "qid": "1214-3",
  "video_id": "7nnjsL5oc_s",
  "video_path": "videos\\1214_7nnjsL5oc_s.mp4",
  "main_question": "Is the camera moving away from the woman, creating a zoom-out effect, as it films her?",
  "sub_questions": "To better understand whether the camera is moving away from the woman, creating a zoom-out effect, consider the following sub-questions:\n\n1. **Is there a noticeable change in the size of the woman in the frame over time?**\n   - If the woman appears to get smaller in the frame, it suggests a zoom-out effect.\n\n2. **Does the background become more visible as the scene progresses?**\n   - If more details of the background come into view, it indicates that the camera is moving away from the woman.\n\n3. **Are there any visible movements of the camera or changes in the perspective that suggest a physical movement away from the subject?**\n   - Observing the camera's movement can help confirm whether it is physically moving away from the woman rather than just zooming out optically.",
  "annotations": {
    "frame_annotations": [
      {
        "timestamp": 0.0,
        "annotation": "A woman is lying on her back on a green, corrugated surface. She is dressed in a black outfit with white accents and appears to be looking up at the camera."
      },
      {
        "timestamp": 0.97,
        "annotation": "The woman is now seen through an oval-shaped opening in a staircase. The camera has moved to a higher position, looking down through the opening. The woman appears smaller in the frame compared to the previous image."
      },
      {
        "timestamp": 1.94,
        "annotation": "The view through the oval-shaped opening remains the same. The woman is still visible, lying on the green surface below. The camera position seems stable with no noticeable change from the previous frame."
      },
      {
        "timestamp": 2.92,
        "annotation": "The camera has slightly adjusted, showing more of the staircase's railing and the oval opening. The woman below is still visible but appears even smaller due to the increased distance."
      },
      {
        "timestamp": 3.89,
        "annotation": "The camera continues to move away, providing a wider view of the staircase and the oval opening. The woman is now significantly smaller in the frame, indicating the camera is moving further away."
      },
      {
        "timestamp": 4.86,
        "annotation": "The camera has moved even further away, showing a broader perspective of the staircase and the oval opening. The woman is now quite small in the frame, confirming the zoom-out effect."
      }
    ],
    "whole_video_annotation": "In the video, the camera starts with a close-up shot of a woman lying on her back on a green, corrugated surface. As the video progresses, the camera moves to a higher position, looking down through an oval-shaped opening in a staircase. The camera continues to move away from the woman, creating a zoom-out effect, making her appear smaller in the frame with each subsequent shot. The perspective broadens to show more of the staircase and the oval opening, emphasizing the distance the camera has traveled away from the woman.",
    "annotations_summary": "The video begins with a close-up shot of a woman lying on her back on a green, corrugated surface, dressed in a black outfit with white accents. The camera then transitions to a higher position, looking down through an oval-shaped opening in a staircase, making the woman appear smaller. Over the course of the video, the camera continues to move away, progressively zooming out and providing a wider view of the staircase and the oval opening. This movement emphasizes the increasing distance between the camera and the woman, who becomes smaller and smaller in the frame."
  }
}