{
  "qid": "1223-3",
  "video_id": "FxLooSikc2U",
  "video_path": "videos\\1223_FxLooSikc2U.mp4",
  "main_question": "In the last throw, does the camera keep the same angle as before?",
  "sub_questions": "To better understand the video and address the main question, consider the following sub-questions:\n\n1. **What was the initial camera angle in the previous throws?**\n   - This will help establish a baseline for comparison.\n\n2. **Are there any noticeable changes in the camera's position or orientation during the last throw?**\n   - This can indicate whether the camera angle was intentionally adjusted.\n\n3. **Does the video show any indications of manual or automatic camera adjustments between throws?**\n   - This can provide context on whether the camera angle is likely to remain the same or change.",
  "annotations": {
    "frame_annotations": [
      {
        "timestamp": 0.0,
        "annotation": "A person is sitting on a couch, holding an object in their right hand, ready to throw it. There is a red cup on the floor in front of them."
      },
      {
        "timestamp": 1.0,
        "annotation": "The person has released the object, which is now in mid-air. The red cup is still on the floor."
      },
      {
        "timestamp": 2.0,
        "annotation": "The object is closer to the red cup. The person's arm is still extended from the throw."
      },
      {
        "timestamp": 3.0,
        "annotation": "The object has hit a frying pan on the floor, causing it to move. The red cup remains in place."
      },
      {
        "timestamp": 4.0,
        "annotation": "The frying pan is sliding across the floor. The red cup is still in the same position."
      },
      {
        "timestamp": 5.0,
        "annotation": "The frying pan has come to a stop. Another frying pan appears on the floor."
      },
      {
        "timestamp": 6.0,
        "annotation": "The person is now holding another object in their right hand, preparing to throw it again. The two frying pans are on the floor."
      },
      {
        "timestamp": 7.0,
        "annotation": "The person has released the second object, which is now in mid-air. The frying pans remain in place."
      },
      {
        "timestamp": 8.0,
        "annotation": "The second object is closer to the red cup. The person's arm is still extended from the throw."
      },
      {
        "timestamp": 9.0,
        "annotation": "The second object has hit a frying pan, causing it to move. The red cup remains in place."
      },
      {
        "timestamp": 10.0,
        "annotation": "The person is sitting on a couch, preparing to throw an orange ball. Several objects, including a red cup, a frying pan, and other kitchen items, are arranged on the floor in front of him. The camera angle is slightly elevated and to the side."
      },
      {
        "timestamp": 11.0,
        "annotation": "The person has released the orange ball, which is now in mid-air. The objects on the floor remain in the same positions. No noticeable change in the camera angle."
      },
      {
        "timestamp": 12.0,
        "annotation": "The orange ball is closer to the objects on the floor. The person's hand is still extended from the throw. The camera angle remains the same."
      },
      {
        "timestamp": 13.0,
        "annotation": "The orange ball has hit one of the frying pans, causing it to move slightly. The red cup remains in place. The camera angle is consistent with the previous frames."
      },
      {
        "timestamp": 14.0,
        "annotation": "The frying pan continues to move slightly due to the impact. Other objects on the floor are undisturbed. The camera angle has not changed."
      },
      {
        "timestamp": 15.0,
        "annotation": "The frying pan has come to a rest. The orange ball is on the floor near the pan. The red cup and other objects are still in place. The camera angle remains the same."
      },
      {
        "timestamp": 16.0,
        "annotation": "The person is raising his hand, possibly in celebration or reaction to the throw. The objects on the floor are stationary. The camera angle is unchanged."
      },
      {
        "timestamp": 17.0,
        "annotation": "The person's hand is fully raised. The objects on the floor, including the red cup and the frying pan, remain undisturbed. The camera angle is consistent."
      },
      {
        "timestamp": 18.0,
        "annotation": "The person's hand is starting to lower. The objects on the floor are still in the same positions. The camera angle has not changed."
      },
      {
        "timestamp": 19.0,
        "annotation": "The person's hand is back to his side. All objects on the floor, including the red cup and the frying pan, are stationary. The camera angle remains the same throughout the sequence."
      },
      {
        "timestamp": 20.0,
        "annotation": "The person is seated on a couch. His right hand is extended forward, appearing to release an object. Several objects, including pans, a cup, and other kitchen items, are scattered on the floor. The camera angle remains the same as the previous frame."
      },
      {
        "timestamp": 21.0,
        "annotation": "The person's hand is back to his side. All objects on the floor, including the red cup and the frying pan, are stationary. The camera angle remains the same as the previous frame."
      },
      {
        "timestamp": 22.0,
        "annotation": "The person's hand is back to his side. All objects on the floor, including the red cup and the frying pan, are stationary. The camera angle remains the same as the previous frame."
      },
      {
        "timestamp": 23.0,
        "annotation": "The person's hand is back to his side. All objects on the floor, including the red cup and the frying pan, are stationary. The camera angle remains the same as the previous frame."
      }
    ],
    "whole_video_annotation": "In the video, a person is seated on a couch and repeatedly throws various objects at a collection of kitchen items, including a red cup and frying pans, which are arranged on the floor in front of them. The sequence captures the person preparing to throw, releasing the object, and the subsequent movement of the kitchen items upon impact. The camera angle remains consistent throughout the entire sequence, providing a clear view of the actions and their effects on the objects on the floor.\n\nRegarding the last throw, yes, the camera keeps the same angle as before. The camera angle does not change from the beginning to the end of the video.",
    "annotations_summary": "The video depicts a person seated on a couch who repeatedly throws various objects at a collection of kitchen items arranged on the floor in front of them. The key actions and events in the video are as follows:\n\n1. **Initial Throw (0.0s - 5.0s):**\n   - The person throws an object that hits a frying pan, causing it to slide across the floor.\n   - A red cup remains stationary throughout this sequence.\n\n2. **Second Throw (6.0s - 9.0s):**\n   - The person throws another object, which also hits a frying pan, causing it to move.\n   - The red cup and other objects on the floor remain undisturbed.\n\n3. **Third Throw (10.0s - 15.0s):**\n   - The person throws an orange ball that hits one of the frying pans, causing it to move slightly.\n   - The red cup and other objects on the floor stay in place.\n\n4. **Reaction and Final Frames (16.0s - 23.0s):**\n   - The person raises and then lowers their hand, possibly in celebration or reaction to the throw.\n   - All objects on the floor, including the red cup and frying pans, remain stationary.\n   - The camera angle remains consistent throughout the entire sequence, providing a clear view of the actions and their effects on the objects.\n\nThe video captures the preparation, release, and impact of each throw, along with the subsequent movement of the kitchen items. The camera angle does not change from the beginning to the end of the video."
  }
}