{
  "qid": "1225-0",
  "video_id": "-o7pVduTGVs",
  "video_path": "videos\\1225_-o7pVduTGVs.mp4",
  "main_question": "Who is mainly visible when the first camera zoom is complete?",
  "sub_questions": "To better understand the video and answer the main question, consider the following sub-questions:\n\n1. **What is the initial scene like before the first camera zoom?**\n   - Understanding the starting point will help in identifying who becomes visible after the zoom.\n\n2. **How does the camera move during the first zoom?**\n   - Knowing the direction and type of zoom (e.g., in, out, tilt, pan) can provide context on who might be in the frame afterward.\n\n3. **Are there any significant actions or events happening during the first camera zoom?**\n   - This can help in identifying key individuals who might be the focus of the zoom.\n\nThese sub-questions should help in analyzing the video more effectively to determine who is mainly visible when the first camera zoom is complete.",
  "annotations": {
    "frame_annotations": [
      {
        "timestamp": 0.0,
        "annotation": "The scene shows a person standing in a doorway, with another person approaching from the outside. The text overlay reads 'when my short friend comes over'."
      },
      {
        "timestamp": 1.0,
        "annotation": "The person outside is now closer to the doorway, and the person inside is reaching out to them. The text overlay remains the same."
      },
      {
        "timestamp": 2.0,
        "annotation": "The person outside has entered the room, and both individuals are now facing each other. The text overlay remains the same."
      },
      {
        "timestamp": 3.0,
        "annotation": "The camera begins to zoom in, focusing more on the two individuals. The person outside is now more visible."
      },
      {
        "timestamp": 4.0,
        "annotation": "The zoom is almost complete, and the person outside is now the main focus of the frame. The person inside is partially visible."
      },
      {
        "timestamp": 5.0,
        "annotation": "The zoom is complete, and the person outside is now fully visible. The person inside is mostly out of frame."
      },
      {
        "timestamp": 6.0,
        "annotation": "The person outside is now reacting with a surprised expression. The person inside is still mostly out of frame."
      },
      {
        "timestamp": 7.0,
        "annotation": "The person outside continues to react with surprise. The person inside is still mostly out of frame."
      },
      {
        "timestamp": 8.0,
        "annotation": "The scene changes to an indoor setting with a couch. The person outside is now sitting on the couch."
      },
      {
        "timestamp": 9.0,
        "annotation": "The person on the couch is now leaning forward, appearing to be in a playful or exaggerated pose."
      },
      {
        "timestamp": 10.0,
        "annotation": "The person is leaning forward on a couch, appearing to be in a playful or exaggerated pose. The camera is still zoomed out, showing the full room."
      },
      {
        "timestamp": 11.0,
        "annotation": "The person continues to lean forward on the couch, maintaining the playful pose. The camera starts to zoom in slightly."
      },
      {
        "timestamp": 12.0,
        "annotation": "The person remains in the same playful pose on the couch. The camera continues to zoom in, focusing more on the person."
      },
      {
        "timestamp": 13.0,
        "annotation": "The person is still leaning forward on the couch. The camera zoom is almost complete, with the person filling more of the frame."
      },
      {
        "timestamp": 14.0,
        "annotation": "The person is in the same pose on the couch. The camera zoom is now complete, with the person's upper body and face clearly visible."
      },
      {
        "timestamp": 15.0,
        "annotation": "The person starts to stand up from the couch, breaking the playful pose. The camera remains zoomed in on the person."
      },
      {
        "timestamp": 16.0,
        "annotation": "The person is now standing and appears to be in a kitchen. The camera follows the person as they move."
      },
      {
        "timestamp": 17.0,
        "annotation": "The person is squatting in the kitchen, possibly interacting with something on the counter. The camera remains focused on the person."
      },
      {
        "timestamp": 18.0,
        "annotation": "The person is still squatting in the kitchen, now looking down at something in their hands. The camera continues to follow the person's movements."
      },
      {
        "timestamp": 19.0,
        "annotation": "The person stands up abruptly and appears to be startled or surprised. The camera captures the sudden movement and the person's reaction."
      },
      {
        "timestamp": 20.0,
        "annotation": "The person is standing in a bathroom, leaning over a sink, and appears to be washing their hands. Another person is visible in the background, standing in a doorway."
      },
      {
        "timestamp": 21.0,
        "annotation": "The person continues to wash their hands. The background person remains in the doorway, observing."
      },
      {
        "timestamp": 22.0,
        "annotation": "The person finishes washing their hands and begins to straighten up. The background person is still in the doorway."
      },
      {
        "timestamp": 23.0,
        "annotation": "The person is now standing upright, turning slightly to the side. The background person is still present in the doorway."
      },
      {
        "timestamp": 24.0,
        "annotation": "The person starts to move out of the frame, heading towards the doorway. The background person is still visible."
      },
      {
        "timestamp": 25.0,
        "annotation": "The person is now in a different room, holding a broom and appearing to be startled or surprised. The camera captures the sudden movement and the person's reaction."
      },
      {
        "timestamp": 26.0,
        "annotation": "The person is seen holding the broom, looking down at it with a surprised expression. The camera zooms in slightly."
      },
      {
        "timestamp": 27.0,
        "annotation": "The person is now bending over, appearing to be in the middle of a sweeping motion. The camera continues to zoom in."
      },
      {
        "timestamp": 28.0,
        "annotation": "The person is crouching down, still holding the broom, and looking towards the camera. The zoom is almost complete."
      },
      {
        "timestamp": 29.0,
        "annotation": "The person is crouching down, still holding the broom, and looking towards the camera. The zoom is complete, focusing mainly on the person with the broom."
      },
      {
        "timestamp": 30.0,
        "annotation": "The person is crouching down, still holding the broom, and looking towards the camera. The zoom is complete, focusing mainly on the person with the broom."
      },
      {
        "timestamp": 31.0,
        "annotation": "The person remains crouching, holding the broom, and looking towards the camera. No noticeable change from the previous frame."
      },
      {
        "timestamp": 32.0,
        "annotation": "The person is still crouching, holding the broom, and looking towards the camera. No noticeable change from the previous frame."
      },
      {
        "timestamp": 33.0,
        "annotation": "The person continues to crouch, holding the broom, and looking towards the camera. No noticeable change from the previous frame."
      },
      {
        "timestamp": 34.0,
        "annotation": "The person is still crouching, holding the broom, and looking towards the camera. No noticeable change from the previous frame."
      },
      {
        "timestamp": 35.0,
        "annotation": "The person remains crouching, holding the broom, and looking towards the camera. No noticeable change from the previous frame."
      }
    ],
    "whole_video_annotation": "The video appears to be a humorous or light-hearted clip featuring a person interacting with another individual in various settings. The narrative seems to revolve around the reactions and movements of the person who is the main subject of the video. The text overlay \"when my short friend comes over\" suggests a comedic tone, possibly highlighting the height difference between the two individuals.\n\n### Description of the Video:\n\n1. **Initial Scene (Frames 0-7):**\n   - The video begins with a person standing in a doorway, greeting another person who is approaching from outside. The camera zooms in on the person outside, who reacts with surprise as they enter the room.\n\n2. **Indoor Setting (Frames 8-14):**\n   - The scene shifts to an indoor setting with a couch. The person outside is now sitting on the couch, leaning forward in a playful or exaggerated pose. The camera zooms in to focus on this individual.\n\n3. **Kitchen Scene (Frames 15-24):**\n   - The person stands up from the couch and moves to a kitchen, where they squat down and interact with something on the counter. They then stand up abruptly, appearing startled or surprised.\n\n4. **Bathroom Scene (Frames 20-24):**\n   - The person is seen washing their hands in a bathroom, with another person visible in the background, standing in a doorway.\n\n5. **Final Scene (Frames 25-35):**\n   - The person is now in a different room, holding a broom and appearing startled or surprised. The camera zooms in to focus on the person as they crouch down, holding the broom and looking towards the camera. This final pose is maintained for several frames.\n\n### Answer to the User's Question:\nWhen the first camera zoom is complete (Frame 5), the person who was initially outside is mainly visible. This individual is now fully visible in the frame, while the person inside is mostly out of frame.",
    "annotations_summary": "The video is a humorous clip featuring a person interacting with another individual in various settings. The narrative revolves around the reactions and movements of the main subject, with a comedic tone highlighted by the text overlay \"when my short friend comes over,\" suggesting a focus on the height difference between the two individuals.\n\n### Summary of the Video:\n\n1. **Initial Scene (0-7 seconds):**\n   - The video starts with a person standing in a doorway, greeting another person approaching from outside. The camera zooms in on the person outside, who reacts with surprise upon entering the room.\n\n2. **Indoor Setting (8-14 seconds):**\n   - The scene shifts to an indoor setting with a couch. The person outside is now sitting on the couch, leaning forward in a playful or exaggerated pose. The camera zooms in to focus on this individual.\n\n3. **Kitchen Scene (15-24 seconds):**\n   - The person stands up from the couch and moves to a kitchen, where they squat down and interact with something on the counter. They then stand up abruptly, appearing startled or surprised.\n\n4. **Bathroom Scene (20-24 seconds):**\n   - The person is seen washing their hands in a bathroom, with another person visible in the background, standing in a doorway.\n\n5. **Final Scene (25-35 seconds):**\n   - The person is now in a different room, holding a broom and appearing startled or surprised. The camera zooms in to focus on the person as they crouch down, holding the broom and looking towards the camera. This final pose is maintained for several frames.\n\n### Key Moments:\n- **Frame 5:** The first camera zoom is complete, fully revealing the person who was initially outside, while the person inside is mostly out of frame.\n- **Frame 19:** The person stands up abruptly in the kitchen, appearing startled or surprised.\n- **Frame 25:** The person is startled or surprised while holding a broom, maintaining this pose for several frames."
  }
}