{
  "qid": "1233-2",
  "video_id": "vpzN7MFV4YU",
  "video_path": "videos\\1233_vpzN7MFV4YU.mp4",
  "main_question": "Is the reason for the two reflections in the photo due to the use of a panoramic camera function that combined multiple images?",
  "sub_questions": "To better understand the video and address the main question, consider the following sub-questions:\n\n1. **What type of camera or device was used to capture the photo?**\n   - Understanding the specific camera model or device can help determine if it has a panoramic mode or if it combines multiple images.\n\n2. **Were there any specific settings or modes enabled on the camera while taking the photo?**\n   - Knowing if the panoramic mode or any other image-combining feature was intentionally activated can provide insight into the cause of the reflections.\n\n3. **Can you describe the environment and conditions under which the photo was taken?**\n   - Details about the lighting, reflective surfaces, and any movements during the capture process can help explain the presence of multiple reflections.",
  "annotations": {
    "frame_annotations": [
      {
        "timestamp": 0.0,
        "annotation": "A person is holding a smartphone, capturing a photo of two individuals on a wet surface. The wet ground reflects the sky and the subjects, creating a mirror-like effect. A man is standing, and a woman is kneeling on the ground."
      },
      {
        "timestamp": 1.0,
        "annotation": "The same scene is captured. The person holding the smartphone is slightly adjusting their position. The reflections in the water remain consistent."
      },
      {
        "timestamp": 2.0,
        "annotation": "The person holding the smartphone is now more visible, and the focus is on the screen of the phone, showing the live view of the photo being taken. The reflections in the water are still prominent."
      },
      {
        "timestamp": 3.0,
        "annotation": "The person holding the smartphone is continuing to adjust their position. The live view on the phone's screen shows the two individuals and their reflections clearly."
      },
      {
        "timestamp": 4.0,
        "annotation": "The person holding the smartphone is now more centered in the frame. The live view on the phone's screen is still visible, showing the two individuals and their reflections."
      },
      {
        "timestamp": 5.0,
        "annotation": "The person holding the smartphone is now more to the right in the frame. The live view on the phone's screen is still visible, showing the two individuals and their reflections."
      },
      {
        "timestamp": 6.0,
        "annotation": "The person holding the smartphone is now more to the left in the frame. The live view on the phone's screen is still visible, showing the two individuals and their reflections."
      },
      {
        "timestamp": 7.0,
        "annotation": "The person holding the smartphone is now more to the right in the frame. The live view on the phone's screen is still visible, showing the two individuals and their reflections."
      },
      {
        "timestamp": 8.0,
        "annotation": "The person holding the smartphone is now more to the left in the frame. The live view on the phone's screen is still visible, showing the two individuals and their reflections."
      },
      {
        "timestamp": 9.0,
        "annotation": "The final photo is displayed on the smartphone screen, showing the two individuals with the vibrant sky and their reflections in the wet ground. The colors in the sky are vivid, with shades of red, orange, and blue."
      },
      {
        "timestamp": 10.0,
        "annotation": "The image shows a person sitting on the ground, looking down at a smartphone. The scene features a vibrant sky with colors of red, orange, and blue, reflected in a wet surface, creating two distinct reflections of the person and the sky. The surroundings include a sports court with goalposts and buildings in the background."
      }
    ],
    "whole_video_annotation": "In the video, a person is capturing a photo of two individuals on a wet surface using a smartphone. The wet ground creates a mirror-like effect, reflecting the sky and the subjects. Throughout the video, the person holding the smartphone adjusts their position to frame the shot, with the live view of the photo being taken visible on the phone's screen. The reflections in the water remain consistent and prominent. In the final frames, the captured photo is displayed on the smartphone screen, showcasing the two individuals with the vibrant sky and their reflections in the wet ground. The surroundings include a sports court with goalposts and buildings in the background.\n\nRegarding the user's question: The two reflections in the photo are not due to the use of a panoramic camera function. Instead, they are a result of the wet surface acting like a mirror, reflecting the subjects and the sky. The adjustments in the person's position while taking the photo do not indicate the use of a panoramic function but rather an attempt to capture the best composition.",
    "annotations_summary": "The video depicts a person taking a photo of two individuals on a wet surface using a smartphone. The wet ground acts like a mirror, creating vivid reflections of the subjects and the sky, which features vibrant colors of red, orange, and blue. Throughout the video, the photographer adjusts their position to frame the shot, with the live view of the photo visible on the smartphone screen. The final photo displayed on the screen captures the two individuals along with their reflections and the colorful sky. The setting includes a sports court with goalposts and buildings in the background. The reflections are due to the wet surface, not a panoramic camera function."
  }
}