{
  "qid": "1233-3",
  "video_id": "vpzN7MFV4YU",
  "video_path": "videos\\1233_vpzN7MFV4YU.mp4",
  "main_question": "Is the reason for the two reflections in the photo due to image synthesis technology?",
  "sub_questions": "To better understand whether the two reflections in the photo are due to image synthesis technology, consider the following sub-questions:\n\n1. **What are the characteristics of the reflections in the photo?**\n   - Are the reflections symmetrical?\n   - Do they appear natural or distorted?\n   - Are there any inconsistencies or anomalies in the reflections?\n\n2. **What is the context or source of the photo?**\n   - Was the photo taken with a standard camera or a specialized device?\n   - Is there any known use of image synthesis technology in the creation or editing of this photo?\n   - Are there any metadata or EXIF data that can provide clues about the photo's origin?\n\n3. **Can the reflections be replicated under normal conditions?**\n   - Are there any real-world scenarios where similar reflections could occur naturally?\n   - Have similar reflections been observed in other photos taken under comparable conditions?\n   - Can the reflections be explained by optical phenomena or environmental factors?",
  "annotations": {
    "frame_annotations": [
      {
        "timestamp": 0.0,
        "annotation": "The image shows a person taking a photo of a scene where another person is kneeling on a wet surface, likely a parking lot or similar area, with a clear reflection of the sky and surroundings. The person taking the photo is holding a smartphone, and the scene is captured during what appears to be sunset or sunrise, with a colorful sky."
      },
      {
        "timestamp": 1.0,
        "annotation": "The image is similar to the previous one, with the person continuing to take the photo. The composition and positioning of the elements remain the same, with the kneeling person and their reflection still the focal point."
      },
      {
        "timestamp": 2.0,
        "annotation": "The image shows a slight change in the angle of the smartphone, possibly indicating a minor adjustment in the framing of the photo. The kneeling person and their reflection are still prominently featured."
      },
      {
        "timestamp": 3.0,
        "annotation": "The image is nearly identical to the previous one, with no significant changes in the scene or the positioning of the elements. The person taking the photo appears to be holding the smartphone steadily."
      },
      {
        "timestamp": 4.0,
        "annotation": "The image shows a close-up of the smartphone screen, displaying the scene being captured. The reflection in the water and the kneeling person are visible on the screen, indicating that the photo is being taken in real-time."
      },
      {
        "timestamp": 5.0,
        "annotation": "The image returns to the previous perspective, showing the person holding the smartphone and taking the photo. The scene and composition remain consistent with earlier frames."
      },
      {
        "timestamp": 6.0,
        "annotation": "The image shows a smartphone screen with a camera interface, indicating that the photo is being taken using a specific app. The scene on the screen is similar to the previous frames, with the reflection and the kneeling person visible."
      },
      {
        "timestamp": 7.0,
        "annotation": "The image is similar to the previous one, with the smartphone screen still displaying the camera interface and the scene being captured. The composition and elements remain consistent."
      },
      {
        "timestamp": 8.0,
        "annotation": "The image shows the final photo taken, featuring the kneeling person with a vibrant, colorful sky reflected in the water beneath them. The reflection is clear and well-defined, creating a mirror-like effect."
      },
      {
        "timestamp": 9.0,
        "annotation": "The image is nearly identical to the previous one, showing the final photo with the kneeling person and the reflective surface. The composition and colors remain the same, indicating that the photo has been successfully captured."
      },
      {
        "timestamp": 10.0,
        "annotation": "The image shows a person kneeling on a reflective surface, capturing their reflection. The sky above is vibrant with colors ranging from red to yellow, indicating a sunset or sunrise. The reflection in the water is clear and distinct, showing both the person and the colorful sky. There is no noticeable change from the previous frame as the image is nearly identical, confirming the photo has been successfully captured."
      }
    ],
    "whole_video_annotation": "The video depicts a person taking a photograph of another individual who is kneeling on a wet, reflective surface, likely a parking lot or similar area. The scene is captured during what appears to be sunset or sunrise, with a vibrant, colorful sky. The reflections in the water are clear and distinct, creating a mirror-like effect that shows both the kneeling person and the colorful sky. The person taking the photo is using a smartphone, and the video shows the process from different angles, including a close-up of the smartphone screen displaying the scene being captured. The final frames confirm that the photo has been successfully taken, showcasing the kneeling person with the reflective surface beneath them.\n\nRegarding the user's question about the reflections: The two reflections in the photo are not due to image synthesis technology. They are natural reflections caused by the wet surface acting as a mirror, reflecting both the kneeling person and the colorful sky above.",
    "annotations_summary": "The video captures a person using a smartphone to take a photo of another individual kneeling on a wet, reflective surface, likely a parking lot, during sunset or sunrise. The scene features a vibrant, colorful sky that is clearly reflected in the water, creating a mirror-like effect. The video shows the process of taking the photo from various angles, including close-ups of the smartphone screen. The final frames confirm that the photo has been successfully captured, showcasing the kneeling person with the reflective surface beneath them. The reflections in the photo are natural and not the result of image synthesis technology."
  }
}