{
  "qid": "1235-1",
  "video_id": "EvlFEYvsf2Q",
  "video_path": "videos\\1235_EvlFEYvsf2Q.mp4",
  "main_question": "What is the result of 4 plus 3 according to the pattern shown in the video?",
  "sub_questions": "To better understand the video and the pattern it might be demonstrating, consider the following sub-questions:\n\n1. **What specific pattern or rule is being applied to the numbers in the video?**\n   - This will help identify if there is a unique operation or sequence being followed beyond simple addition.\n\n2. **Are there any visual or auditory cues in the video that indicate how the numbers should be combined or transformed?**\n   - This can provide insights into any non-standard methods or visual aids used in the video.\n\n3. **Does the video provide examples of other number pairs being combined using the same pattern?**\n   - Seeing additional examples can clarify the pattern and ensure that the interpretation of \"4 plus 3\" is correct.",
  "annotations": {
    "frame_annotations": [
      {
        "timestamp": 0.0,
        "annotation": "The image shows a math quiz with a picture of Albert Einstein. The quiz presents the following equations: 2 + 2 = 24, 3 + 3 = 36, 4 + 5 = 59, and asks for the result of 4 + 3. There is a prompt at the bottom to 'Comment your answer'."
      },
      {
        "timestamp": 1.0,
        "annotation": "The image is identical to the previous frame. No changes are noticeable.",
        "change": "No change from the previous frame."
      },
      {
        "timestamp": 2.0,
        "annotation": "The image is identical to the previous frame. No changes are noticeable.",
        "change": "No change from the previous frame."
      },
      {
        "timestamp": 3.0,
        "annotation": "The image is identical to the previous frame. No changes are noticeable.",
        "change": "No change from the previous frame."
      },
      {
        "timestamp": 4.0,
        "annotation": "The image is identical to the previous frame. No changes are noticeable.",
        "change": "No change from the previous frame."
      }
    ],
    "whole_video_annotation": "The video appears to be a static presentation of a math quiz featuring a picture of Albert Einstein. The quiz includes a series of equations that do not follow standard arithmetic rules: 2 + 2 = 24, 3 + 3 = 36, and 4 + 5 = 59. The quiz asks for the result of 4 + 3, with a prompt at the bottom to 'Comment your answer'. The frames from the video show no changes over the 4-second duration, indicating that the image remains the same throughout this segment.",
    "annotations_summary": "The video is a static 4-second presentation of a math quiz featuring a picture of Albert Einstein. The quiz includes non-standard arithmetic equations: 2 + 2 = 24, 3 + 3 = 36, and 4 + 5 = 59. It asks viewers to determine the result of 4 + 3 and prompts them to \"Comment your answer.\" The image does not change throughout the duration of the video."
  }
}