{
  "qid": "1236-2",
  "video_id": "eDcteTYALgI",
  "video_path": "videos\\1236_eDcteTYALgI.mp4",
  "main_question": "Is the method shown in the video effective in producing accurate results for the division problems?",
  "sub_questions": "To better understand the video and evaluate the effectiveness of the method shown for producing accurate results in division problems, consider the following sub-questions:\n\n1. **What specific division method is demonstrated in the video?**\n   - Understanding the exact technique used will help in assessing its accuracy and effectiveness.\n\n2. **Are there any examples or step-by-step demonstrations provided in the video?**\n   - Detailed examples can show how the method is applied and whether it consistently yields correct results.\n\n3. **Does the video address common errors or challenges associated with the division method?**\n   - Knowing how the video handles potential pitfalls can indicate its thoroughness and reliability in teaching the method.",
  "annotations": {
    "frame_annotations": [
      {
        "timestamp": 0.0,
        "annotation": "The video starts with a piece of paper showing four division problems: 10 \u00f7 5, 30 \u00f7 5, 60 \u00f7 5, and 90 \u00f7 5. The title 'Crazy Math Trick' is displayed at the top."
      },
      {
        "timestamp": 0.97,
        "annotation": "A hand holding a red pen appears, hovering over the paper, ready to write. No changes to the paper yet."
      },
      {
        "timestamp": 1.94,
        "annotation": "The pen starts to write a small mark next to the '1' in 10. The mark resembles the start of a superscript."
      },
      {
        "timestamp": 2.91,
        "annotation": "The pen continues to write, completing the superscript '2' next to the '1' in 10, making it 10\u00b2."
      },
      {
        "timestamp": 3.87,
        "annotation": "The pen moves to the next line, starting to write a small mark next to the '3' in 30, similar to the previous step."
      },
      {
        "timestamp": 4.84,
        "annotation": "The pen completes the superscript '2' next to the '3' in 30, making it 30\u00b2."
      },
      {
        "timestamp": 5.81,
        "annotation": "The pen moves to the next line, starting to write a small mark next to the '6' in 60."
      },
      {
        "timestamp": 6.78,
        "annotation": "The pen completes the superscript '2' next to the '6' in 60, making it 60\u00b2."
      },
      {
        "timestamp": 7.75,
        "annotation": "The pen moves to the final line, starting to write a small mark next to the '9' in 90."
      },
      {
        "timestamp": 8.72,
        "annotation": "The pen completes the superscript '2' next to the '9' in 90, making it 90\u00b2."
      },
      {
        "timestamp": 9.69,
        "annotation": "The pen is starting to write the digit '1' next to the '9' in 90\u00b2."
      },
      {
        "timestamp": 10.65,
        "annotation": "The pen completes the digit '1' next to the '9' in 90\u00b2, making it 91."
      },
      {
        "timestamp": 11.62,
        "annotation": "The pen starts to write the division symbol next to 91."
      },
      {
        "timestamp": 12.59,
        "annotation": "The pen completes the division symbol next to 91 and starts to write the digit '5'."
      },
      {
        "timestamp": 13.56,
        "annotation": "The pen completes the digit '5' next to the division symbol, making it 91 \u00f7 5."
      },
      {
        "timestamp": 14.53,
        "annotation": "The pen starts to write the digit '1' as the result of 91 \u00f7 5."
      },
      {
        "timestamp": 15.5,
        "annotation": "The pen completes the digit '1' as the result of 91 \u00f7 5, making it 91 \u00f7 5 = 1."
      },
      {
        "timestamp": 16.47,
        "annotation": "The pen starts to write the digit '8' next to the '1' in 91 \u00f7 5 = 1, making it 91 \u00f7 5 = 18."
      }
    ],
    "whole_video_annotation": "The video demonstrates a \"Crazy Math Trick\" involving division problems. Initially, the video shows four division problems: 10 \u00f7 5, 30 \u00f7 5, 60 \u00f7 5, and 90 \u00f7 5. A hand with a red pen then modifies these problems by adding a superscript '2' to the first digit of each number, transforming them into 10\u00b2, 30\u00b2, 60\u00b2, and 90\u00b2. The pen further alters the last problem by changing 90\u00b2 to 91 and then performs the division 91 \u00f7 5, claiming the result is 18.\n\nTo address the user's question about the effectiveness of the method:\nThe method shown in the video is not mathematically valid for producing accurate results for the division problems presented. The trick involves altering the original numbers in a way that does not follow standard mathematical rules, leading to incorrect results. For example, 90 \u00f7 5 equals 18, but the trick incorrectly transforms 90 into 91 and then divides by 5, claiming the result is 18, which is coincidental and not a generalizable method.",
    "annotations_summary": "The video titled \"Crazy Math Trick\" begins by displaying four division problems: 10 \u00f7 5, 30 \u00f7 5, 60 \u00f7 5, and 90 \u00f7 5. A hand with a red pen then modifies these problems by adding a superscript '2' to the first digit of each number, transforming them into 10\u00b2, 30\u00b2, 60\u00b2, and 90\u00b2. The pen further alters the last problem by changing 90\u00b2 to 91 and performs the division 91 \u00f7 5, claiming the result is 18.\n\nThe method demonstrated in the video is not mathematically valid. It involves altering the original numbers in a way that does not follow standard mathematical rules, leading to incorrect results. For instance, while 90 \u00f7 5 equals 18, the trick incorrectly transforms 90 into 91 and then divides by 5, claiming the result is 18, which is coincidental and not a generalizable method."
  }
}