{
  "qid": "1236-7",
  "video_id": "eDcteTYALgI",
  "video_path": "videos\\1236_eDcteTYALgI.mp4",
  "main_question": "What is the reason the method in the video is considered useful?\nA. It involves the square root of a number before dividing by 5.\nB. It involves squaring the numbers before dividing by 5.\nC. It simplifies division into single-digit multiplication.\nD. It reduces division to addition.",
  "sub_questions": "To better understand the video and determine why the method is considered useful, consider the following sub-questions:\n\n1. **What specific steps are involved in the method shown in the video?**\n   - Understanding the exact steps will help identify which mathematical operations are being used.\n\n2. **How does the method in the video handle division operations?**\n   - This question aims to clarify whether the method transforms division into a simpler operation, such as multiplication or addition.\n\n3. **Are there any examples in the video that demonstrate the method's effectiveness?**\n   - Examples can provide concrete evidence of how the method works and why it is considered useful.\n\nThese sub-questions should help in analyzing the video content more effectively and in determining the correct answer to the main question.",
  "annotations": {
    "frame_annotations": [
      {
        "timestamp": 0.0,
        "annotation": "The video starts with a title 'Crazy Math Trick' displayed at the top. Below the title, there are four division problems written on a piece of paper: 10 \u00f7 5, 30 \u00f7 5, 60 \u00f7 5, and 90 \u00f7 5. A hand is visible at the bottom of the frame."
      },
      {
        "timestamp": 0.97,
        "annotation": "A red pen appears in the frame, positioned above the first division problem (10 \u00f7 5). The hand starts to move the pen towards the paper."
      },
      {
        "timestamp": 1.94,
        "annotation": "The pen is now touching the paper next to the first division problem. The hand begins to write something next to 10 \u00f7 5."
      },
      {
        "timestamp": 2.91,
        "annotation": "The hand has written a small '2' above the '10' in the first division problem, changing it to 10\u00b2 \u00f7 5."
      },
      {
        "timestamp": 3.87,
        "annotation": "The pen moves down to the second division problem (30 \u00f7 5). The hand prepares to write something next to it."
      },
      {
        "timestamp": 4.84,
        "annotation": "The hand writes a small '2' above the '30' in the second division problem, changing it to 30\u00b2 \u00f7 5."
      },
      {
        "timestamp": 5.81,
        "annotation": "The pen moves down to the third division problem (60 \u00f7 5). The hand prepares to write something next to it."
      },
      {
        "timestamp": 6.78,
        "annotation": "The hand writes a small '2' above the '60' in the third division problem, changing it to 60\u00b2 \u00f7 5."
      },
      {
        "timestamp": 7.75,
        "annotation": "The pen moves down to the fourth division problem (90 \u00f7 5). The hand prepares to write something next to it."
      },
      {
        "timestamp": 8.72,
        "annotation": "The hand writes a small '2' above the '90' in the fourth division problem, changing it to 90\u00b2 \u00f7 5."
      },
      {
        "timestamp": 9.69,
        "annotation": "The hand continues to write a small '2' above the '90' in the fourth division problem, changing it to 90\u00b2 \u00f7 5. The pencil is almost done writing the '2'."
      },
      {
        "timestamp": 10.65,
        "annotation": "The hand has finished writing the small '2' above the '90' in the fourth division problem, completing the expression 90\u00b2 \u00f7 5. The hand is now moving away from the paper."
      },
      {
        "timestamp": 11.62,
        "annotation": "The hand is now writing a '2' above the '10' in the first division problem, changing it to 10\u00b2 \u00f7 5."
      },
      {
        "timestamp": 12.59,
        "annotation": "The hand has finished writing the small '2' above the '10' in the first division problem, completing the expression 10\u00b2 \u00f7 5. The hand is now moving to the second division problem."
      },
      {
        "timestamp": 13.56,
        "annotation": "The hand is now writing a '2' above the '30' in the second division problem, changing it to 30\u00b2 \u00f7 5."
      },
      {
        "timestamp": 14.53,
        "annotation": "The hand has finished writing the small '2' above the '30' in the second division problem, completing the expression 30\u00b2 \u00f7 5. The hand is now moving to the third division problem."
      },
      {
        "timestamp": 15.5,
        "annotation": "The hand is now writing a '2' above the '60' in the third division problem, changing it to 60\u00b2 \u00f7 5."
      },
      {
        "timestamp": 16.47,
        "annotation": "The hand has finished writing the small '2' above the '60' in the third division problem, completing the expression 60\u00b2 \u00f7 5. The hand is now moving away from the paper."
      }
    ],
    "whole_video_annotation": "The video demonstrates a \"Crazy Math Trick\" involving division problems. Initially, the video shows four simple division problems: 10 \u00f7 5, 30 \u00f7 5, 60 \u00f7 5, and 90 \u00f7 5. A hand then uses a red pen to modify each problem by writing a small '2' above each number, changing the problems to 10\u00b2 \u00f7 5, 30\u00b2 \u00f7 5, 60\u00b2 \u00f7 5, and 90\u00b2 \u00f7 5. This process involves squaring the numbers before dividing by 5.\n\n### Answer to the user's question:\nThe reason the method in the video is considered useful is:\n\n**B. It involves squaring the numbers before dividing by 5.**",
    "annotations_summary": "### Summary of the Video Descriptions\n\n**Frame-Level Descriptions:**\nThe video begins with the title \"Crazy Math Trick\" displayed at the top, accompanied by four division problems written on a piece of paper: 10 \u00f7 5, 30 \u00f7 5, 60 \u00f7 5, and 90 \u00f7 5. A hand appears at the bottom of the frame, holding a red pen. The hand then modifies each division problem by writing a small '2' above each number, transforming the problems into 10\u00b2 \u00f7 5, 30\u00b2 \u00f7 5, 60\u00b2 \u00f7 5, and 90\u00b2 \u00f7 5. This process is completed sequentially for each problem.\n\n**Video-Level Description:**\nThe video showcases a \"Crazy Math Trick\" involving division problems. Initially, it presents four simple division problems: 10 \u00f7 5, 30 \u00f7 5, 60 \u00f7 5, and 90 \u00f7 5. A hand uses a red pen to modify each problem by writing a small '2' above each number, changing the problems to 10\u00b2 \u00f7 5, 30\u00b2 \u00f7 5, 60\u00b2 \u00f7 5, and 90\u00b2 \u00f7 5. This method involves squaring the numbers before dividing by 5.\n\n### Reason for Usefulness:\nThe method in the video is considered useful because it involves squaring the numbers before dividing by 5. This transformation is the key aspect of the \"Crazy Math Trick\" demonstrated in the video."
  }
}