{
  "qid": "1239-7",
  "video_id": "3Eh34zhrxMA",
  "video_path": "videos\\1239_3Eh34zhrxMA.mp4",
  "main_question": "What is the outcome of using the method shown in the video?\nA. Less efficient than ordinary methods, but more accurate.\nB. More efficient than normal methods.\nC. The results are as efficient and accurate as the normal method.\nD. More efficient than normal methods, but less accurate.",
  "sub_questions": "To better understand the video and determine the outcome of using the method shown, consider the following sub-questions:\n\n1. **How does the method in the video compare in terms of speed or time efficiency to traditional methods?**\n   - Does it complete tasks faster, slower, or about the same as conventional approaches?\n\n2. **What is the accuracy or precision of the results obtained using the method demonstrated in the video?**\n   - Are the outcomes more accurate, less accurate, or comparable to those achieved with standard methods?\n\n3. **Are there any trade-offs or specific contexts where the method shown in the video might be more or less advantageous?**\n   - For example, does it excel in certain situations but fall short in others, and if so, why?",
  "annotations": {
    "frame_annotations": [
      {
        "timestamp": 0.0,
        "annotation": "Three individuals are in a room. One person in a gray suit is standing with arms crossed, observing. Another person in a red shirt is writing multiplication problems on a whiteboard. The third person, in the foreground, is looking at the scene with a hand near their face."
      },
      {
        "timestamp": 1.0,
        "annotation": "The person in the red shirt is writing the first multiplication problem (19 x 1) on the whiteboard. The person in the gray suit continues to observe with arms crossed. The third person in the foreground maintains the same pose."
      },
      {
        "timestamp": 2.0,
        "annotation": "The person in the red shirt is writing the second multiplication problem (19 x 2). The other two individuals remain in their previous positions."
      },
      {
        "timestamp": 3.0,
        "annotation": "The person in the red shirt is writing the third multiplication problem (19 x 3). No significant change in the positions of the other two individuals."
      },
      {
        "timestamp": 4.0,
        "annotation": "The person in the red shirt is writing the fourth multiplication problem (19 x 4). The person in the gray suit and the individual in the foreground remain unchanged."
      },
      {
        "timestamp": 5.0,
        "annotation": "The person in the red shirt is writing the fifth multiplication problem (19 x 5). The other two individuals continue to observe without moving."
      },
      {
        "timestamp": 6.0,
        "annotation": "The person in the red shirt is writing the sixth multiplication problem (19 x 6). The person in the gray suit and the individual in the foreground stay in their positions."
      },
      {
        "timestamp": 7.0,
        "annotation": "The person in the red shirt is writing the seventh multiplication problem (19 x 7). The other two individuals remain unchanged."
      },
      {
        "timestamp": 8.0,
        "annotation": "The person in the red shirt is writing the eighth multiplication problem (19 x 8). The person in the gray suit and the individual in the foreground continue to observe without moving."
      },
      {
        "timestamp": 9.0,
        "annotation": "The person in the red shirt is writing the ninth multiplication problem (19 x 9). The other two individuals stay in their positions."
      },
      {
        "timestamp": 10.0,
        "annotation": "The person in the red shirt is writing the ninth multiplication problem (19 x 9). The other two individuals stay in their positions. The person in the gray suit is looking at the whiteboard, and the person in the foreground is looking at the camera with an exaggerated expression."
      },
      {
        "timestamp": 11.0,
        "annotation": "The person in the red shirt continues writing the ninth multiplication problem (19 x 9). No noticeable change from the previous frame."
      },
      {
        "timestamp": 12.0,
        "annotation": "The person in the red shirt finishes writing the ninth multiplication problem (19 x 9). No noticeable change from the previous frame."
      },
      {
        "timestamp": 13.0,
        "annotation": "The person in the red shirt starts writing the tenth multiplication problem (19 x 10). The person in the gray suit is still looking at the whiteboard, and the person in the foreground is still looking at the camera with an exaggerated expression."
      },
      {
        "timestamp": 14.0,
        "annotation": "The person in the red shirt continues writing the tenth multiplication problem (19 x 10). No noticeable change from the previous frame."
      },
      {
        "timestamp": 15.0,
        "annotation": "The person in the red shirt finishes writing the tenth multiplication problem (19 x 10). The person in the gray suit starts to turn away from the whiteboard, and the person in the foreground is still looking at the camera with an exaggerated expression."
      }
    ],
    "whole_video_annotation": "In the video, three individuals are in a room. One person, wearing a red shirt, is writing multiplication problems on a whiteboard, specifically focusing on the multiplication table for the number 19. The other two individuals are observing the scene: one person in a gray suit stands with arms crossed, while the third person in the foreground maintains a pose with a hand near their face and occasionally looks at the camera with an exaggerated expression. The person in the red shirt writes out the multiplication problems sequentially from 19 x 1 to 19 x 10.\n\nThe outcome of using the method shown in the video cannot be determined from the visual content alone, as the video only depicts the process of writing multiplication problems on a whiteboard. The efficiency and accuracy of the method would depend on additional context or information about the educational or practical application of this method, which is not provided in the video.",
    "annotations_summary": "The video features three individuals in a room engaged in a specific activity:\n\n- **Person in Red Shirt**: This individual is writing multiplication problems on a whiteboard, focusing on the multiplication table for the number 19. They sequentially write out the problems from 19 x 1 to 19 x 10.\n- **Person in Gray Suit**: This person stands with arms crossed, observing the scene and occasionally looking at the whiteboard.\n- **Person in the Foreground**: This individual maintains a pose with a hand near their face and occasionally looks at the camera with an exaggerated expression.\n\nThe video captures the process of writing the multiplication problems but does not provide information on the outcome or effectiveness of the method being demonstrated."
  }
}