{
  "qid": "1239-3",
  "video_id": "3Eh34zhrxMA",
  "video_path": "videos\\1239_3Eh34zhrxMA.mp4",
  "main_question": "Does this method produce the correct result for the multiplication table of 19 as efficiently as the normal method?",
  "sub_questions": "To better understand the video and address the main question, consider the following sub-questions:\n\n1. **What is the specific method being demonstrated in the video for generating the multiplication table of 19?**\n   - Understanding the method is crucial to compare it with the normal method.\n\n2. **How does the time complexity or the number of steps required by this method compare to the traditional method of generating a multiplication table?**\n   - This will help determine if the method is more efficient.\n\n3. **Are there any errors or discrepancies in the results produced by this method when compared to the standard multiplication table of 19?**\n   - This will confirm if the method produces the correct results.",
  "annotations": {
    "frame_annotations": [
      {
        "timestamp": 0.0,
        "annotation": "Three individuals are in the frame. One person in a gray suit is standing with arms crossed, observing. Another person in a red shirt is writing on a whiteboard, and a third person is in the foreground with their hand on their chin, watching the scene."
      },
      {
        "timestamp": 1.0,
        "annotation": "The person in the red shirt is now holding a marker and appears to be about to write on the whiteboard. The person in the gray suit is still standing with arms crossed. The third person in the foreground is still watching with their hand on their chin."
      },
      {
        "timestamp": 2.0,
        "annotation": "The person in the red shirt has started writing '19 x 1 =' on the whiteboard. The person in the gray suit remains with arms crossed, and the third person in the foreground is still observing with their hand on their chin."
      },
      {
        "timestamp": 3.0,
        "annotation": "The person in the red shirt has completed writing '19 x 1 = 1' on the whiteboard. The other two individuals remain in their previous positions."
      },
      {
        "timestamp": 4.0,
        "annotation": "The person in the red shirt is now writing '19 x 2 =' on the whiteboard. The person in the gray suit is still standing with arms crossed, and the third person in the foreground is still watching with their hand on their chin."
      },
      {
        "timestamp": 5.0,
        "annotation": "The person in the red shirt has completed writing '19 x 2 = 3' on the whiteboard. The other two individuals remain in their previous positions."
      },
      {
        "timestamp": 6.0,
        "annotation": "The person in the red shirt is now writing '19 x 3 =' on the whiteboard. The person in the gray suit is still standing with arms crossed, and the third person in the foreground is still observing with their hand on their chin."
      },
      {
        "timestamp": 7.0,
        "annotation": "The person in the red shirt has completed writing '19 x 3 = 5' on the whiteboard. The other two individuals remain in their previous positions."
      },
      {
        "timestamp": 8.0,
        "annotation": "The person in the red shirt is now writing '19 x 4 =' on the whiteboard. The person in the gray suit is still standing with arms crossed, and the third person in the foreground is still watching with their hand on their chin."
      },
      {
        "timestamp": 9.0,
        "annotation": "The person in the red shirt has completed writing '19 x 4 = 7' on the whiteboard. The other two individuals remain in their previous positions."
      },
      {
        "timestamp": 10.0,
        "annotation": "The person in the red shirt is writing '19 x 5 = 95' on the whiteboard. The other two individuals remain in their previous positions."
      },
      {
        "timestamp": 11.0,
        "annotation": "The person in the red shirt has completed writing '19 x 5 = 95' on the whiteboard. The other two individuals remain in their previous positions."
      },
      {
        "timestamp": 12.0,
        "annotation": "The person in the red shirt is writing '19 x 6 = 114' on the whiteboard. The other two individuals remain in their previous positions."
      },
      {
        "timestamp": 13.0,
        "annotation": "The person in the red shirt has completed writing '19 x 6 = 114' on the whiteboard. The other two individuals remain in their previous positions."
      },
      {
        "timestamp": 14.0,
        "annotation": "The person in the red shirt is writing '19 x 7 = 133' on the whiteboard. The other two individuals remain in their previous positions."
      },
      {
        "timestamp": 15.0,
        "annotation": "The person in the red shirt has completed writing '19 x 7 = 133' on the whiteboard. The other two individuals remain in their previous positions."
      }
    ],
    "whole_video_annotation": "In the video, there are three individuals in a room. One person, wearing a red shirt, is at a whiteboard and appears to be demonstrating or explaining something by writing out multiplication problems involving the number 19. The person in the red shirt is writing out the multiplication table for 19 but is making errors in the results. Specifically, the results provided for each multiplication are incorrect.\n\nThe other two individuals are observing the scene. One person, dressed in a gray suit, is standing with arms crossed, and the third person is in the foreground with their hand on their chin, watching the demonstration intently. Neither of the observers appears to intervene or correct the errors being made by the person in the red shirt.\n\nIn summary, the video depicts an incorrect demonstration of the multiplication table for 19, with two observers watching the process without correcting the mistakes.",
    "annotations_summary": "The video features three individuals in a room where one person in a red shirt is writing the multiplication table for 19 on a whiteboard but is making errors in the results. The person in the red shirt writes out several incorrect multiplications, such as \"19 x 1 = 1,\" \"19 x 2 = 3,\" and \"19 x 5 = 95.\" Throughout the video, two observers watch the demonstration without intervening or correcting the mistakes. One observer, dressed in a gray suit, stands with arms crossed, while the other person in the foreground watches with their hand on their chin."
  }
}