{
  "qid": "1242-7",
  "video_id": "68kf4Xd63rc",
  "video_path": "videos\\1242_68kf4Xd63rc.mp4",
  "main_question": "What was the result of the man's magic show?\nA. The new money appeared under the cup.\nB. The money fell to the ground.\nC. The money under the cup disappeared.\nD. The money went back to the boy.",
  "sub_questions": "To better understand the result of the man's magic show, consider the following sub-questions:\n\n1. **What was the initial state of the money before the magic trick began?**\n   - Was the money visible under the cup?\n   - Was the money in the boy's possession?\n\n2. **What actions did the magician perform during the trick?**\n   - Did he wave his hands over the cup?\n   - Did he ask the boy to do something specific?\n   - Did he use any props or additional items?\n\n3. **What was the final state of the money after the trick was completed?**\n   - Was there any money under the cup?\n   - Did the boy have the money?\n   - Was the money on the ground or elsewhere?",
  "annotations": {
    "frame_annotations": [
      {
        "timestamp": 0.0,
        "annotation": "A boy and a girl are sitting at a table. The boy is holding a cup and a coin. The girl is looking at the boy with a neutral expression."
      },
      {
        "timestamp": 1.0,
        "annotation": "The boy is placing the coin under the cup. The girl continues to watch him intently."
      },
      {
        "timestamp": 2.0,
        "annotation": "The boy is covering the cup with his hand. The girl's expression remains neutral."
      },
      {
        "timestamp": 3.0,
        "annotation": "The boy is lifting his hand from the cup. The girl is still watching closely."
      },
      {
        "timestamp": 4.0,
        "annotation": "The boy is tilting the cup slightly. The girl's expression shows slight curiosity."
      },
      {
        "timestamp": 5.0,
        "annotation": "The boy is lifting the cup higher, revealing that the coin is no longer there. The girl looks surprised."
      },
      {
        "timestamp": 6.0,
        "annotation": "The boy is looking at the girl with a slight smile. The girl appears confused."
      },
      {
        "timestamp": 7.0,
        "annotation": "The boy is reaching out his hand towards the girl. The girl is looking at his hand with a puzzled expression."
      },
      {
        "timestamp": 8.0,
        "annotation": "The boy is placing the coin back into the girl's hand. The girl looks surprised and happy."
      },
      {
        "timestamp": 9.0,
        "annotation": "The girl is smiling and looking at the coin in her hand. The boy is smiling back at her."
      },
      {
        "timestamp": 10.0,
        "annotation": "The girl is smiling and looking at the coin in her hand. The boy is smiling back at her. There is a cup on the table in front of them."
      },
      {
        "timestamp": 11.0,
        "annotation": "The girl's expression changes to surprise as she looks at the coin. The boy is still smiling but seems to be reacting to the girl's surprise. The cup on the table remains in the same position."
      },
      {
        "timestamp": 12.0,
        "annotation": "The girl's mouth is open in even greater surprise. The boy's smile fades slightly as he looks at the girl. The cup on the table is still present and unchanged."
      }
    ],
    "whole_video_annotation": "In the video, a boy performs a simple magic trick for a girl. He starts by placing a coin under a cup and then appears to make the coin disappear when he lifts the cup. The girl looks surprised and confused. The boy then reveals the coin by placing it back into the girl's hand, making her happy and surprised again. The trick involves the coin seemingly disappearing from under the cup and then reappearing in the girl's hand.\n\nGiven the options, the correct answer is:\nC. The money under the cup disappeared.",
    "annotations_summary": "The video shows a boy performing a magic trick for a girl. Here's a brief summary:\n\n- The boy places a coin under a cup and makes it seem like the coin disappears when he lifts the cup.\n- The girl looks surprised and confused by the trick.\n- The boy then reveals the coin by placing it back into the girl's hand, causing her to be happy and surprised again.\n\nThe frame-level descriptions detail the sequence of actions and the girl's reactions, confirming that the trick involves the coin seemingly disappearing from under the cup and then reappearing in the girl's hand. This aligns with the video-level description and the given option C: \"The money under the cup disappeared.\""
  }
}