{
  "qid": "1255-2",
  "video_id": "IpHK0Fscq1o",
  "video_path": "videos\\1255_IpHK0Fscq1o.mp4",
  "main_question": "Did the man run underneath after the color yellow was called?",
  "sub_questions": "To better understand the video and answer the main question, consider the following sub-questions:\n\n1. **What specific actions did the man take immediately after the color yellow was called?**\n   - This will help determine if \"running underneath\" was one of the actions.\n\n2. **Was there a clear and audible call of the color yellow in the video?**\n   - This ensures that the man had a cue to react to.\n\n3. **What was the man's position and the environment like before and after the color yellow was called?**\n   - This context can help verify if there was an opportunity or need for him to run underneath something.\n\nThese sub-questions should help clarify the events in the video and provide a more accurate answer to the main question.",
  "annotations": {
    "frame_annotations": [
      {
        "timestamp": 0.0,
        "annotation": "A group of people are holding up a large, colorful umbrella in a grassy outdoor area. The text overlay reads, 'I think I'm really starting to feel something here.'"
      },
      {
        "timestamp": 0.97,
        "annotation": "The scene zooms in on two individuals. One is holding a clipboard and appears to be instructing the other, who is holding the umbrella. The text overlay reads, 'I think I'm really starting to feel something here.'"
      },
      {
        "timestamp": 1.94,
        "annotation": "The instructor, dressed in a white coat and tie, is interacting with the individual under the umbrella. The text overlay reads, 'Yes good.'"
      },
      {
        "timestamp": 2.9,
        "annotation": "The instructor is now touching the umbrella and saying, 'It's working.' The individual under the umbrella appears to be reacting positively."
      },
      {
        "timestamp": 3.87,
        "annotation": "The individual under the umbrella is laughing joyfully with the text overlay reading, '*joyful laughter.'"
      },
      {
        "timestamp": 4.84,
        "annotation": "The individual under the umbrella is laughing with his mouth wide open, and the text overlay reads, '*joyful laughter.'"
      },
      {
        "timestamp": 5.81,
        "annotation": "The individual under the umbrella is smiling and the text overlay reads, 'When you hear your color run underneath.'"
      },
      {
        "timestamp": 6.77,
        "annotation": "The view is from under the umbrella, showing the green and pink sections. The text overlay reads, 'When you hear your color run underneath.'"
      },
      {
        "timestamp": 7.74,
        "annotation": "The group of people are again holding up the umbrella in the grassy area. The text overlay reads, 'red.'"
      },
      {
        "timestamp": 8.71,
        "annotation": "The scene is blurred, focusing on the text overlay that reads, 'red.'"
      },
      {
        "timestamp": 9.68,
        "annotation": "The scene is blurred, focusing on the text overlay that reads, 'pink.'"
      },
      {
        "timestamp": 10.64,
        "annotation": "The scene is blurred, focusing on the text overlay that reads, 'pink.' No noticeable change from the previous frame."
      },
      {
        "timestamp": 11.61,
        "annotation": "The scene is blurred, focusing on the text overlay that reads, 'pink.' No noticeable change from the previous frame."
      },
      {
        "timestamp": 12.58,
        "annotation": "The scene is blurred, focusing on the text overlay that reads, 'pink.' No noticeable change from the previous frame."
      },
      {
        "timestamp": 13.55,
        "annotation": "The scene is blurred, focusing on the text overlay that reads, 'pink.' No noticeable change from the previous frame."
      },
      {
        "timestamp": 14.51,
        "annotation": "The scene is blurred, focusing on the text overlay that reads, 'pink.' No noticeable change from the previous frame."
      },
      {
        "timestamp": 15.48,
        "annotation": "The scene is blurred, focusing on the text overlay that reads, 'pink.' No noticeable change from the previous frame."
      },
      {
        "timestamp": 16.45,
        "annotation": "The scene is blurred, focusing on the text overlay that reads, 'pink.' No noticeable change from the previous frame."
      },
      {
        "timestamp": 17.42,
        "annotation": "The scene is blurred, focusing on the text overlay that reads, 'orange.' The text overlay has changed from 'pink' to 'orange.'"
      },
      {
        "timestamp": 18.39,
        "annotation": "The scene is blurred, focusing on the text overlay that reads, 'orange.' No noticeable change from the previous frame."
      },
      {
        "timestamp": 19.35,
        "annotation": "The scene is blurred, focusing on the text overlay that reads, 'orange.' No noticeable change from the previous frame."
      },
      {
        "timestamp": 20.32,
        "annotation": "The scene is blurred, focusing on the text overlay that reads, 'orange.' No noticeable change from the previous frame."
      },
      {
        "timestamp": 21.29,
        "annotation": "The scene is blurred, focusing on the text overlay that reads, 'orange.' No noticeable change from the previous frame."
      },
      {
        "timestamp": 22.26,
        "annotation": "The scene is blurred, focusing on the text overlay that reads, 'orange.' No noticeable change from the previous frame."
      },
      {
        "timestamp": 23.22,
        "annotation": "The scene is blurred, focusing on the text overlay that reads, 'orange.' No noticeable change from the previous frame."
      },
      {
        "timestamp": 24.19,
        "annotation": "The scene is blurred, focusing on the text overlay that reads, 'orange.' No noticeable change from the previous frame."
      },
      {
        "timestamp": 25.16,
        "annotation": "The scene is blurred, focusing on the text overlay that reads, 'orange.' No noticeable change from the previous frame."
      },
      {
        "timestamp": 26.13,
        "annotation": "The scene is blurred, focusing on the text overlay that reads, 'orange.' No noticeable change from the previous frame."
      },
      {
        "timestamp": 27.09,
        "annotation": "The scene is blurred, focusing on the text overlay that reads, 'orange.' No noticeable change from the previous frame."
      },
      {
        "timestamp": 28.06,
        "annotation": "The scene is blurred, focusing on the text overlay that reads, 'orange.' No noticeable change from the previous frame."
      },
      {
        "timestamp": 29.03,
        "annotation": "The scene is no longer blurred. A group of people are gathered around a large, colorful parachute on a grassy field. The parachute is open and being held up by several individuals. No noticeable change from the previous frame as the previous frame was blurred."
      },
      {
        "timestamp": 30.0,
        "annotation": "The parachute is still open and being held by the group. The individuals appear to be moving slightly, but the overall scene remains similar to the previous frame."
      },
      {
        "timestamp": 30.96,
        "annotation": "The parachute is still open and being held by the group. The individuals appear to be moving slightly, but the overall scene remains similar to the previous frame."
      },
      {
        "timestamp": 31.93,
        "annotation": "The parachute is still open and being held by the group. The individuals appear to be moving slightly, but the overall scene remains similar to the previous frame."
      },
      {
        "timestamp": 32.9,
        "annotation": "The parachute is still open and being held by the group. The individuals appear to be moving slightly, but the overall scene remains similar to the previous frame."
      },
      {
        "timestamp": 33.87,
        "annotation": "The parachute is still open and being held by the group. The individuals appear to be moving slightly, but the overall scene remains similar to the previous frame."
      },
      {
        "timestamp": 34.83,
        "annotation": "The parachute is still open and being held by the group. The individuals appear to be moving slightly, but the overall scene remains similar to the previous frame."
      },
      {
        "timestamp": 35.8,
        "annotation": "The parachute is still open and being held by the group. The individuals appear to be moving slightly, but the overall scene remains similar to the previous frame."
      },
      {
        "timestamp": 36.77,
        "annotation": "The parachute is still open and being held by the group. The individuals appear to be moving slightly, but the overall scene remains similar to the previous frame."
      },
      {
        "timestamp": 37.74,
        "annotation": "The parachute is still open and being held by the  group. The individuals appear to be moving slightly, but the overall scene remains similar to the previous frame."
      }
    ],
    "whole_video_annotation": "The video depicts a group of people gathered in a grassy outdoor area, holding up a large, colorful umbrella or parachute. The scene involves an instructor, dressed in a white coat and tie, interacting with an individual who is standing under the umbrella. The instructor appears to be conducting some form of experiment or activity, as they touch the umbrella and comment on its effectiveness. The individual under the umbrella reacts positively, laughing and smiling. The video includes text overlays that mention colors such as red, pink, and orange, which seem to correspond to different stages or elements of the activity. The scene is blurred for several frames while the text overlays change, focusing on the colors mentioned. Towards the end, the group is seen gathered around the open parachute, with slight movements but no significant changes in the overall scene.\n\nRegarding the user's question: \"Did the man run underneath after the color yellow was called?\" Based on the provided frames, the color yellow was not mentioned or called out in the text overlays. Therefore, there is no indication that the man ran underneath the umbrella after the color yellow was called.",
    "annotations_summary": "The video shows a group of people in an outdoor grassy area holding up a large, colorful umbrella or parachute. An instructor, dressed in a white coat and tie, interacts with an individual standing under the umbrella, conducting an experiment or activity. The individual under the umbrella reacts positively, laughing and smiling. Text overlays mention colors like red, pink, and orange, which seem to correspond to different stages of the activity. The scene blurs while these colors are displayed. Towards the end, the group is gathered around the open parachute with slight movements but no significant changes. The color yellow is not mentioned in the text overlays."
  }
}