{
  "qid": "1276-0",
  "video_id": "vXUZpRRrIBU",
  "video_path": "videos\\1276_vXUZpRRrIBU.mp4",
  "main_question": "What does the lemon icon at the top of the video mean?",
  "sub_questions": "To better understand the video and the meaning of the lemon icon, consider the following sub-questions:\n\n1. **What platform or application is the video being viewed on?**\n   - Different platforms may use different icons and symbols, so knowing the platform can help identify the meaning of the lemon icon.\n\n2. **Are there any other icons or symbols present in the video interface, and if so, what do they represent?**\n   - Understanding the context of other icons can provide clues about the lemon icon's purpose.\n\n3. **Is there any documentation, help section, or community forum related to the platform that might explain the meaning of the lemon icon?**\n   - Official documentation or community knowledge can often provide clear explanations for interface symbols.",
  "annotations": {
    "frame_annotations": [
      {
        "timestamp": 0.0,
        "annotation": "A young boy is sitting in a gaming chair. He is wearing a yellow shirt and holding up a slice of lemon. There are lemon-themed decorations in the background, including a banner that reads 'King Dre.' There is a lemon icon at the top of the video."
      },
      {
        "timestamp": 1.0,
        "annotation": "The boy continues to hold up the lemon slice, smiling at the camera. No noticeable change from the previous frame."
      },
      {
        "timestamp": 2.0,
        "annotation": "The boy brings the lemon slice closer to his mouth, appearing to prepare to take a bite. No noticeable change from the previous frame."
      },
      {
        "timestamp": 3.0,
        "annotation": "The boy is seen with his mouth open, seemingly about to bite into the lemon slice. No noticeable change from the previous frame."
      },
      {
        "timestamp": 4.0,
        "annotation": "The boy has a serious expression on his face, still holding the lemon slice up. No noticeable change from the previous frame."
      },
      {
        "timestamp": 5.0,
        "annotation": "The boy sticks out his tongue, still holding the lemon slice. No noticeable change from the previous frame."
      },
      {
        "timestamp": 6.0,
        "annotation": "The boy points to his cheek with his index finger, still holding the lemon slice with his other hand. No noticeable change from the previous frame."
      },
      {
        "timestamp": 7.0,
        "annotation": "A young girl replaces the boy in the frame. She is wearing a green shirt and holding up a slice of lemon. She has lemon-themed decorations on her head. No noticeable change from the previous frame."
      },
      {
        "timestamp": 8.0,
        "annotation": "The girl brings the lemon slice to her mouth, appearing to take a bite. No noticeable change from the previous frame."
      },
      {
        "timestamp": 9.0,
        "annotation": "The girl sticks out her tongue after taking a bite of the lemon slice. No noticeable change from the previous frame."
      },
      {
        "timestamp": 10.0,
        "annotation": "The girl holds a lemon slice in front of her mouth, preparing to take a bite. No noticeable change from the previous frame."
      },
      {
        "timestamp": 11.0,
        "annotation": "The girl takes a bite of the lemon slice. No noticeable change from the previous frame."
      },
      {
        "timestamp": 12.0,
        "annotation": "The girl sticks out her tongue after taking a bite of the lemon slice. No noticeable change from the previous frame."
      },
      {
        "timestamp": 13.0,
        "annotation": "The girl sticks out her tongue after taking a bite of the lemon slice. No noticeable change from the previous frame."
      },
      {
        "timestamp": 14.0,
        "annotation": "The girl sticks out her tongue after taking a bite of the lemon slice. No noticeable change from the previous frame."
      },
      {
        "timestamp": 15.0,
        "annotation": "The girl sticks out her tongue after taking a bite of the lemon slice. No noticeable change from the previous frame."
      },
      {
        "timestamp": 16.0,
        "annotation": "The girl sticks out her tongue after taking a bite of the lemon slice. No noticeable change from the previous frame."
      },
      {
        "timestamp": 17.0,
        "annotation": "The girl sticks out her tongue after taking a bite of the lemon slice. No noticeable change from the previous frame."
      },
      {
        "timestamp": 18.0,
        "annotation": "The girl sticks out her tongue after taking a bite of the lemon slice. No noticeable change from the previous frame."
      },
      {
        "timestamp": 19.0,
        "annotation": "The girl sticks out her tongue after taking a bite of the lemon slice. No noticeable change from the previous frame."
      },
      {
        "timestamp": 20.0,
        "annotation": "A girl in a green shirt is holding a small piece of lemon up to her mouth. No noticeable change from the previous frame."
      },
      {
        "timestamp": 21.0,
        "annotation": "The girl is about to put the lemon slice in her mouth. No noticeable change from the previous frame."
      },
      {
        "timestamp": 22.0,
        "annotation": "The girl is putting the lemon slice in her mouth. No noticeable change from the previous frame."
      },
      {
        "timestamp": 23.0,
        "annotation": "The girl has the lemon slice in her mouth. No noticeable change from the previous frame."
      },
      {
        "timestamp": 24.0,
        "annotation": "The girl is reacting to the lemon slice in her mouth. No noticeable change from the previous frame."
      },
      {
        "timestamp": 25.0,
        "annotation": "The girl is reacting to the lemon slice in her mouth. No noticeable change from the previous frame."
      },
      {
        "timestamp": 26.0,
        "annotation": "The girl is reacting to the lemon slice in her mouth. No noticeable change from the previous frame."
      },
      {
        "timestamp": 27.0,
        "annotation": "The girl is reacting to the lemon slice in her mouth. No noticeable change from the previous frame."
      },
      {
        "timestamp": 28.0,
        "annotation": "The girl is reacting to the lemon slice in her mouth. No noticeable change from the previous frame."
      },
      {
        "timestamp": 29.0,
        "annotation": "The girl is reacting to the lemon slice in her mouth. No noticeable change from the previous frame."
      },
      {
        "timestamp": 30.0,
        "annotation": "The person is wearing a crown and a yellow shirt, with a surprised or exaggerated expression on their face. The lemon icon at the top of the video, along with check marks, suggests that this might be a challenge or a reaction to something related to lemons. No noticeable change from the previous frame as the previous frame is not provided."
      }
    ],
    "whole_video_annotation": "The video appears to be a lighthearted and humorous challenge involving children and lemon slices. Here's a short general description of what is happening:\n\nTwo children, a boy and a girl, take turns holding up and biting into lemon slices. The boy, wearing a yellow shirt, starts the challenge and makes various facial expressions while holding the lemon slice. The girl, wearing a green shirt and lemon-themed decorations on her head, follows with a series of bites and exaggerated reactions to the sour taste of the lemon. The background decorations and the lemon icon at the top of the video, along with check marks, suggest that this is a themed challenge, possibly related to a game or a social media trend involving lemons.\n\nRegarding the lemon icon at the top of the video, it likely signifies that the video is part of a lemon-themed challenge or series. Such challenges are common on social media platforms, where participants take on various tasks involving lemons, often for entertainment and to engage with their audience. The check marks might indicate successful completion of certain parts of the challenge.",
    "annotations_summary": "The video features a humorous lemon challenge involving two children. Here's a brief summary:\n\n- **Participants**: A boy in a yellow shirt and a girl in a green shirt with lemon-themed decorations on her head.\n- **Challenge**: Both children take turns holding up and biting into lemon slices, reacting to the sour taste with exaggerated facial expressions.\n- **Boy's Actions**: The boy starts the challenge, making various facial expressions while holding the lemon slice, including sticking out his tongue and pointing to his cheek.\n- **Girl's Actions**: The girl follows with a series of bites and dramatic reactions, sticking out her tongue repeatedly after each bite.\n- **Theme**: The background decorations, lemon icon, and check marks suggest this is a themed challenge, likely related to a social media trend involving lemons.\n\nThe video captures the lighthearted and entertaining nature of the lemon challenge, with both children enthusiastically participating and reacting to the sour lemons."
  }
}