{
  "qid": "1288-3",
  "video_id": "YKdNJPfnbLA",
  "video_path": "videos\\1288_YKdNJPfnbLA.mp4",
  "main_question": "Does the blond man feel playful and energetic at the end of the video?",
  "sub_questions": "To better understand the video and determine if the blond man feels playful and energetic at the end, consider the following sub-questions:\n\n1. **What is the overall tone and mood of the video?**\n   - Understanding the general atmosphere can provide context for the blond man's behavior at the end.\n\n2. **How does the blond man's behavior change throughout the video?**\n   - Observing any shifts in his demeanor can help identify if he becomes more playful and energetic over time.\n\n3. **What specific actions or expressions does the blond man exhibit at the end of the video?**\n   - Detailed observations of his body language, facial expressions, and actions can indicate whether he feels playful and energetic.",
  "annotations": {
    "frame_annotations": [
      {
        "timestamp": 0.0,
        "annotation": "A blond man in a white tank top and black pants is standing in front of a mirror. He is holding a pink towel in his hands. A woman is standing next to him, looking at her phone."
      },
      {
        "timestamp": 1.0,
        "annotation": "The blond man starts to raise the pink towel above his head. The woman continues to look at her phone, seemingly unfazed by his actions."
      },
      {
        "timestamp": 2.0,
        "annotation": "The blond man continues to raise the towel, his arms fully extended above his head. The woman remains focused on her phone."
      },
      {
        "timestamp": 3.0,
        "annotation": "The blond man begins to lower the towel back down towards his shoulders. The woman is still engrossed in her phone."
      },
      {
        "timestamp": 4.0,
        "annotation": "The towel is now draped over the blond man's shoulders. The woman continues to look at her phone, showing no reaction to the man's actions."
      },
      {
        "timestamp": 5.0,
        "annotation": "The blond man starts to raise his arms again, this time without the towel. The woman is still looking at her phone."
      },
      {
        "timestamp": 6.0,
        "annotation": "The blond man's arms are fully extended above his head again. The woman remains focused on her phone."
      },
      {
        "timestamp": 7.0,
        "annotation": "The blond man begins to lower his arms back down. The woman is still engrossed in her phone."
      },
      {
        "timestamp": 8.0,
        "annotation": "The blond man's arms are now at his sides. The woman continues to look at her phone, showing no reaction to the man's actions."
      },
      {
        "timestamp": 9.0,
        "annotation": "The blond man starts to raise his arms again, this time with a playful expression on his face. The woman is still looking at her phone."
      },
      {
        "timestamp": 10.0,
        "annotation": "The blond man has his arms raised higher, continuing his playful expression. The woman is still looking at her phone, seemingly unfazed by his actions."
      },
      {
        "timestamp": 11.0,
        "annotation": "The blond man is now holding a pink towel or cloth in front of him, still maintaining his playful demeanor. The woman continues to look at her phone."
      },
      {
        "timestamp": 12.0,
        "annotation": "The blond man is now wrapping the pink towel or cloth around his neck, still looking playful. The woman remains focused on her phone."
      }
    ],
    "whole_video_annotation": "In the video, a blond man in a white tank top and black pants is standing in front of a mirror, repeatedly raising and lowering his arms, sometimes with a pink towel. Throughout the video, he displays a playful expression, especially towards the end. Next to him, a woman is engrossed in her phone and shows no reaction to his actions.\n\nRegarding the user's question: Yes, the blond man appears to feel playful and energetic at the end of the video, as indicated by his playful expression and continued energetic movements.",
    "annotations_summary": "The video features a blond man in a white tank top and black pants standing in front of a mirror. Throughout the video, he repeatedly raises and lowers his arms, sometimes using a pink towel. His actions become more playful towards the end, as he wraps the towel around his neck with a playful expression. Meanwhile, a woman standing next to him remains engrossed in her phone, showing no reaction to his actions."
  }
}