{
  "qid": "1288-7",
  "video_id": "YKdNJPfnbLA",
  "video_path": "videos\\1288_YKdNJPfnbLA.mp4",
  "main_question": "What emotion does the blond man display at the end of the video?\nA. Frustrated\nB. Indifferent\nC. Joyful\nD. Playful",
  "sub_questions": "To better understand the video and the emotion displayed by the blond man at the end, consider the following sub-questions:\n\n1. **What is the context or scenario depicted in the video?**\n   - Understanding the situation can provide clues about the emotions the characters might be experiencing.\n\n2. **How does the blond man's body language change throughout the video, especially towards the end?**\n   - Body language, such as facial expressions, posture, and gestures, can indicate the emotion being displayed.\n\n3. **What are the key events or actions that occur leading up to the end of the video?**\n   - The sequence of events can help in determining the emotional state of the blond man at the conclusion of the video.",
  "annotations": {
    "frame_annotations": [
      {
        "timestamp": 0.0,
        "annotation": "A blond man in a white tank top and black pants is standing in front of a mirror. He is holding a pink towel in his right hand and appears to be in the middle of a playful gesture. A woman is standing next to him, looking at her phone."
      },
      {
        "timestamp": 1.0,
        "annotation": "The blond man continues his playful gesture, moving his right arm slightly higher. The woman next to him remains focused on her phone."
      },
      {
        "timestamp": 2.0,
        "annotation": "The blond man's right arm is now fully extended upward, and he has a slight smile on his face. The woman is still engrossed in her phone."
      },
      {
        "timestamp": 3.0,
        "annotation": "The blond man's left arm is now also raised, mirroring his right arm. His expression remains playful. The woman continues to look at her phone."
      },
      {
        "timestamp": 4.0,
        "annotation": "The blond man's arms are both raised higher, and he appears to be in the middle of a humorous pose. The woman is still focused on her phone."
      },
      {
        "timestamp": 5.0,
        "annotation": "The blond man's arms are fully extended above his head, and he has a more exaggerated playful expression. The woman is still looking at her phone."
      },
      {
        "timestamp": 6.0,
        "annotation": "The blond man begins to lower his arms, still maintaining a playful demeanor. The woman is still engrossed in her phone."
      },
      {
        "timestamp": 7.0,
        "annotation": "The blond man's arms are now at his sides, and he appears to be finishing his playful routine. The woman is still looking at her phone."
      },
      {
        "timestamp": 8.0,
        "annotation": "The blond man is now holding a stick with both hands, and the woman is turning around to face him. His expression is neutral."
      },
      {
        "timestamp": 9.0,
        "annotation": "The blond man is demonstrating a martial arts move with the stick, and the woman is observing him closely. His expression is focused and serious."
      },
      {
        "timestamp": 10.0,
        "annotation": "The blond man is holding a pink towel and appears to be demonstrating a martial arts move. The woman is observing him closely, holding a phone, likely recording the demonstration. The blond man's expression remains focused and serious."
      },
      {
        "timestamp": 11.0,
        "annotation": "The blond man continues to hold the pink towel and is still in the middle of the martial arts move. The woman is still observing and recording. No significant change in the blond man's expression or posture from the previous frame."
      },
      {
        "timestamp": 12.0,
        "annotation": "The blond man has completed the martial arts move and is now holding the pink towel in front of him. His expression has shifted from focused to slightly frustrated, possibly due to the completion of the move or an interaction with the woman."
      }
    ],
    "whole_video_annotation": "In the video, a blond man is initially seen making playful gestures in front of a mirror while a woman stands next to him, engrossed in her phone. After completing his playful routine, the man transitions to demonstrating martial arts moves with a stick and later with a pink towel. The woman observes and records these demonstrations. By the end of the video, the man's expression shifts to slightly frustrated.\n\nBased on the description, the emotion the blond man displays at the end of the video is:\n\nA. Frustrated",
    "annotations_summary": "### Summary of the Video Descriptions\n\n**Frame-Level Descriptions:**\n1. **0.0s to 7.0s:** A blond man in a white tank top and black pants performs a series of playful gestures in front of a mirror. He starts with a pink towel in his right hand, gradually raising both arms, and then lowering them. Throughout this sequence, a woman next to him remains focused on her phone.\n2. **8.0s to 12.0s:** The man transitions from playful gestures to demonstrating martial arts moves. He first uses a stick and then a pink towel. The woman turns to observe and records these demonstrations. By the end of the video, the man's expression shifts from focused to slightly frustrated.\n\n**Video-Level Description:**\nThe video begins with the blond man making playful gestures in front of a mirror while the woman next to him is engrossed in her phone. He then transitions to demonstrating martial arts moves with a stick and a pink towel, which the woman observes and records. By the end of the video, the man's expression changes to slightly frustrated.\n\n### Emotion Displayed at the End of the Video:\nA. Frustrated"
  }
}