{
  "qid": "1293-1",
  "video_id": "c77XgLraFbM",
  "video_path": "videos\\1293_c77XgLraFbM.mp4",
  "main_question": "What method was used to make the bottle cap appear to fly in the second scene of the video?",
  "sub_questions": "To better understand the video and the method used to make the bottle cap appear to fly in the second scene, consider the following sub-questions:\n\n1. **What type of camera or filming techniques were used in the second scene of the video?**\n   - Understanding the camera techniques can provide insights into how the motion of the bottle cap was captured or created.\n\n2. **Were any visual effects or post-production processes mentioned or visible in the video?**\n   - This can help determine if the flying bottle cap was achieved through practical effects or digital manipulation.\n\n3. **Is there any description or commentary in the video that explains the special effects or tricks used?**\n   - Sometimes, videos include voiceovers or text that explain the techniques used, which can directly answer the main question.",
  "annotations": {
    "frame_annotations": [
      {
        "timestamp": 0.0,
        "annotation": "A man and a woman are preparing to cut an orange on a wooden stool. A third person is capturing the moment with a camera."
      },
      {
        "timestamp": 1.0,
        "annotation": "The man and woman are in the process of cutting the orange with a large knife. The camera person is still capturing the scene."
      },
      {
        "timestamp": 2.0,
        "annotation": "The orange is being cut in half. The camera is focused on the action."
      },
      {
        "timestamp": 3.0,
        "annotation": "The orange has been cut in half, and the halves are being separated. The camera is still focused on the action."
      },
      {
        "timestamp": 4.0,
        "annotation": "A close-up shot of the orange halves and the knife. The woman's face is visible in the background."
      },
      {
        "timestamp": 5.0,
        "annotation": "Another close-up shot of the orange halves and the knife. The woman's face is still visible in the background."
      },
      {
        "timestamp": 6.0,
        "annotation": "A woman is lying on a surface near a window. An older man is spraying something towards her face. Another person is capturing the moment with a camera."
      },
      {
        "timestamp": 7.0,
        "annotation": "The spray is closer to the woman's face. The camera person is still capturing the scene."
      },
      {
        "timestamp": 8.0,
        "annotation": "The spray has reached the woman's face, and she appears to be reacting. The camera is focused on her reaction."
      },
      {
        "timestamp": 9.0,
        "annotation": "The woman is laughing or reacting to the spray. Multiple people are capturing the moment with cameras."
      },
      {
        "timestamp": 10.0,
        "annotation": "A person is opening a bottle of beer. The bottle cap is in mid-air, appearing to fly off the bottle. The person is outdoors, possibly on a terrace, with a clear sky in the background. There is a camera visible in the foreground, capturing the moment."
      },
      {
        "timestamp": 11.0,
        "annotation": "The bottle cap is still in mid-air, slightly higher and further from the bottle compared to the previous frame. The person's hand is still holding the bottle, and the camera in the foreground remains focused on the action."
      },
      {
        "timestamp": 12.0,
        "annotation": "The bottle cap is continuing its trajectory upwards and away from the bottle. The person's hand is now more relaxed, and the camera captures the motion clearly."
      },
      {
        "timestamp": 13.0,
        "annotation": "The bottle cap is nearing the peak of its arc, and the person is taking a sip from the bottle. The camera continues to follow the action closely."
      },
      {
        "timestamp": 14.0,
        "annotation": "The bottle cap is starting to descend, and the person is still drinking from the bottle. The camera maintains its focus on the bottle and the cap."
      },
      {
        "timestamp": 15.0,
        "annotation": "The bottle cap is lower in the frame, and the person is lowering the bottle. The camera is still capturing the moment."
      },
      {
        "timestamp": 16.0,
        "annotation": "The bottle cap is almost out of the frame, and the person is setting the bottle down. The camera follows the cap's motion."
      },
      {
        "timestamp": 17.0,
        "annotation": "The bottle cap is no longer visible in the frame, and the person is placing the bottle on the table. The camera is now focused on the person's hand and the bottle."
      },
      {
        "timestamp": 18.0,
        "annotation": "The person is now holding a smartphone, and the camera is capturing the screen of the phone. The setting appears to be indoors, with a different background compared to the previous frames."
      },
      {
        "timestamp": 19.0,
        "annotation": "The person is holding a string of lights wrapped around the smartphone. The camera is focused on the lights and the phone, creating a light painting effect."
      },
      {
        "timestamp": 20.0,
        "annotation": "A person in a yellow jacket is holding a bottle cap above a glass of drink. Another person is capturing the moment with a camera. The scene is set on a patio with a blue table."
      },
      {
        "timestamp": 21.0,
        "annotation": "The bottle cap is now in mid-air, appearing to fly towards the glass. The person in the yellow jacket has released the bottle cap. The camera person is still capturing the moment."
      },
      {
        "timestamp": 22.0,
        "annotation": "The bottle cap is closer to the glass, and the person in the yellow jacket is still in the process of releasing it. The camera person is adjusting their position slightly."
      },
      {
        "timestamp": 23.0,
        "annotation": "The bottle cap is almost at the glass, and water is starting to splash out of the glass. The person in the yellow jacket's hand is near the glass."
      },
      {
        "timestamp": 24.0,
        "annotation": "The bottle cap has landed in the glass, causing more water to splash out. The person in the yellow jacket is withdrawing their hand."
      }
    ],
    "whole_video_annotation": "The video appears to be a compilation of various short, candid moments, likely captured in a spontaneous and fun setting. Here's a brief description of what happens in the video:\n\n1. **Orange Cutting Scene (Frames 0-5):** A man and a woman are cutting an orange on a wooden stool while a third person films the action. The orange is cut in half, and close-up shots of the orange halves and the knife are shown.\n\n2. **Spraying Scene (Frames 6-9):** A woman is lying down near a window, and an older man is spraying something towards her face. The woman reacts, laughing or showing surprise, while multiple people capture the moment with cameras.\n\n3. **Beer Bottle Opening Scene (Frames 10-17):** A person is opening a bottle of beer outdoors, possibly on a terrace. The bottle cap flies off, and the camera follows its trajectory as the person takes a sip from the bottle and then sets it down.\n\n4. **Light Painting Scene (Frames 18-19):** The person is now indoors, holding a smartphone with a string of lights wrapped around it, creating a light painting effect.\n\n5. **Bottle Cap Trick Scene (Frames 20-24):** A person in a yellow jacket is performing a trick where they release a bottle cap into a glass of drink, causing water to splash out. The action is captured by another person with a camera.\n\nRegarding the method used to make the bottle cap appear to fly in the second scene of the video (Frames 10-17), it seems to be a straightforward capture of the bottle cap flying off naturally as the beer bottle is opened. There is no indication of special effects or tricks being used; the camera simply follows the motion of the bottle cap as it flies through the air.",
    "annotations_summary": "The video is a compilation of five distinct, candid moments captured in a spontaneous and fun setting. Here's a brief summary of each scene:\n\n1. **Orange Cutting Scene (0-5 seconds):**\n   - A man and a woman cut an orange on a wooden stool while a third person films the action. Close-up shots of the orange halves and the knife are shown.\n\n2. **Spraying Scene (6-9 seconds):**\n   - A woman lies near a window as an older man sprays something towards her face. She reacts with laughter or surprise, and multiple people capture the moment with cameras.\n\n3. **Beer Bottle Opening Scene (10-17 seconds):**\n   - A person opens a beer bottle outdoors, causing the bottle cap to fly off naturally. The camera follows the cap's trajectory as the person takes a sip and then sets the bottle down.\n\n4. **Light Painting Scene (18-19 seconds):**\n   - Indoors, a person holds a smartphone with a string of lights wrapped around it, creating a light painting effect.\n\n5. **Bottle Cap Trick Scene (20-24 seconds):**\n   - A person in a yellow jacket performs a trick by releasing a bottle cap into a glass of drink, causing water to splash out. The action is captured by another person with a camera.\n\nThe video captures these moments in a natural and unscripted manner, focusing on the spontaneous reactions and actions of the participants."
  }
}