{
  "qid": "1298-1",
  "video_id": "WKkCkLRo-Us",
  "video_path": "videos\\1298_WKkCkLRo-Us.mp4",
  "main_question": "What caused the man's football not to come back to him?",
  "sub_questions": "To better understand the video and answer the main question \"What caused the man's football not to come back to him?\", consider the following sub-questions:\n\n1. **What was the man doing with the football before it did not come back to him?**\n   - This sub-question helps to understand the context and the actions leading up to the event.\n\n2. **Were there any external factors, such as wind, obstacles, or other people, that might have affected the football's trajectory?**\n   - This sub-question aims to identify any environmental or situational factors that could have influenced the outcome.\n\n3. **Did the man notice any issues with the football or his throwing technique that could have contributed to the problem?**\n   - This sub-question focuses on potential issues with the football itself or the man's technique that might have caused the football not to return to him.",
  "annotations": {
    "frame_annotations": [
      {
        "timestamp": 0.0,
        "annotation": "A man in a black tank top and shorts is holding a football. He is standing on a grassy area near a small building with a thatched roof. Another person, wearing a white shirt and blue jeans, is standing a few feet away, facing the man."
      },
      {
        "timestamp": 1.0,
        "annotation": "The man in the black tank top is in the process of kicking the football towards the other person. The football is in mid-air, moving towards the person in the white shirt."
      },
      {
        "timestamp": 2.0,
        "annotation": "The football is now higher in the air and appears to be curving slightly to the right. The person in the white shirt is watching the ball's trajectory."
      },
      {
        "timestamp": 3.0,
        "annotation": "The football is descending and is closer to the ground. It seems to be moving away from the person in the white shirt."
      },
      {
        "timestamp": 4.0,
        "annotation": "The football has hit the ground and is rolling away from both individuals. The person in the white shirt is turning to follow the ball's movement."
      },
      {
        "timestamp": 5.0,
        "annotation": "The football is rolling towards a blue barrel placed near a brick wall. The man in the black tank top is walking towards the ball."
      },
      {
        "timestamp": 6.0,
        "annotation": "The football has hit the blue barrel and is now bouncing off it. The man in the black tank top is closer to the ball, appearing to prepare to kick it again."
      },
      {
        "timestamp": 7.0,
        "annotation": "The man in the black tank top is kicking the football again, this time with more force. The ball is in mid-air, moving away from the barrel and the brick wall."
      }
    ],
    "whole_video_annotation": "In the video, a man in a black tank top and shorts is seen playing with a football in an outdoor setting. He initially kicks the football towards another person standing a few feet away, but the ball does not return to him as intended. Instead, the football curves to the right and rolls away from both individuals. It eventually hits a blue barrel placed near a brick wall and bounces off it. The man then approaches the ball and kicks it again with more force, this time moving it away from the barrel and the wall.\n\nThe likely cause of the football not coming back to the man is the trajectory and spin he imparted on the ball during his initial kick. The ball curved to the right and continued rolling away, which prevented it from returning to him. Additionally, the presence of the blue barrel and the brick wall influenced the ball's path, causing it to bounce off and change direction further.",
    "annotations_summary": "The video depicts a man in a black tank top and shorts playing with a football in an outdoor setting. He initially kicks the football towards another person standing nearby, but the ball curves to the right and rolls away due to the trajectory and spin imparted during the kick. The football eventually hits a blue barrel near a brick wall and bounces off it. The man then approaches the ball and kicks it again with more force, moving it away from the barrel and the wall. The presence of the barrel and wall, along with the initial kick's trajectory, influenced the ball's path, preventing it from returning to the man as intended."
  }
}