{
  "qid": "1299-7",
  "video_id": "OHk9qAIMKKU",
  "video_path": "videos\\1299_OHk9qAIMKKU.mp4",
  "main_question": "Why did the elevator door close?\nA. Buffer time has run out.\nB. The person inside pressed the close button.\nC. The elevator malfunctioned.\nD. The person outside was holding the door.",
  "sub_questions": "To better understand why the elevator door closed, consider the following sub-questions:\n\n1. **Was there anyone inside the elevator when the door closed?**\n   - This can help determine if someone pressed the close button from inside.\n\n2. **Did the elevator door close immediately after someone attempted to enter or exit?**\n   - This can indicate if there was a malfunction or if someone was holding the door from outside.\n\n3. **Were there any unusual sounds or movements from the elevator before the door closed?**\n   - This can provide clues about a potential malfunction or if the buffer time ran out.",
  "annotations": {
    "frame_annotations": [
      {
        "timestamp": 0.0,
        "annotation": "A person is standing in front of an open elevator door. The person is looking forward and appears to be speaking or reacting to something. The elevator interior is visible, and there is another person partially visible inside the elevator."
      },
      {
        "timestamp": 1.0,
        "annotation": "The person is still standing in front of the open elevator door. They appear to be continuing their reaction or speech. The elevator door remains open, and the interior of the elevator is still visible."
      },
      {
        "timestamp": 2.0,
        "annotation": "The person is reaching out towards the elevator door with their right hand, attempting to prevent the door from closing. The elevator door is starting to close."
      },
      {
        "timestamp": 3.0,
        "annotation": "The person is now inside the elevator, with their hand still extended towards the door. The elevator door is almost closed, but the person's hand is blocking it."
      },
      {
        "timestamp": 4.0,
        "annotation": "The person is inside the elevator, and the door is fully closed. The person appears to be reacting with surprise or amusement."
      },
      {
        "timestamp": 5.0,
        "annotation": "The person is inside the elevator, and the door is fully closed. The person appears to be reacting with surprise or amusement, similar to the previous frame."
      },
      {
        "timestamp": 6.0,
        "annotation": "The person is inside the elevator, and the door is fully closed. The person appears to be reacting with surprise or amusement, similar to the previous frame."
      },
      {
        "timestamp": 7.0,
        "annotation": "The person is inside the elevator, and the door is fully closed. The person appears to be reacting with surprise or amusement, similar to the previous frame."
      }
    ],
    "whole_video_annotation": "In the video, a person is initially standing in front of an open elevator door, seemingly engaged in a conversation or reaction. As the elevator door begins to close, the person outside the elevator reaches out with their right hand to try and prevent the door from closing. Despite their effort, the person's hand gets blocked as the door closes, and they end up inside the elevator. The person inside the elevator then reacts with surprise or amusement.\n\nGiven the sequence of events, the most likely reason the elevator door closed is:\n\n**D. The person outside was holding the door.**\n\nThis is evident because the person outside was actively trying to prevent the door from closing by extending their hand, but ultimately failed to do so.",
    "annotations_summary": "### Summary of the Video Descriptions\n\n**Frame-Level Descriptions:**\n1. **[0.0s]**: A person stands in front of an open elevator door, looking forward and appears to be speaking or reacting. Another person is partially visible inside the elevator.\n2. **[1.0s]**: The person continues their reaction or speech in front of the open elevator door.\n3. **[2.0s]**: The person reaches out with their right hand to prevent the elevator door from closing as it starts to shut.\n4. **[3.0s]**: The person is now inside the elevator with their hand still extended, blocking the almost-closed door.\n5. **[4.0s]**: The person is fully inside the elevator with the door closed, reacting with surprise or amusement.\n6. **[5.0s]**: The person remains inside the elevator, reacting with surprise or amusement.\n7. **[6.0s]**: The person continues to react with surprise or amusement inside the elevator.\n8. **[7.0s]**: The person's reaction of surprise or amusement persists inside the elevator.\n\n**Video-Level Description:**\nA person initially stands in front of an open elevator door, seemingly engaged in a conversation or reaction. As the elevator door begins to close, the person outside reaches out with their right hand to try and prevent the door from closing. Despite their effort, the person's hand gets blocked as the door closes, and they end up inside the elevator. The person inside the elevator then reacts with surprise or amusement.\n\n### Most Likely Reason for the Elevator Door Closing:\n**D. The person outside was holding the door.**\n\nThis conclusion is supported by the observation that the person outside the elevator was actively trying to prevent the door from closing by extending their hand, but ultimately failed to do so."
  }
}