{
  "qid": "1307-2",
  "video_id": "BH9b46Sy7jM",
  "video_path": "videos\\1307_BH9b46Sy7jM.mp4",
  "main_question": "Does the tire initially lagging behind eventually surpass the leading tire in speed and distance after the ramp?",
  "sub_questions": "To better understand the video and address the main question, consider the following sub-questions:\n\n1. **What are the initial speeds and positions of the two tires before they reach the ramp?**\n   - This will help establish the baseline conditions and the extent of the lag.\n\n2. **How does the ramp affect the speed and momentum of each tire?**\n   - Understanding the dynamics of the ramp will clarify how the tires' speeds change as they go up and down the ramp.\n\n3. **What are the final speeds and distances traveled by each tire after they have both passed the ramp?**\n   - This will provide the necessary data to determine if the initially lagging tire surpasses the leading tire in both speed and distance.",
  "annotations": {
    "frame_annotations": [
      {
        "timestamp": 0.0,
        "annotation": "A person is holding a drone controller, and a large tire is in the foreground. The scene is set in a rural, hilly area with green fields and a clear sky."
      },
      {
        "timestamp": 1.0,
        "annotation": "The person is still holding the drone controller, but the drone is now visible flying towards the large tire. The tire is still in the foreground."
      },
      {
        "timestamp": 2.0,
        "annotation": "The drone is flying through the center of the large tire. The person is still holding the controller, and the background remains the same rural landscape."
      },
      {
        "timestamp": 3.0,
        "annotation": "The drone has passed through the tire and is continuing to fly forward. The tire is now in the background, and the drone is moving away from it."
      },
      {
        "timestamp": 4.0,
        "annotation": "The drone is seen flying down a slope with two tires placed on the ground. The tires are spaced apart, and the drone is flying between them."
      },
      {
        "timestamp": 5.0,
        "annotation": "The drone is flying over a grassy hill with the two tires visible in the background. The drone appears to be gaining speed and altitude."
      },
      {
        "timestamp": 6.0,
        "annotation": "The drone is flying higher and faster over the grassy hill. The tires are now smaller in the frame, indicating the drone is moving away from them."
      },
      {
        "timestamp": 7.0,
        "annotation": "The drone is seen flying at a higher altitude, and the tires are barely visible in the distance. The landscape below shows more of the rural fields."
      },
      {
        "timestamp": 8.0,
        "annotation": "The drone is flying even higher, and the tires are no longer visible. The landscape below is mostly green fields with some patches of brown grass."
      },
      {
        "timestamp": 9.0,
        "annotation": "The drone continues to fly at a high altitude over the rural landscape. The tires are not visible, and the focus is on the expansive green fields and hills."
      },
      {
        "timestamp": 10.0,
        "annotation": "The drone is flying over a rural landscape with expansive green fields and hills. A single tire is visible in the foreground, rolling down a grassy slope."
      },
      {
        "timestamp": 11.0,
        "annotation": "The tire continues to roll down the slope. The drone's perspective remains consistent, showing the tire in the foreground with the green fields and hills in the background."
      },
      {
        "timestamp": 12.0,
        "annotation": "The tire is now closer to the bottom of the slope. The drone's perspective has slightly changed, showing more of the slope and less of the sky."
      },
      {
        "timestamp": 13.0,
        "annotation": "The tire has reached the bottom of the slope and is now rolling on a flatter surface. The drone's perspective has shifted slightly to follow the tire's movement."
      },
      {
        "timestamp": 14.0,
        "annotation": "The tire is rolling on the flatter surface, and a second tire has come into view, slightly ahead of the first tire. The drone's perspective remains consistent."
      },
      {
        "timestamp": 15.0,
        "annotation": "Both tires are now visible, with the second tire slightly ahead of the first. The drone's perspective has shifted to show both tires in the frame."
      },
      {
        "timestamp": 16.0,
        "annotation": "The first tire appears to be gaining speed and is closing the distance between itself and the second tire. The drone's perspective remains consistent."
      },
      {
        "timestamp": 17.0,
        "annotation": "The first tire is now almost parallel with the second tire, indicating it has surpassed the second tire in speed and distance. The drone's perspective has shifted slightly to follow the tires' movement."
      },
      {
        "timestamp": 18.0,
        "annotation": "The first tire has surpassed the second tire and is now leading. The drone's perspective remains consistent, showing both tires in the frame."
      },
      {
        "timestamp": 19.0,
        "annotation": "The first tire continues to lead, rolling down the slope with the second tire following behind. The drone's perspective has shifted to show the tires from a slightly higher angle."
      },
      {
        "timestamp": 20.0,
        "annotation": "The first tire continues to lead, rolling down the slope with the second tire following behind. The drone's perspective has shifted to show the tires from a slightly higher angle."
      },
      {
        "timestamp": 21.0,
        "annotation": "The first tire remains in the lead, with the second tire still trailing behind. The drone's perspective is consistent with the previous frame."
      },
      {
        "timestamp": 22.0,
        "annotation": "The first tire is still ahead, and the second tire is catching up slightly. The drone's perspective remains the same."
      },
      {
        "timestamp": 23.0,
        "annotation": "The first tire continues to lead, with the second tire closing the gap slightly more. The drone's perspective is unchanged."
      },
      {
        "timestamp": 24.0,
        "annotation": "The first tire is still in front, but the second tire is noticeably closer. The drone's perspective remains consistent."
      },
      {
        "timestamp": 25.0,
        "annotation": "The second tire is now almost parallel with the first tire, indicating it is catching up quickly. The drone's perspective is the same."
      },
      {
        "timestamp": 26.0,
        "annotation": "The second tire has surpassed the first tire and is now in the lead. The drone's perspective remains unchanged."
      },
      {
        "timestamp": 27.0,
        "annotation": "The second tire continues to lead, with the first tire now trailing behind. The drone's perspective is consistent with the previous frames."
      },
      {
        "timestamp": 28.0,
        "annotation": "The second tire maintains its lead, and the first tire is further behind. The drone's perspective is the same."
      },
      {
        "timestamp": 29.0,
        "annotation": "The second tire is significantly ahead of the first tire, which is now barely visible. The drone's perspective remains unchanged."
      }
    ],
    "whole_video_annotation": "The video depicts a scene in a rural, hilly area where a person is operating a drone. The drone is used to capture footage of tires rolling down a grassy slope. Initially, the drone flies through and around several tires, showcasing different perspectives and altitudes. Later, the focus shifts to two tires rolling down the slope. The tire that initially lags behind eventually surpasses the leading tire, gaining speed and distance as it rolls down the hill. The drone's perspective adjusts to follow the tires' movement, providing a dynamic view of the scene.",
    "annotations_summary": "The video showcases a person operating a drone in a rural, hilly area with green fields and a clear sky. The drone is initially used to fly through and around several large tires, capturing various perspectives and altitudes. The scene then shifts to two tires rolling down a grassy slope. The drone follows the tires, adjusting its perspective to keep them in view. Initially, one tire leads while the other trails behind, but eventually, the trailing tire gains speed and surpasses the leading tire. The drone continues to capture the dynamic movement of the tires as they roll down the hill, providing a comprehensive view of the scene."
  }
}