{
  "qid": "1307-3",
  "video_id": "BH9b46Sy7jM",
  "video_path": "videos\\1307_BH9b46Sy7jM.mp4",
  "main_question": "Does the tire that takes the lead at the start remain in the lead all the time?",
  "sub_questions": "To better understand the video in relation to the main question \"Does the tire that takes the lead at the start remain in the lead all the time?\", consider the following sub-questions:\n\n1. **What are the initial conditions of the race or event involving the tires?**\n   - This includes details like the starting positions, any advantages or disadvantages at the start, and the environment in which the race is taking place.\n\n2. **Are there any factors that could affect the performance of the leading tire during the race?**\n   - This could involve variables such as tire wear, road conditions, weather changes, or mechanical issues that might impact the tire's ability to maintain its lead.\n\n3. **How is the performance of the leading tire compared to the other tires throughout the race?**\n   - This question seeks to understand if there are any overtakes, significant changes in speed, or other competitive dynamics that influence the leading tire's position.",
  "annotations": {
    "frame_annotations": [
      {
        "timestamp": 0.0,
        "annotation": "A person is holding a drone controller, and a large tire is in the foreground. The text 'FPV Drone Threads The Needle!' is visible. The scene is set in an open, grassy field with hills in the background."
      },
      {
        "timestamp": 1.0,
        "annotation": "The person is still holding the drone controller, and the tire remains in the foreground. The drone appears to be moving closer to the tire. The landscape and background remain the same."
      },
      {
        "timestamp": 2.0,
        "annotation": "The drone is now flying through the tire. The person is still holding the controller, and the tire is centrally framed. The background landscape is unchanged."
      },
      {
        "timestamp": 3.0,
        "annotation": "The drone has passed through the tire and is moving away from it. The tire is now in the background, and the drone is visible in the distance. The landscape remains the same."
      },
      {
        "timestamp": 4.0,
        "annotation": "The drone is flying over a grassy hillside. Two tires are visible in the distance. The drone is moving towards the tires. The landscape is open with green fields and hills."
      },
      {
        "timestamp": 5.0,
        "annotation": "The drone is closer to the tires, which are now more prominently visible. The drone appears to be aligning itself with one of the tires. The background landscape is unchanged."
      },
      {
        "timestamp": 6.0,
        "annotation": "The drone is flying through one of the tires. The tire is centrally framed, and the drone is visible within it. The background landscape remains the same."
      },
      {
        "timestamp": 7.0,
        "annotation": "The drone has passed through the tire and is moving away from it. The tire is now in the background, and the drone is visible in the distance. The landscape is open with green fields and hills."
      },
      {
        "timestamp": 8.0,
        "annotation": "The drone is flying over the grassy hillside again. The tires are visible in the distance. The drone appears to be moving towards the tires once more. The landscape is unchanged."
      },
      {
        "timestamp": 9.0,
        "annotation": "The drone is closer to the tires, which are now more prominently visible. The drone appears to be aligning itself with one of the tires again. The background landscape remains the same."
      },
      {
        "timestamp": 10.0,
        "annotation": "The drone is close to the tires, which are rolling down a grassy hill. The landscape is visible in the background, with green fields and hills stretching into the distance. The drone appears to be following the tires closely."
      },
      {
        "timestamp": 11.0,
        "annotation": "The drone maintains its position close to the tires as they continue to roll down the hill. The background landscape remains the same, with no noticeable change in the scene."
      },
      {
        "timestamp": 12.0,
        "annotation": "The tires are still rolling down the hill, and the drone continues to follow them closely. The landscape in the background is unchanged."
      },
      {
        "timestamp": 13.0,
        "annotation": "The tires are now further down the hill, and the drone is still following them. The background landscape remains consistent with previous frames."
      },
      {
        "timestamp": 14.0,
        "annotation": "The tires are rolling faster down the hill, kicking up more grass and debris. The drone continues to follow them closely. The background landscape is the same."
      },
      {
        "timestamp": 15.0,
        "annotation": "The tires are now in a more open area of the hill, with the drone still in pursuit. The background landscape shows green fields and hills in the distance."
      },
      {
        "timestamp": 16.0,
        "annotation": "The tires are rolling down a steeper part of the hill, and the drone is still following them. The background landscape is unchanged."
      },
      {
        "timestamp": 17.0,
        "annotation": "The tires are now in a flatter area, and the drone is still following them closely. The background landscape remains the same."
      },
      {
        "timestamp": 18.0,
        "annotation": "The tires are rolling down the hill, and the drone is still in pursuit. The background landscape is consistent with previous frames."
      },
      {
        "timestamp": 19.0,
        "annotation": "The tires are now at the bottom of the hill, and the drone is still following them. The background landscape shows green fields and hills in the distance."
      },
      {
        "timestamp": 20.0,
        "annotation": "The tires are rolling down a grassy hill. The background shows a clear sky and green fields with some hills in the distance. The tires are still close together, and there is no noticeable change in their positions relative to each other."
      },
      {
        "timestamp": 21.0,
        "annotation": "The tires continue to roll down the hill. The background remains the same with green fields and hills. The tires are still close together, maintaining their relative positions."
      },
      {
        "timestamp": 22.0,
        "annotation": "The tires are still rolling down the hill. The background landscape shows green fields and hills in the distance. The tires are still close together, and there is no noticeable change in their positions relative to each other."
      },
      {
        "timestamp": 23.0,
        "annotation": "The tires are rolling down the hill. The background remains the same with green fields and hills. The tires are still close together, maintaining their relative positions."
      },
      {
        "timestamp": 24.0,
        "annotation": "The tires continue to roll down the hill. The background shows a clear sky and green fields with some hills in the distance. The tires are still close together, and there is no noticeable change in their positions relative to each other."
      },
      {
        "timestamp": 25.0,
        "annotation": "The tires are still rolling down the hill. The background landscape shows green fields and hills in the distance. The tires are still close together, and there is no noticeable change in their positions relative to each other."
      },
      {
        "timestamp": 26.0,
        "annotation": "The tires are rolling down the hill. The background remains the same with green fields and hills. The tires are still close together, maintaining their relative positions."
      },
      {
        "timestamp": 27.0,
        "annotation": "The tires continue to roll down the hill. The background shows a clear sky and green fields with some hills in the distance. The tires are still close together, and there is no noticeable change in their positions relative to each other."
      },
      {
        "timestamp": 28.0,
        "annotation": "The tires are still rolling down the hill. The background landscape shows green fields and hills in the distance. The tires are still close together, and there is no noticeable change in their positions relative to each other."
      },
      {
        "timestamp": 29.0,
        "annotation": "The tires are rolling down the hill. The background remains the same with green fields and hills. The tires are still close together, maintaining their relative positions."
      }
    ],
    "whole_video_annotation": "The video showcases a drone performing a series of maneuvers in an open, grassy field with hills in the background. The drone is controlled by a person holding a drone controller. The key actions in the video include:\n\n1. **Initial Maneuver**: The drone flies through a large tire that is centrally framed in the foreground.\n2. **Subsequent Maneuvers**: The drone then flies towards and through two additional tires positioned further in the distance.\n3. **Following the Tires**: After passing through the second set of tires, the drone begins to follow the tires as they roll down a grassy hill. The drone maintains a close proximity to the tires throughout their descent.\n\nRegarding the user's question: \"Does the tire that takes the lead at the start remain in the lead all the time?\" Based on the provided frames, there is no indication that one tire takes a consistent lead over the other. The tires appear to roll down the hill together, maintaining their relative positions to each other without any noticeable change in their lead positions.",
    "annotations_summary": "The video features a drone performing various maneuvers in an open, grassy field with hills in the background. A person controls the drone using a controller. The key actions in the video are as follows:\n\n1. **Initial Maneuver**: The drone flies through a large tire that is centrally framed in the foreground.\n2. **Subsequent Maneuvers**: The drone then flies towards and through two additional tires positioned further in the distance.\n3. **Following the Tires**: After passing through the second set of tires, the drone begins to follow the tires as they roll down a grassy hill. The drone maintains a close proximity to the tires throughout their descent.\n\nThroughout the video, the tires roll down the hill together, maintaining their relative positions without any noticeable change in their lead positions. The landscape remains consistent, featuring green fields and hills in the background."
  }
}