{
  "qid": "1307-7",
  "video_id": "BH9b46Sy7jM",
  "video_path": "videos\\1307_BH9b46Sy7jM.mp4",
  "main_question": "What happens to the speed difference between the two tires after the ramp?\nA. Both tires maintain the same speed.\nB. The initially lagging tire accelerates and surpasses the leading tire.\nC. The leading tire remains in the leading position all the time.\nD. The lagging tire stops moving.",
  "sub_questions": "To better understand the video and determine what happens to the speed difference between the two tires after the ramp, consider the following sub-questions:\n\n1. **What are the initial speeds of the two tires before they reach the ramp?**\n   - Understanding the initial conditions will help in analyzing the changes in speed after the ramp.\n\n2. **How does the ramp affect the speed of each tire individually?**\n   - Knowing the impact of the ramp on each tire's speed will provide insight into whether one tire accelerates, decelerates, or maintains its speed.\n\n3. **Are there any external factors (such as friction, weight distribution, or tire properties) that could influence the speed difference after the ramp?**\n   - Identifying any additional factors will help in determining why one tire might speed up, slow down, or maintain its speed relative to the other.",
  "annotations": {
    "frame_annotations": [
      {
        "timestamp": 0.0,
        "annotation": "A person is holding a drone controller, and a large tire is in the foreground. The text 'FPV Drone Threads The Needle!' is visible."
      },
      {
        "timestamp": 1.0,
        "annotation": "The person is still holding the drone controller, and the tire is still in the foreground. The drone appears to be moving towards the tire. No significant change from the previous frame."
      },
      {
        "timestamp": 2.0,
        "annotation": "The drone is now flying through the tire. The person is still holding the controller."
      },
      {
        "timestamp": 3.0,
        "annotation": "The drone has passed through the tire and is continuing to fly forward. The tire is now in the background."
      },
      {
        "timestamp": 4.0,
        "annotation": "The drone is flying away from the tire, which is now smaller in the frame. The landscape is visible in the background."
      },
      {
        "timestamp": 5.0,
        "annotation": "The drone is flying over a grassy hill. Two tires are visible in the distance."
      },
      {
        "timestamp": 6.0,
        "annotation": "The drone is continuing to fly over the grassy hill. The tires are closer and more visible."
      },
      {
        "timestamp": 7.0,
        "annotation": "The drone is flying closer to the tires. The landscape is visible in the background."
      },
      {
        "timestamp": 8.0,
        "annotation": "The drone is flying between the two tires. The tires are now in the foreground."
      },
      {
        "timestamp": 9.0,
        "annotation": "The drone has passed between the tires and is continuing to fly forward. The tires are now in the background."
      },
      {
        "timestamp": 10.0,
        "annotation": "The drone is flying over a grassy hillside. Two tires are rolling down the hill. The drone is positioned between the tires, capturing both in the frame."
      },
      {
        "timestamp": 11.0,
        "annotation": "The drone continues to fly forward. The tires are still rolling down the hill, with the leading tire slightly ahead of the other. No significant change in their relative positions."
      },
      {
        "timestamp": 12.0,
        "annotation": "The drone maintains its forward motion. The tires are further down the hill, and the leading tire is still ahead. The initially lagging tire appears to be accelerating slightly."
      },
      {
        "timestamp": 13.0,
        "annotation": "The drone is still flying forward. The tires are nearing the bottom of the hill. The initially lagging tire is catching up to the leading tire, reducing the gap between them."
      },
      {
        "timestamp": 14.0,
        "annotation": "The drone continues its forward flight. The tires are now at the bottom of the hill. The initially lagging tire has almost caught up to the leading tire."
      },
      {
        "timestamp": 15.0,
        "annotation": "The drone is flying over a flat area. The tires are rolling on the flat ground. The initially lagging tire has surpassed the leading tire and is now in front."
      },
      {
        "timestamp": 16.0,
        "annotation": "The drone maintains its position above the tires. The initially lagging tire is now clearly ahead of the other tire, which is lagging behind."
      },
      {
        "timestamp": 17.0,
        "annotation": "The drone continues to follow the tires. The initially lagging tire remains in the lead, with the other tire trailing behind."
      },
      {
        "timestamp": 18.0,
        "annotation": "The drone is still tracking the tires. The initially lagging tire is significantly ahead, while the other tire is further behind."
      },
      {
        "timestamp": 19.0,
        "annotation": "The drone is flying over the tires, which are now further apart. The initially lagging tire is well ahead, and the other tire is lagging far behind."
      },
      {
        "timestamp": 20.0,
        "annotation": "The drone is flying over the tires, which are now further apart. The initially lagging tire is well ahead, and the other tire is lagging far behind. The ramp is visible in the background."
      },
      {
        "timestamp": 21.0,
        "annotation": "The drone continues to fly over the tires. The initially lagging tire remains ahead, while the other tire is still lagging behind. The ramp is no longer visible."
      },
      {
        "timestamp": 22.0,
        "annotation": "The drone maintains its position over the tires. The initially lagging tire continues to lead, and the other tire is still behind. The landscape is visible in the background."
      },
      {
        "timestamp": 23.0,
        "annotation": "The drone is still flying over the tires. The initially lagging tire is still in the lead, and the other tire is lagging further behind. The landscape remains in the background."
      },
      {
        "timestamp": 24.0,
        "annotation": "The drone continues its flight over the tires. The initially lagging tire maintains its lead, and the other tire is still behind. The landscape is visible."
      },
      {
        "timestamp": 25.0,
        "annotation": "The drone is flying over the tires. The initially lagging tire is still ahead, and the other tire is lagging far behind. The landscape is in the background."
      },
      {
        "timestamp": 26.0,
        "annotation": "The drone maintains its position over the tires. The initially lagging tire continues to lead, and the other tire is still behind. The landscape is visible."
      },
      {
        "timestamp": 27.0,
        "annotation": "The drone is still flying over the tires. The initially lagging tire is still in the lead, and the other tire is lagging further behind. The landscape remains in the background."
      },
      {
        "timestamp": 28.0,
        "annotation": "The drone continues its flight over the tires. The initially lagging tire maintains its lead, and the other tire is still behind. The landscape is visible."
      },
      {
        "timestamp": 29.0,
        "annotation": "The drone is flying over the tires. The initially lagging tire is still ahead, and the other tire is lagging far behind. The landscape is in the background."
      }
    ],
    "whole_video_annotation": "The video showcases a first-person view (FPV) drone flight where the drone navigates through various obstacles, specifically tires. Initially, the drone flies through a single tire and then proceeds to fly over a grassy hill towards two tires. The drone captures the tires rolling down the hill and continues to follow them as they move onto a flat area. Throughout the video, the initially lagging tire gradually accelerates and eventually surpasses the leading tire, maintaining its lead as they roll down the hill and onto the flat ground.\n\nBased on the description, the correct answer to the user's question is:\n\nB. The initially lagging tire accelerates and surpasses the leading tire.",
    "annotations_summary": "The video features an FPV drone flight where the drone navigates through and around tires. Here's a brief summary:\n\n1. **Initial Flight**: The drone flies through a single tire and then over a grassy hill towards two tires.\n2. **Tires Rolling Downhill**: The drone captures the two tires rolling down the hill. Initially, one tire is slightly ahead.\n3. **Tires on Flat Ground**: The tires move onto a flat area, where the initially lagging tire accelerates, surpasses the leading tire, and maintains its lead.\n4. **Continuous Tracking**: The drone continues to follow the tires, documenting their movement and the changing landscape in the background.\n\nThe key event highlighted is the initially lagging tire accelerating and eventually surpassing the leading tire."
  }
}