{
  "qid": "1310-0",
  "video_id": "xk2yJbDhU0E",
  "video_path": "videos\\1310_xk2yJbDhU0E.mp4",
  "main_question": "Who used lesser time in completing the game?",
  "sub_questions": "To better understand the video and answer the main question \"Who used lesser time in completing the game?\", consider the following sub-questions:\n\n1. **Who are the participants in the game?**\n   - Identifying the participants will help in determining who to compare in terms of time taken to complete the game.\n\n2. **What are the recorded completion times for each participant?**\n   - Knowing the specific times each participant took to finish the game is crucial for comparing who was faster.\n\n3. **Were there any significant events or interruptions during the game that might have affected the completion times?**\n   - Understanding any potential disruptions can provide context for why one participant might have taken more or less time.",
  "annotations": {
    "frame_annotations": [
      {
        "timestamp": 0.0,
        "annotation": "Two individuals are standing at the starting line of a game involving small balls and hoops. The person on the left is wearing a yellow and blue outfit, and the person on the right is wearing a pink outfit with the number 10."
      },
      {
        "timestamp": 1.0,
        "annotation": "The person in the yellow and blue outfit begins to move forward, kicking one of the red balls. The person in the pink outfit starts to move as well, but slightly later."
      },
      {
        "timestamp": 2.0,
        "annotation": "The person in the yellow and blue outfit continues to move forward, kicking more balls towards the hoops. The person in the pink outfit is still in motion but appears to be slightly behind."
      },
      {
        "timestamp": 3.0,
        "annotation": "The person in the yellow and blue outfit is closer to the hoops, actively kicking balls into them. The person in the pink outfit is still in the process of kicking balls forward."
      },
      {
        "timestamp": 4.0,
        "annotation": "The person in the yellow and blue outfit is seen kicking the last few balls into the hoops. The person in the pink outfit is still midway through the course."
      },
      {
        "timestamp": 5.0,
        "annotation": "The person in the yellow and blue outfit has finished kicking all the balls into the hoops and is standing near the finish line. The person in the pink outfit is nearing the hoops but has not finished yet."
      },
      {
        "timestamp": 6.0,
        "annotation": "The person in the yellow and blue outfit is standing at the finish line, having completed the task. The person in the pink outfit is still actively kicking balls into the hoops."
      },
      {
        "timestamp": 7.0,
        "annotation": "The person in the yellow and blue outfit remains at the finish line, while the person in the pink outfit is seen kicking the last few balls into the hoops."
      },
      {
        "timestamp": 8.0,
        "annotation": "The person in the yellow and blue outfit is still at the finish line. The person in the pink outfit is nearing completion, with only a few balls left to kick into the hoops."
      },
      {
        "timestamp": 9.0,
        "annotation": "The person in the yellow and blue outfit is at the finish line, having completed the task. The person in the pink outfit has finished kicking all the balls into the hoops and is standing near the finish line."
      },
      {
        "timestamp": 10.0,
        "annotation": "The person in the yellow and blue outfit is kicking a pink ball towards the hoop. The person in the pink outfit is also kicking a ball towards the hoop. Some balls are already in the hoops."
      },
      {
        "timestamp": 11.0,
        "annotation": "The person in the yellow and blue outfit continues to kick balls towards the hoops. The person in the pink outfit is still actively kicking balls. The number of balls in the hoops remains the same."
      },
      {
        "timestamp": 12.0,
        "annotation": "The person in the yellow and blue outfit is closer to the hoops, kicking more balls into them. The person in the pink outfit is still in the process of kicking balls towards the hoops."
      },
      {
        "timestamp": 13.0,
        "annotation": "The person in the yellow and blue outfit has kicked more balls into the hoops. The person in the pink outfit is still kicking balls, but fewer balls are left on the ground."
      },
      {
        "timestamp": 14.0,
        "annotation": "The person in the yellow and blue outfit is nearing completion, with most balls in the hoops. The person in the pink outfit is still actively kicking balls towards the hoops."
      },
      {
        "timestamp": 15.0,
        "annotation": "The person in the yellow and blue outfit has finished kicking all the balls into the hoops and is moving towards the finish line. The person in the pink outfit is still kicking balls."
      },
      {
        "timestamp": 16.0,
        "annotation": "The person in the yellow and blue outfit is at the finish line. The person in the pink outfit has finished kicking all the balls into the hoops and is standing near the finish line."
      },
      {
        "timestamp": 17.0,
        "annotation": "Both participants are at the finish line, having completed the task. No noticeable change from the previous frame."
      },
      {
        "timestamp": 18.0,
        "annotation": "Both participants are at the finish line, having completed the task. No noticeable change from the previous frame."
      },
      {
        "timestamp": 19.0,
        "annotation": "Both participants are at the finish line, having completed the task. No noticeable change from the previous frame."
      },
      {
        "timestamp": 20.0,
        "annotation": "Both participants are running towards the finish line. The participant in the yellow and blue outfit is slightly ahead. No noticeable change from the previous frame."
      },
      {
        "timestamp": 21.0,
        "annotation": "Both participants are still running towards the finish line. The participant in the yellow and blue outfit is still slightly ahead. No noticeable change from the previous frame."
      },
      {
        "timestamp": 22.0,
        "annotation": "Both participants are nearing the finish line. The participant in the yellow and blue outfit is almost at the finish line. No noticeable change from the previous frame."
      },
      {
        "timestamp": 23.0,
        "annotation": "The participant in the yellow and blue outfit has reached the finish line. The other participant is just behind. Noticeable change: the participant in yellow and blue has crossed the finish line."
      },
      {
        "timestamp": 24.0,
        "annotation": "Both participants are at the finish line, having completed the task. Noticeable change: both participants are now at the finish line."
      },
      {
        "timestamp": 25.0,
        "annotation": "Both participants are at the finish line, having completed the task. No noticeable change from the previous frame."
      },
      {
        "timestamp": 26.0,
        "annotation": "Both participants are at the finish line, having completed the task. No noticeable change from the previous frame."
      },
      {
        "timestamp": 27.0,
        "annotation": "Both participants are at the finish line, having completed the task. The participant in the yellow and blue outfit is celebrating. Noticeable change: the participant in yellow and blue is celebrating."
      },
      {
        "timestamp": 28.0,
        "annotation": "Both participants are at the finish line, having completed the task. The participant in the pink outfit is congratulating the other participant. Noticeable change: the participant in pink is congratulating the other participant."
      }
    ],
    "whole_video_annotation": "The video depicts a game involving two participants who must kick small balls into hoops. The person on the left wears a yellow and blue outfit, while the person on the right wears a pink outfit with the number 10. The game appears to be a race where both participants start at the same time and compete to kick all the balls into the hoops and reach the finish line first.\n\n### Description of the Game:\n1. **Starting Position**: Both participants begin at the starting line.\n2. **Gameplay**: They kick balls towards the hoops, with the goal of getting all the balls into the hoops as quickly as possible.\n3. **Completion**: The first participant to kick all the balls into the hoops and reach the finish line wins.\n\n### Key Observations:\n- The person in the yellow and blue outfit consistently leads throughout the game.\n- The person in the pink outfit starts slightly later and is consistently behind.\n- The person in the yellow and blue outfit finishes kicking all the balls into the hoops and reaches the finish line first.\n- The person in the pink outfit finishes shortly after.\n\n### Answer to the User's Question:\nThe person in the yellow and blue outfit used lesser time in completing the game.",
    "annotations_summary": "The video shows a competitive game involving two participants who must kick small balls into hoops. The participant on the left wears a yellow and blue outfit, while the participant on the right wears a pink outfit with the number 10. The objective is to kick all the balls into the hoops and reach the finish line first.\n\n### Summary of the Gameplay:\n1. **Starting Position**: Both participants start at the same line.\n2. **Gameplay**:\n   - The participant in the yellow and blue outfit begins moving and kicking balls slightly earlier than the participant in the pink outfit.\n   - Throughout the game, the participant in the yellow and blue outfit consistently leads, kicking balls into the hoops more quickly.\n   - The participant in the pink outfit starts later and remains slightly behind throughout the game.\n3. **Completion**:\n   - The participant in the yellow and blue outfit finishes kicking all the balls into the hoops and reaches the finish line first.\n   - The participant in the pink outfit completes the task shortly after.\n\n### Key Observations:\n- The participant in the yellow and blue outfit demonstrates faster and more efficient gameplay, leading from start to finish.\n- The participant in the pink outfit starts later and is consistently behind, finishing the game shortly after the other participant.\n- The participant in the yellow and blue outfit is seen celebrating upon completion, while the participant in the pink outfit congratulates the winner."
  }
}