{
  "qid": "1312-7",
  "video_id": "_tT2ldpZHek",
  "video_path": "videos\\1312__tT2ldpZHek.mp4",
  "main_question": "What was the state of the treadmill while the person was sleeping in the video?\nA. The treadmill was off, but the person was moving.\nB. The treadmill was running, but the person was unaffected, sleeping on bed.\nC. The treadmill was running, causing the person to crawl forward.\nD. The treadmill was turned off and stationary.",
  "sub_questions": "To better understand the video and determine the state of the treadmill while the person was sleeping, consider the following sub-questions:\n\n1. **What is the position of the person in the video?**\n   - Is the person on the treadmill or on a bed?\n   - What is the person's posture (e.g., lying down, sitting, or standing)?\n\n2. **Are there any visual or auditory cues indicating the treadmill's operation?**\n   - Is the treadmill's display showing any activity or movement?\n   - Are there any sounds or movements that suggest the treadmill is running?\n\n3. **How does the person's position or movement change over time in the video?**\n   - Does the person appear to be moving forward or backward?\n   - Is there any indication that the person is being affected by the treadmill's movement?",
  "annotations": {
    "frame_annotations": [
      {
        "timestamp": 0.0,
        "annotation": "A person dressed in a black outfit and helmet is standing on a treadmill. The treadmill is running, and the person appears to be simulating snowboarding. The room has a bed and dressers in the background."
      },
      {
        "timestamp": 1.0,
        "annotation": "The person is in a slightly different pose, leaning forward more, simulating snowboarding movements. The treadmill is still running."
      },
      {
        "timestamp": 2.0,
        "annotation": "The person is adjusting their stance, shifting their weight to one side while continuing to simulate snowboarding. The treadmill remains active."
      },
      {
        "timestamp": 3.0,
        "annotation": "The person is now jumping slightly off the treadmill, still simulating snowboarding. The treadmill is running."
      },
      {
        "timestamp": 4.0,
        "annotation": "The person lands back on the treadmill, continuing the snowboarding simulation. The treadmill is still in operation."
      },
      {
        "timestamp": 5.0,
        "annotation": "The scene changes to a different person riding a red bicycle on a treadmill. The bicycle is in motion, and the person is focused on riding."
      },
      {
        "timestamp": 6.0,
        "annotation": "The person on the bicycle is leaning slightly to one side, maintaining balance while riding on the treadmill. The bicycle and treadmill are both in motion."
      },
      {
        "timestamp": 7.0,
        "annotation": "The person on the bicycle is adjusting their posture, leaning forward more while riding on the treadmill. The bicycle and treadmill are active."
      },
      {
        "timestamp": 8.0,
        "annotation": "The person on the bicycle is now simulating riding a push bike, with their feet off the pedals and pushing against the treadmill. The treadmill is running."
      },
      {
        "timestamp": 9.0,
        "annotation": "The person continues to simulate riding a push bike, with their feet pushing against the treadmill. The treadmill remains active."
      },
      {
        "timestamp": 10.0,
        "annotation": "The person is simulating riding a tricycle on the treadmill. The treadmill remains active."
      },
      {
        "timestamp": 11.0,
        "annotation": "The person continues to simulate riding a tricycle on the treadmill. The treadmill remains active."
      },
      {
        "timestamp": 12.0,
        "annotation": "The person continues to simulate riding a tricycle on the treadmill. The treadmill remains active."
      },
      {
        "timestamp": 13.0,
        "annotation": "The person continues to simulate riding a tricycle on the treadmill. The treadmill remains active."
      },
      {
        "timestamp": 14.0,
        "annotation": "The person continues to simulate riding a tricycle on the treadmill. The treadmill remains active."
      },
      {
        "timestamp": 15.0,
        "annotation": "The person continues to simulate riding a tricycle on the treadmill. The treadmill remains active."
      },
      {
        "timestamp": 16.0,
        "annotation": "The person continues to simulate riding a tricycle on the treadmill. The treadmill remains active."
      },
      {
        "timestamp": 17.0,
        "annotation": "The person continues to simulate riding a tricycle on the treadmill. The treadmill remains active."
      },
      {
        "timestamp": 18.0,
        "annotation": "The person continues to simulate riding a tricycle on the treadmill. The treadmill remains active."
      },
      {
        "timestamp": 19.0,
        "annotation": "The person continues to simulate riding a tricycle on the treadmill. The treadmill remains active."
      },
      {
        "timestamp": 20.0,
        "annotation": "The person is bouncing on a ball next to the treadmill. The treadmill is off and stationary."
      },
      {
        "timestamp": 21.0,
        "annotation": "The person is still bouncing on the ball. The treadmill remains off and stationary."
      },
      {
        "timestamp": 22.0,
        "annotation": "The person is still bouncing on the ball. The treadmill remains off and stationary."
      },
      {
        "timestamp": 23.0,
        "annotation": "The person is climbing a ladder while the treadmill is off and stationary."
      },
      {
        "timestamp": 24.0,
        "annotation": "The person is continuing to climb the ladder. The treadmill remains off and stationary."
      },
      {
        "timestamp": 25.0,
        "annotation": "The person is reaching up to change a light bulb while standing on the ladder. The treadmill remains off and stationary."
      },
      {
        "timestamp": 26.0,
        "annotation": "The person is still changing the light bulb. The treadmill remains off and stationary."
      },
      {
        "timestamp": 27.0,
        "annotation": "The person is still changing the light bulb. The treadmill remains off and stationary."
      },
      {
        "timestamp": 28.0,
        "annotation": "The person is ironing a piece of clothing while standing on the treadmill. The treadmill remains off and stationary."
      },
      {
        "timestamp": 29.0,
        "annotation": "The person continues ironing the piece of clothing. The treadmill remains off and stationary."
      },
      {
        "timestamp": 30.0,
        "annotation": "The person is sitting on a chair placed on a treadmill. The treadmill remains off and stationary."
      },
      {
        "timestamp": 31.0,
        "annotation": "The person continues to sit on the chair on the treadmill. The treadmill remains off and stationary."
      },
      {
        "timestamp": 32.0,
        "annotation": "The person continues to sit on the chair on the treadmill. The treadmill remains off and stationary."
      },
      {
        "timestamp": 33.0,
        "annotation": "The person is now holding an object, possibly a book or a remote, while sitting on the chair on the treadmill. The treadmill remains off and stationary."
      },
      {
        "timestamp": 34.0,
        "annotation": "The person continues to hold the object and sit on the chair on the treadmill. The treadmill remains off and stationary."
      },
      {
        "timestamp": 35.0,
        "annotation": "The person is now lying on a bed, covered with a blanket. The treadmill is visible in the background and remains off and stationary."
      },
      {
        "timestamp": 36.0,
        "annotation": "The person continues to lie on the bed, covered with a blanket. The treadmill remains off and stationary in the background."
      },
      {
        "timestamp": 37.0,
        "annotation": "The person continues to lie on the bed, covered with a blanket. The treadmill remains off and stationary in the background."
      },
      {
        "timestamp": 38.0,
        "annotation": "The person continues to lie on the bed, covered with a blanket. The treadmill remains off and stationary in the background."
      },
      {
        "timestamp": 39.0,
        "annotation": "The person is now standing next to the treadmill, bending over to change a diaper on a doll. The treadmill remains off and stationary."
      },
      {
        "timestamp": 40.0,
        "annotation": "The person is bending over on the treadmill, playing with a doll. The treadmill remains off and stationary."
      },
      {
        "timestamp": 41.0,
        "annotation": "The person is still bending over on the treadmill, continuing to play with the doll. The treadmill remains off and stationary."
      },
      {
        "timestamp": 42.0,
        "annotation": "The person is still bending over on the treadmill, continuing to play with the doll. The treadmill remains off and stationary."
      },
      {
        "timestamp": 43.0,
        "annotation": "The person is now sitting on the treadmill, playing with a Jenga game. The treadmill remains off and stationary."
      },
      {
        "timestamp": 44.0,
        "annotation": "The person is still sitting on the treadmill, continuing to play with the Jenga game. The treadmill remains off and stationary."
      },
      {
        "timestamp": 45.0,
        "annotation": "The person is bending over on the treadmill, playing with the Jenga game. The treadmill remains off and stationary."
      },
      {
        "timestamp": 46.0,
        "annotation": "The person is standing up and appears to be throwing a Jenga block. The treadmill remains off and stationary."
      }
    ],
    "whole_video_annotation": "The video depicts a series of activities performed by individuals in a room that contains a treadmill and various pieces of furniture, including a bed and dressers. The activities include:\n\n1. **Snowboarding Simulation**: A person dressed in a black outfit and helmet simulates snowboarding on a running treadmill.\n2. **Bicycle Riding**: Another person rides a red bicycle on the treadmill, simulating different types of cycling, including riding a push bike and a tricycle.\n3. **Miscellaneous Activities**: The person performs various non-exercise activities on and around the treadmill, such as bouncing on a ball, climbing a ladder, changing a light bulb, ironing, sitting on a chair, lying on a bed, changing a diaper on a doll, and playing with a Jenga game.\n\nThe user's question specifically asks about the state of the treadmill while the person was sleeping. Based on the provided frames:\n\n- **Frames 35 to 38**: The person is lying on a bed, covered with a blanket. The treadmill is visible in the background and remains off and stationary.\n\nTherefore, the correct answer is:\n\n**D. The treadmill was turned off and stationary.**",
    "annotations_summary": "The video showcases a series of activities performed by individuals in a room equipped with a treadmill and various pieces of furniture, including a bed and dressers. The activities can be summarized into three main categories:\n\n1. **Simulated Sports Activities**:\n   - **Snowboarding Simulation**: A person dressed in a black outfit and helmet simulates snowboarding on a running treadmill from 0 to 4 seconds.\n   - **Bicycle Riding**: Another person rides a red bicycle on the treadmill, simulating different types of cycling, including riding a push bike and a tricycle, from 5 to 19 seconds.\n\n2. **Non-Exercise Activities on the Treadmill**:\n   - The person performs various non-exercise activities on and around the treadmill, such as bouncing on a ball (20 to 22 seconds), climbing a ladder (23 to 24 seconds), changing a light bulb (25 to 27 seconds), ironing (28 to 29 seconds), sitting on a chair (30 to 34 seconds), changing a diaper on a doll (39 to 42 seconds), and playing with a Jenga game (43 to 46 seconds).\n\n3. **Resting Activity**:\n   - The person lies on a bed, covered with a blanket, from 35 to 38 seconds. During this time, the treadmill is turned off and stationary.\n\nThe video captures a diverse range of activities, highlighting both simulated sports and everyday tasks performed in the same room."
  }
}