{
  "qid": "1318-2",
  "video_id": "3i4wmfNpqRg",
  "video_path": "videos\\1318_3i4wmfNpqRg.mp4",
  "main_question": "Does the daughter seem speechless with her father at the end?",
  "sub_questions": "To better understand whether the daughter seems speechless with her father at the end of the video, consider the following sub-questions:\n\n1. **What is the context of the scene leading up to the end of the video?**\n   - Understanding the events and interactions that occur before the final moments can provide insight into the daughter's emotional state.\n\n2. **What are the visual cues and body language displayed by the daughter at the end of the video?**\n   - Observing her facial expressions, posture, and gestures can help determine if she appears speechless or overwhelmed.\n\n3. **Are there any significant dialogues or reactions from the father that might influence the daughter's response?**\n   - The father's actions or words could play a crucial role in the daughter's reaction, helping to clarify whether she is speechless due to surprise, emotion, or another reason.",
  "annotations": {
    "frame_annotations": [
      {
        "timestamp": 0.0,
        "annotation": "A young girl in a blue dress is standing in a kitchen, looking at a man who is leaning over an open oven door. The text overlay reads, 'My daughter asked if she could have a cat.'"
      },
      {
        "timestamp": 1.0,
        "annotation": "The scene is the same as the previous frame. No noticeable change."
      },
      {
        "timestamp": 2.0,
        "annotation": "The scene is the same as the previous frame. No noticeable change."
      },
      {
        "timestamp": 3.0,
        "annotation": "The scene is the same as the previous frame. No noticeable change."
      },
      {
        "timestamp": 4.0,
        "annotation": "The scene is the same as the previous frame. No noticeable change."
      },
      {
        "timestamp": 5.0,
        "annotation": "The scene is the same as the previous frame. No noticeable change."
      },
      {
        "timestamp": 6.0,
        "annotation": "The scene is the same as the previous frame. No noticeable change."
      },
      {
        "timestamp": 7.0,
        "annotation": "The scene is the same as the previous frame. No noticeable change."
      },
      {
        "timestamp": 8.0,
        "annotation": "The scene is the same as the previous frame. No noticeable change."
      },
      {
        "timestamp": 9.0,
        "annotation": "The scene changes to a living room where the girl is sitting on a red couch, looking at the camera with a surprised or speechless expression. The man is lying on the floor in front of the couch, appearing to mimic a cat."
      },
      {
        "timestamp": 10.0,
        "annotation": "The scene shows a living room where the girl is sitting on a red couch, looking at the camera with a surprised or speechless expression. The man is lying on the floor in front of the couch, appearing to mimic a cat. No noticeable change from the previous frame."
      },
      {
        "timestamp": 11.0,
        "annotation": "The scene remains the same as the previous frame. The girl is still sitting on the red couch with a surprised or speechless expression, and the man is still mimicking a cat on the floor."
      },
      {
        "timestamp": 12.0,
        "annotation": "The scene is unchanged from the previous frame. The girl continues to sit on the red couch with a surprised or speechless expression, and the man is still mimicking a cat on the floor."
      },
      {
        "timestamp": 13.0,
        "annotation": "The scene is consistent with the previous frames. The girl is still sitting on the red couch with a surprised or speechless expression, and the man is still mimicking a cat on the floor."
      },
      {
        "timestamp": 14.0,
        "annotation": "The scene remains the same. The girl is still sitting on the red couch with a surprised or speechless expression, and the man is still mimicking a cat on the floor."
      },
      {
        "timestamp": 15.0,
        "annotation": "The scene is unchanged. The girl is still sitting on the red couch with a surprised or speechless expression, and the man is still mimicking a cat on the floor."
      },
      {
        "timestamp": 16.0,
        "annotation": "The scene is consistent with the previous frames. The girl is still sitting on the red couch with a surprised or speechless expression, and the man is still mimicking a cat on the floor."
      }
    ],
    "whole_video_annotation": "The video appears to be a lighthearted and humorous depiction of a father-daughter interaction. Initially, the scene is set in a kitchen where a young girl in a blue dress is standing and looking at a man who is leaning over an open oven door. A text overlay indicates that the daughter has asked if she could have a cat.\n\nThe scene then shifts to a living room where the girl is sitting on a red couch, looking at the camera with a surprised or speechless expression. The man is lying on the floor in front of the couch, mimicking a cat. This pose is maintained for several frames, suggesting a playful and amusing moment between the father and daughter.\n\nIn response to the user's question: \"Does the daughter seem speechless with her father at the end?\"\u2014yes, the daughter appears to be speechless or surprised, as indicated by her expression while sitting on the couch and observing her father mimicking a cat.",
    "annotations_summary": "The video depicts a humorous interaction between a young girl and a man, presumably her father. The video begins in a kitchen where the girl, dressed in blue, watches the man leaning over an open oven. A text overlay reveals that the girl has asked if she could have a cat.\n\nThe scene then transitions to a living room, where the girl sits on a red couch, looking surprised or speechless. The man lies on the floor in front of her, mimicking a cat. This playful and amusing pose is maintained for several seconds, highlighting the lighthearted and entertaining nature of their interaction. The daughter's expression suggests she is speechless or surprised by her father's antics."
  }
}