{
  "qid": "1318-7",
  "video_id": "3i4wmfNpqRg",
  "video_path": "videos\\1318_3i4wmfNpqRg.mp4",
  "main_question": "What are the daughter's emotions at the end of the video?\nA. Confused\nB. Excited\nC. Speechless\nD. Amused",
  "sub_questions": "To better understand the daughter's emotions at the end of the video, consider the following sub-questions:\n\n1. **What is the context or situation leading up to the end of the video?**\n   - Understanding the events or actions that occur before the final scene can provide insight into why the daughter might be feeling a certain way.\n\n2. **What is the daughter's body language and facial expression at the end of the video?**\n   - Non-verbal cues can often reveal emotions more clearly than words. Observing her posture, gestures, and facial expressions can help determine her emotional state.\n\n3. **Are there any significant reactions or interactions from other people in the video that might influence the daughter's emotions?**\n   - The presence and reactions of others can greatly impact the daughter's feelings. Noticing how others respond can provide additional context for her emotional state.",
  "annotations": {
    "frame_annotations": [
      {
        "timestamp": 0.0,
        "annotation": "A young girl in a blue dress is standing in a kitchen. She is looking at a man who is leaning over a kitchen counter. The man appears to be washing dishes. There is text overlay that reads 'My daughter asked if she could have a cat'."
      },
      {
        "timestamp": 1.0,
        "annotation": "The scene is the same as the previous frame. The girl is still looking at the man, who is still washing dishes. No noticeable change."
      },
      {
        "timestamp": 2.0,
        "annotation": "The scene is the same as the previous frame. The girl is still looking at the man, who is still washing dishes. No noticeable change."
      },
      {
        "timestamp": 3.0,
        "annotation": "The scene is the same as the previous frame. The girl is still looking at the man, who is still washing dishes. No noticeable change."
      },
      {
        "timestamp": 4.0,
        "annotation": "The scene is the same as the previous frame. The girl is still looking at the man, who is still washing dishes. No noticeable change."
      },
      {
        "timestamp": 5.0,
        "annotation": "The scene is the same as the previous frame. The girl is still looking at the man, who is still washing dishes. No noticeable change."
      },
      {
        "timestamp": 6.0,
        "annotation": "The scene is the same as the previous frame. The girl is still looking at the man, who is still washing dishes. No noticeable change."
      },
      {
        "timestamp": 7.0,
        "annotation": "The scene is the same as the previous frame. The girl is still looking at the man, who is still washing dishes. No noticeable change."
      },
      {
        "timestamp": 8.0,
        "annotation": "The scene is the same as the previous frame. The girl is still looking at the man, who is still washing dishes. No noticeable change."
      },
      {
        "timestamp": 9.0,
        "annotation": "The scene changes. The girl is now sitting on a red couch. The man is lying on the floor in front of her, mimicking a cat. The girl appears to be amused."
      },
      {
        "timestamp": 10.0,
        "annotation": "The scene remains the same. The girl is still sitting on the red couch. The man continues to lie on the floor in front of her, mimicking a cat. The girl still appears to be amused."
      },
      {
        "timestamp": 11.0,
        "annotation": "The scene remains the same. The girl is still sitting on the red couch. The man continues to lie on the floor in front of her, mimicking a cat. The girl still appears to be amused."
      },
      {
        "timestamp": 12.0,
        "annotation": "The scene remains the same. The girl is still sitting on the red couch. The man continues to lie on the floor in front of her, mimicking a cat. The girl still appears to be amused."
      },
      {
        "timestamp": 13.0,
        "annotation": "The scene remains the same. The girl is still sitting on the red couch. The man continues to lie on the floor in front of her, mimicking a cat. The girl still appears to be amused."
      },
      {
        "timestamp": 14.0,
        "annotation": "The scene remains the same. The girl is still sitting on the red couch. The man continues to lie on the floor in front of her, mimicking a cat. The girl still appears to be amused."
      },
      {
        "timestamp": 15.0,
        "annotation": "The scene remains the same. The girl is still sitting on the red couch. The man continues to lie on the floor in front of her, mimicking a cat. The girl still appears to be amused."
      },
      {
        "timestamp": 16.0,
        "annotation": "The scene remains the same. The girl is still sitting on the red couch. The man continues to lie on the floor in front of her, mimicking a cat. The girl still appears to be amused."
      }
    ],
    "whole_video_annotation": "The video depicts a young girl interacting with a man, likely her father, in two different scenes. Initially, the girl is standing in a kitchen, watching the man wash dishes. After a few seconds, the scene shifts to a living room where the girl is sitting on a red couch. The man lies on the floor in front of her, mimicking a cat. Throughout this second scene, the girl appears to be amused by the man's antics.\n\nBased on the description, the daughter's emotions at the end of the video are:\n\nD. Amused",
    "annotations_summary": "The video features a young girl and a man, presumably her father, in two distinct scenes. Initially, the girl stands in a kitchen, observing the man as he washes dishes. This scene lasts for about 9 seconds. The scene then transitions to a living room, where the girl sits on a red couch. The man lies on the floor in front of her, mimicking a cat. Throughout this second scene, which lasts for approximately 8 seconds, the girl appears amused by the man's playful behavior. The text overlay at the beginning of the video reads, \"My daughter asked if she could have a cat.\""
  }
}