{
  "qid": "1324-0",
  "video_id": "L9dnb-wfsnc",
  "video_path": "videos\\1324_L9dnb-wfsnc.mp4",
  "main_question": "What is the mood of the man and woman at the end of the video? Why is this sentiment caused?",
  "sub_questions": "To better understand the video and answer the main question about the mood of the man and woman at the end, consider the following sub-questions:\n\n1. **What are the key events or interactions that occur between the man and woman throughout the video?**\n   - Understanding the sequence of events can help identify what leads to their final moods.\n\n2. **Are there any significant changes in the environment or context that might influence their moods?**\n   - Changes in setting, such as moving from a stressful to a relaxing environment, can affect their sentiments.\n\n3. **How do the man and woman express their emotions verbally and non-verbally at different points in the video?**\n   - Observing their body language, facial expressions, and tone of voice can provide clues about their emotional states.",
  "annotations": {
    "frame_annotations": [
      {
        "timestamp": 0.0,
        "annotation": "A man and a woman are sitting on a couch in a living room. The man is wearing a blue hoodie and the woman is wearing a light blue tank top. They appear to be engaged in a light-hearted conversation. The room has a bookshelf in the background filled with various items."
      },
      {
        "timestamp": 0.97,
        "annotation": "The woman is now holding an apple in her hand and smiling. The man is still sitting next to her, looking relaxed. No significant change in their positions."
      },
      {
        "timestamp": 1.94,
        "annotation": "The woman is now taking a bite out of the apple. The man is still in the same position, looking slightly amused. The woman's expression is cheerful."
      },
      {
        "timestamp": 2.9,
        "annotation": "The man is now holding a banana in his hand. The woman is still eating her apple and smiling. The man's expression is neutral."
      },
      {
        "timestamp": 3.87,
        "annotation": "The man is peeling the banana. The woman continues to eat her apple, her expression remains cheerful. The man's focus is on the banana."
      },
      {
        "timestamp": 4.84,
        "annotation": "The man is now eating the banana. The woman is still eating her apple. Both appear to be enjoying their snacks. The man's expression is relaxed."
      },
      {
        "timestamp": 5.81,
        "annotation": "The woman is now holding a tissue in her hand, possibly wiping her mouth. The man continues to eat his banana. The woman's expression is neutral."
      },
      {
        "timestamp": 6.77,
        "annotation": "The woman is now looking slightly bored or disinterested. The man is still eating his banana. The woman's posture has slightly changed, indicating a shift in her mood."
      },
      {
        "timestamp": 7.74,
        "annotation": "The woman is now looking directly at the camera with a neutral expression. The man is still eating his banana. The woman's posture remains relaxed but less engaged."
      },
      {
        "timestamp": 8.71,
        "annotation": "The woman is now laughing, seemingly amused by something. The man is still eating his banana, looking slightly amused as well. The woman's expression is cheerful again."
      },
      {
        "timestamp": 9.68,
        "annotation": "The woman is still laughing, looking amused. The man continues to eat his banana, appearing slightly amused as well. The scene remains cheerful."
      },
      {
        "timestamp": 10.64,
        "annotation": "The woman's laughter seems to be subsiding slightly, but she still looks amused. The man is still eating his banana, maintaining a slightly amused expression. The atmosphere remains light-hearted."
      },
      {
        "timestamp": 11.61,
        "annotation": "The woman's expression is more neutral now, but she still holds a slight smile. The man is nearing the end of his banana, still looking slightly amused. The cheerful mood continues."
      },
      {
        "timestamp": 12.58,
        "annotation": "The woman is now looking directly at the camera with a neutral expression. The man has finished his banana and is looking slightly puzzled. The mood shifts slightly towards curiosity."
      },
      {
        "timestamp": 13.55,
        "annotation": "The woman's expression turns slightly confused or surprised as she looks at something off-camera. The man's puzzled look intensifies. The mood becomes more intrigued."
      },
      {
        "timestamp": 14.51,
        "annotation": "The woman's confusion or surprise deepens as she reacts to something off-camera. The man's expression remains puzzled. The mood is now one of anticipation or curiosity."
      },
      {
        "timestamp": 15.48,
        "annotation": "The woman's expression changes to one of mild disgust or surprise as she looks at an object in her hand. The man's puzzled look persists. The mood shifts to mild surprise."
      },
      {
        "timestamp": 16.45,
        "annotation": "The woman is now laughing again, seemingly amused by the object in her hand. The man looks slightly amused as well. The cheerful mood returns."
      },
      {
        "timestamp": 17.42,
        "annotation": "The woman's laughter continues, and she appears highly amused. The man is also laughing, looking entertained. The mood is light-hearted and cheerful."
      },
      {
        "timestamp": 18.39,
        "annotation": "The woman is still laughing, enjoying the moment. The man is laughing as well, sharing in the amusement. The mood is joyful and amusing."
      },
      {
        "timestamp": 19.35,
        "annotation": "The woman is still laughing, enjoying the moment. The man is laughing as well, sharing in the amusement. The mood is joyful and amusing."
      },
      {
        "timestamp": 20.32,
        "annotation": "The woman is still laughing, enjoying the moment. The man is laughing as well, sharing in the amusement. The mood is joyful and amusing. The woman is now holding a small white dog, which seems to be adding to the joyful atmosphere."
      },
      {
        "timestamp": 21.29,
        "annotation": "The woman continues to laugh while petting the small white dog. The man is still laughing, enjoying the interaction with the dog. The mood remains joyful and amusing."
      },
      {
        "timestamp": 22.26,
        "annotation": "The woman is now handing the small white dog to the man. Both are still laughing, enjoying the playful moment. The mood is lighthearted and amusing."
      },
      {
        "timestamp": 23.22,
        "annotation": "The man is now holding the small white dog, which is squirming slightly. The woman is still laughing, finding the situation amusing. The man appears to be trying to keep the dog calm. The mood is playful and humorous."
      },
      {
        "timestamp": 24.19,
        "annotation": "The man is struggling to hold the small white dog, which is now more active. The woman is laughing heartily, enjoying the man's predicament. The mood is humorous and entertaining."
      },
      {
        "timestamp": 25.16,
        "annotation": "The man is still trying to hold the small white dog, which is now more energetic. The woman is clapping her hands, laughing loudly. The mood is lively and amusing."
      },
      {
        "timestamp": 26.13,
        "annotation": "The man is now successfully holding the small white dog, which seems to have calmed down slightly. The woman is still laughing, enjoying the moment. The mood is lighthearted and joyful."
      },
      {
        "timestamp": 27.09,
        "annotation": "The man is petting the small white dog, which is now calm. The woman is smiling, still finding the situation amusing. The mood is peaceful and content."
      },
      {
        "timestamp": 28.06,
        "annotation": "The man is gently holding the small white dog, which is now relaxed. The woman is laughing softly, enjoying the peaceful moment. The mood is serene and joyful."
      }
    ],
    "whole_video_annotation": "### General Description of the Video\n\nThe video depicts a man and a woman sitting on a couch in a living room, engaging in a light-hearted conversation. Initially, they are both relaxed and cheerful, enjoying snacks\u2014an apple for the woman and a banana for the man. The mood shifts slightly when the woman becomes bored but quickly returns to cheerfulness as they both laugh at something off-camera. The mood becomes more intrigued and curious when they react to an object off-camera. The woman's expression changes to mild disgust or surprise, but she soon starts laughing again, finding the situation amusing. The man joins in the laughter. Towards the end, a small white dog is introduced, adding to the joyful atmosphere. The man struggles to hold the energetic dog, which leads to more laughter and amusement. Eventually, the dog calms down, and the mood becomes peaceful and content.\n\n### Mood at the End of the Video\n\nAt the end of the video, both the man and the woman are in a serene and joyful mood. They are laughing softly and enjoying the peaceful moment with the small white dog, which is now calm and relaxed.\n\n### Cause of the Sentiment\n\nThe sentiment is caused by the playful interaction with the small white dog. The initial amusement from the off-camera object and the subsequent struggle to hold the energetic dog led to a series of humorous moments. As the dog calms down, the mood shifts to a more serene and content state, with both individuals enjoying the peaceful interaction with the pet.",
    "annotations_summary": "### Summary of the Video Descriptions\n\nThe video shows a man and a woman sitting on a couch in a living room, enjoying a light-hearted conversation. They start by eating snacks\u2014an apple for the woman and a banana for the man\u2014while maintaining a cheerful and relaxed demeanor. The woman's mood briefly shifts to boredom but quickly returns to cheerfulness as they both laugh at something off-camera.\n\nThe atmosphere becomes more intrigued when they react to an object off-camera, with the woman initially showing mild disgust or surprise before laughing heartily. The man joins in the laughter, and the mood remains joyful and amusing.\n\nTowards the end of the video, a small white dog is introduced, adding to the joyful atmosphere. The man struggles to hold the energetic dog, leading to more laughter and amusement. As the dog calms down, the mood shifts to a serene and content state, with both individuals enjoying the peaceful interaction with the pet. The video concludes with the man and woman laughing softly and enjoying the peaceful moment with the calm dog."
  }
}