{
  "qid": "1329-0",
  "video_id": "x5JHiogS_nM",
  "video_path": "videos\\1329_x5JHiogS_nM.mp4",
  "main_question": "What is the mood of the woman at the end of the video? Why\uff1f",
  "sub_questions": "To better understand the mood of the woman at the end of the video, consider the following sub-questions:\n\n1. **What events or actions occur in the video leading up to the end?**\n   - Understanding the sequence of events can provide context for her final mood.\n\n2. **What is the woman's demeanor and body language throughout the video?**\n   - Observing her non-verbal cues can give insights into her emotional state.\n\n3. **Are there any significant changes in the environment or interactions with others in the video?**\n   - Changes in the setting or interactions can influence her mood by the end of the video.",
  "annotations": {
    "frame_annotations": [
      {
        "timestamp": 0.0,
        "annotation": "A woman is lying on an exercise mat in a living room. She is in a plank position. The room has a sofa, a dining table, and various household items."
      },
      {
        "timestamp": 1.0,
        "annotation": "The woman remains in the plank position. A man enters the frame from the right side, walking towards the woman."
      },
      {
        "timestamp": 2.0,
        "annotation": "The man is now closer to the woman, still walking towards her. The woman is still in the plank position."
      },
      {
        "timestamp": 3.0,
        "annotation": "The man is now directly behind the woman, who is still in the plank position. The man appears to be looking at the woman."
      },
      {
        "timestamp": 4.0,
        "annotation": "The man bends down and picks up a child who was previously unseen. The woman remains in the plank position."
      },
      {
        "timestamp": 5.0,
        "annotation": "The man is holding the child in his arms. The child is looking at the woman, who is still in the plank position."
      },
      {
        "timestamp": 6.0,
        "annotation": "The man is now walking away from the woman with the child in his arms. The woman remains in the plank position."
      },
      {
        "timestamp": 7.0,
        "annotation": "The man sets the child down on the floor. The woman is still in the plank position."
      },
      {
        "timestamp": 8.0,
        "annotation": "The child is now standing and interacting with the man. The woman remains in the plank position."
      },
      {
        "timestamp": 9.0,
        "annotation": "The man is crouching down to interact with the child. The woman is still in the plank position."
      },
      {
        "timestamp": 10.0,
        "annotation": "The man is crouching down to interact with the child. The woman is still in the plank position."
      },
      {
        "timestamp": 11.0,
        "annotation": "The man is still crouching down, now holding a toy and showing it to the child. The woman remains in the plank position."
      },
      {
        "timestamp": 12.0,
        "annotation": "The man is still interacting with the child, who is now reaching out for the toy. The woman is still in the plank position."
      },
      {
        "timestamp": 13.0,
        "annotation": "The man is still crouching and interacting with the child. The woman is still in the plank position."
      },
      {
        "timestamp": 14.0,
        "annotation": "The man is still crouching and interacting with the child. The woman is still in the plank position."
      },
      {
        "timestamp": 15.0,
        "annotation": "The woman has started to get up from the plank position, looking towards the man and the child. The man is still interacting with the child."
      },
      {
        "timestamp": 16.0,
        "annotation": "The woman is now standing up and appears to be walking towards the man and the child. The man is still crouching and interacting with the child."
      }
    ],
    "whole_video_annotation": "In the video, a woman is seen performing a plank exercise in a living room. A man enters the frame, walks towards her, and picks up a child who was previously unseen. The man interacts with the child, showing them a toy, while the woman continues to hold the plank position. Towards the end of the video, the woman starts to get up and walks towards the man and the child.\n\nRegarding the mood of the woman at the end of the video, it is challenging to determine her exact emotions solely from the visual content provided. However, based on the actions observed, she appears to be transitioning from a focused exercise position to a more engaged and interactive stance with the man and the child. This could suggest a shift from concentration and effort to curiosity or interest in the interaction happening between the man and the child. Without additional context or facial expressions, it is speculative to pinpoint her exact mood, but she seems to be moving towards a more attentive and possibly affectionate state.",
    "annotations_summary": "The video depicts a woman performing a plank exercise in a living room. Throughout most of the video, she maintains the plank position while a man enters the frame, picks up a previously unseen child, and interacts with the child using a toy. The woman remains focused on her exercise until the end of the video, when she starts to get up and walks towards the man and the child, suggesting a shift from concentration to curiosity or interest in their interaction. The living room is furnished with a sofa, a dining table, and various household items."
  }
}